location,latitude,longitude,forecast_issue_time,target_time,forecast_time_hours,start_step_hours,end_step_hours,control_forecast,ensemble_mean,ensemble_median,ensemble_min,ensemble_max,ensemble_spread,observed_rainfall_mm,control_error,ensemble_mean_error,absolute_control_error,absolute_ensemble_mean_error,event_significant,bust,bust_type,month,season,control_vs_ensemble,relative_spread,ensemble_range_ratio,forecast_intensity
Chennai,13.0827,80.2707,2000-01-01,2000-01-01 03:00:00,0,0,3,0.19,0.19,0.19,0.19,0.19,0.0,0.0028610229492187,0.1871389770507813,0.1871389770507813,0.1871389770507813,0.1871389770507813,False,0,normal,1,winter,0.0,0.0,0.0,0.19
Chennai,13.0827,80.2707,2000-01-01,2000-01-01 09:00:00,6,6,9,0.1,0.04,0.0,0.0,0.1,0.1,0.0,0.1,0.04,0.1,0.04,False,0,normal,1,winter,0.060000000000000005,0.7142857142857143,0.7142857142857143,0.04
Chennai,13.0827,80.2707,2000-01-01,2000-01-01 15:00:00,12,12,15,0.03,0.01,0.0,0.0,0.03,0.03,0.0,0.03,0.01,0.03,0.01,False,0,normal,1,winter,0.019999999999999997,0.2727272727272727,0.2727272727272727,0.01
Chennai,13.0827,80.2707,2000-01-01,2000-01-01 21:00:00,18,18,21,0.13,0.066,0.1,0.0,0.13,0.13,0.0,0.13,0.066,0.13,0.066,False,0,normal,1,winter,0.064,0.7831325301204819,0.7831325301204819,0.066
Chennai,13.0827,80.2707,2000-01-01,2000-01-02 03:00:00,24,24,27,0.1,0.08,0.1,0.0,0.2,0.2,0.0066757202148437,0.0933242797851563,0.0733242797851563,0.0933242797851563,0.0733242797851563,False,0,normal,1,winter,0.020000000000000004,1.1111111111111112,1.1111111111111112,0.08
Chennai,13.0827,80.2707,2000-01-01,2000-01-02 09:00:00,30,30,33,0.01,0.086,0.01,0.0,0.29,0.29,0.0,0.01,0.086,0.01,0.086,False,0,normal,1,winter,-0.076,1.5591397849462365,1.5591397849462365,0.086
Chennai,13.0827,80.2707,2000-01-01,2000-01-02 15:00:00,36,36,39,0.0,0.074,0.0,0.0,0.37,0.37,0.0181198120117187,-0.0181198120117187,0.0558801879882812,0.0181198120117187,0.0558801879882812,False,0,normal,1,winter,-0.074,2.1264367816091956,2.1264367816091956,0.074
Chennai,13.0827,80.2707,2000-01-01,2000-01-02 21:00:00,42,42,45,0.0,0.0,0.0,0.0,0.0,0.0,0.0,0.0,0.0,0.0,0.0,False,0,normal,1,winter,0.0,0.0,0.0,0.0
Chennai,13.0827,80.2707,2000-01-01,2000-01-03 03:00:00,48,48,51,0.0,0.0,0.0,0.0,0.0,0.0,0.0,0.0,0.0,0.0,0.0,False,0,normal,1,winter,0.0,0.0,0.0,0.0
Chennai,13.0827,80.2707,2000-01-01,2000-01-03 09:00:00,54,54,57,0.0,0.052,0.0,0.0,0.26,0.26,0.0,0.0,0.052,0.0,0.052,False,0,normal,1,winter,-0.052,1.710526315789474,1.710526315789474,0.052
Chennai,13.0827,80.2707,2000-01-01,2000-01-03 15:00:00,60,60,63,0.0,0.0,0.0,0.0,0.0,0.0,0.0,0.0,0.0,0.0,0.0,False,0,normal,1,winter,0.0,0.0,0.0,0.0
Chennai,13.0827,80.2707,2000-01-01,2000-01-03 21:00:00,66,66,69,0.0,0.0,0.0,0.0,0.0,0.0,0.0,0.0,0.0,0.0,0.0,False,0,normal,1,winter,0.0,0.0,0.0,0.0
Chennai,13.0827,80.2707,2000-01-01,2000-01-04 03:00:00,72,72,75,0.0,0.0,0.0,0.0,0.0,0.0,0.0,0.0,0.0,0.0,0.0,False,0,normal,1,winter,0.0,0.0,0.0,0.0
Chennai,13.0827,80.2707,2000-01-01,2000-01-04 09:00:00,78,78,81,0.0,0.004,0.0,0.0,0.02,0.02,0.0,0.0,0.004,0.0,0.004,False,0,normal,1,winter,-0.004,0.1923076923076923,0.1923076923076923,0.004
Chennai,13.0827,80.2707,2000-01-01,2000-01-04 15:00:00,84,84,87,0.0,0.0,0.0,0.0,0.0,0.0,0.0,0.0,0.0,0.0,0.0,False,0,normal,1,winter,0.0,0.0,0.0,0.0
Chennai,13.0827,80.2707,2000-01-01,2000-01-04 21:00:00,90,90,93,0.0,0.0,0.0,0.0,0.0,0.0,0.0810623168945312,-0.0810623168945312,-0.0810623168945312,0.0810623168945312,0.0810623168945312,False,0,normal,1,winter,0.0,0.0,0.0,0.0
Chennai,13.0827,80.2707,2000-01-01,2000-01-05 03:00:00,96,96,99,0.0,0.0,0.0,0.0,0.0,0.0,0.1368522644042968,-0.1368522644042968,-0.1368522644042968,0.1368522644042968,0.1368522644042968,False,0,normal,1,winter,0.0,0.0,0.0,0.0
Chennai,13.0827,80.2707,2000-01-01,2000-01-05 09:00:00,102,102,105,0.0,0.0,0.0,0.0,0.0,0.0,0.347137451171875,-0.347137451171875,-0.347137451171875,0.347137451171875,0.347137451171875,False,0,normal,1,winter,0.0,0.0,0.0,0.0
Chennai,13.0827,80.2707,2000-01-01,2000-01-05 15:00:00,108,108,111,0.0,0.0,0.0,0.0,0.0,0.0,0.0195503234863281,-0.0195503234863281,-0.0195503234863281,0.0195503234863281,0.0195503234863281,False,0,normal,1,winter,0.0,0.0,0.0,0.0
Chennai,13.0827,80.2707,2000-01-01,2000-01-05 21:00:00,114,114,117,0.0,0.0,0.0,0.0,0.0,0.0,0.3414154052734375,-0.3414154052734375,-0.3414154052734375,0.3414154052734375,0.3414154052734375,False,0,normal,1,winter,0.0,0.0,0.0,0.0
Chennai,13.0827,80.2707,2000-01-01,2000-01-06 03:00:00,120,120,123,0.0,0.0,0.0,0.0,0.0,0.0,0.0872611999511718,-0.0872611999511718,-0.0872611999511718,0.0872611999511718,0.0872611999511718,False,0,normal,1,winter,0.0,0.0,0.0,0.0
Chennai,13.0827,80.2707,2000-01-01,2000-01-06 09:00:00,126,126,129,0.0,0.4639999999999999,0.0,0.0,2.32,2.32,0.3180503845214844,-0.3180503845214844,0.1459496154785155,0.3180503845214844,0.1459496154785155,False,0,normal,1,winter,-0.4639999999999999,4.113475177304965,4.113475177304965,0.4639999999999999
Chennai,13.0827,80.2707,2000-01-01,2000-01-06 15:00:00,132,132,135,0.0,0.098,0.0,0.0,0.49,0.49,0.0,0.0,0.098,0.0,0.098,False,0,normal,1,winter,-0.098,2.4747474747474745,2.4747474747474745,0.098
Chennai,13.0827,80.2707,2000-01-01,2000-01-06 21:00:00,138,138,141,0.0,0.03,0.0,0.0,0.15,0.15,0.0009536743164062,-0.0009536743164062,0.0290463256835937,0.0009536743164062,0.0290463256835937,False,0,normal,1,winter,-0.03,1.1538461538461537,1.1538461538461537,0.03
Chennai,13.0827,80.2707,2000-01-01,2000-01-07 03:00:00,144,144,147,0.0,1.64,0.0,0.0,8.200000000000001,8.200000000000001,0.0,0.0,1.64,0.0,1.64,False,0,normal,1,winter,-1.64,4.71264367816092,4.71264367816092,1.64
Chennai,13.0827,80.2707,2000-01-01,2000-01-07 09:00:00,150,150,153,0.0,0.726,0.0,0.0,3.6,3.6,0.0,0.0,0.726,0.0,0.726,False,0,normal,1,winter,-0.726,4.358353510895884,4.358353510895884,0.726
Chennai,13.0827,80.2707,2000-01-01,2000-01-07 15:00:00,156,156,159,0.0,0.03,0.0,0.0,0.1,0.1,0.0,0.0,0.03,0.0,0.03,False,0,normal,1,winter,-0.03,0.7692307692307693,0.7692307692307693,0.03
Chennai,13.0827,80.2707,2000-01-01,2000-01-07 21:00:00,162,162,165,0.0,0.122,0.0,0.0,0.6000000000000001,0.6000000000000001,0.0009536743164062,-0.0009536743164062,0.1210463256835938,0.0009536743164062,0.1210463256835938,False,0,normal,1,winter,-0.122,2.702702702702703,2.702702702702703,0.122
Chennai,13.0827,80.2707,2000-01-01,2000-01-08 03:00:00,168,168,171,0.0,0.228,0.0,0.0,1.1,1.1,0.00762939453125,-0.00762939453125,0.22037060546875,0.00762939453125,0.22037060546875,False,0,normal,1,winter,-0.228,3.353658536585366,3.353658536585366,0.228
Chennai,13.0827,80.2707,2000-01-01,2000-01-08 09:00:00,174,174,177,0.01,0.124,0.04,0.0,0.52,0.52,0.0028610229492187,0.0071389770507813,0.1211389770507813,0.0071389770507813,0.1211389770507813,False,0,normal,1,winter,-0.114,2.3214285714285716,2.3214285714285716,0.124
Chennai,13.0827,80.2707,2000-01-01,2000-01-08 15:00:00,180,180,183,0.0,0.06,0.0,0.0,0.3,0.3,0.0,0.0,0.06,0.0,0.06,False,0,normal,1,winter,-0.06,1.875,1.875,0.06
Chennai,13.0827,80.2707,2000-01-01,2000-01-08 21:00:00,186,186,189,0.0,0.49,0.0,0.0,2.45,2.45,0.0157356262207031,-0.0157356262207031,0.4742643737792968,0.0157356262207031,0.4742643737792968,False,0,normal,1,winter,-0.49,4.152542372881356,4.152542372881356,0.49
Chennai,13.0827,80.2707,2000-01-01,2000-01-09 03:00:00,192,192,195,0.0,1.862,2.1,0.0,3.71,3.71,0.0147819519042968,-0.0147819519042968,1.8472180480957032,0.0147819519042968,1.8472180480957032,False,0,normal,1,winter,-1.862,1.8909276248725788,1.8909276248725788,1.862
Chennai,13.0827,80.2707,2000-01-01,2000-01-09 09:00:00,198,198,201,0.0,1.644,0.75,0.0,4.67,4.67,0.0715255737304687,-0.0715255737304687,1.5724744262695312,0.0715255737304687,1.5724744262695312,False,0,normal,1,winter,-1.644,2.677752293577982,2.677752293577982,1.644
Chennai,13.0827,80.2707,2000-01-01,2000-01-09 15:00:00,204,204,207,0.0,1.56,0.4,0.0,5.5,5.5,0.0,0.0,1.56,0.0,1.56,False,0,normal,1,winter,-1.56,3.3132530120481927,3.3132530120481927,1.56
Chennai,13.0827,80.2707,2000-01-01,2000-01-09 21:00:00,210,210,213,0.0,0.388,0.02,0.0,1.42,1.42,0.0,0.0,0.388,0.0,0.388,False,0,normal,1,winter,-0.388,2.9098360655737703,2.9098360655737703,0.388
Chennai,13.0827,80.2707,2000-01-01,2000-01-10 03:00:00,216,216,219,0.0,3.296,0.0,0.0,15.78,15.78,1.0390281677246094,-1.0390281677246094,2.2569718322753904,1.0390281677246094,2.2569718322753904,True,0,normal,1,winter,-3.296,4.646643109540636,4.646643109540636,3.296
Chennai,13.0827,80.2707,2000-01-01,2000-01-10 09:00:00,222,222,225,0.0,4.25,0.0,0.0,21.0,21.0,0.2055168151855468,-0.2055168151855468,4.044483184814453,0.2055168151855468,4.044483184814453,False,0,normal,1,winter,-4.25,4.8275862068965525,4.8275862068965525,4.25
Chennai,13.0827,80.2707,2000-01-01,2000-01-10 15:00:00,228,228,231,0.0,2.66,0.0,0.0,13.2,13.2,0.0,0.0,2.66,0.0,2.66,False,0,normal,1,winter,-2.66,4.782608695652173,4.782608695652173,2.66
Chennai,13.0827,80.2707,2000-01-01,2000-01-10 21:00:00,234,234,237,0.0,1.238,0.0,0.0,5.26,5.26,0.0019073486328125,-0.0019073486328125,1.2360926513671875,0.0019073486328125,1.2360926513671875,False,0,normal,1,winter,-1.238,3.9312406576980563,3.9312406576980563,1.238
Chennai,13.0827,80.2707,2000-01-19,2000-01-19 03:00:00,0,0,3,0.0,0.0,0.0,0.0,0.0,0.0,0.0,0.0,0.0,0.0,0.0,False,0,normal,1,winter,0.0,0.0,0.0,0.0
Chennai,13.0827,80.2707,2000-01-19,2000-01-19 09:00:00,6,6,9,0.0,0.0,0.0,0.0,0.0,0.0,0.00762939453125,-0.00762939453125,-0.00762939453125,0.00762939453125,0.00762939453125,False,0,normal,1,winter,0.0,0.0,0.0,0.0
Chennai,13.0827,80.2707,2000-01-19,2000-01-19 15:00:00,12,12,15,0.0,0.0,0.0,0.0,0.0,0.0,0.0,0.0,0.0,0.0,0.0,False,0,normal,1,winter,0.0,0.0,0.0,0.0
Chennai,13.0827,80.2707,2000-01-19,2000-01-19 21:00:00,18,18,21,0.0,0.0,0.0,0.0,0.0,0.0,0.0,0.0,0.0,0.0,0.0,False,0,normal,1,winter,0.0,0.0,0.0,0.0
Chennai,13.0827,80.2707,2000-01-19,2000-01-20 03:00:00,24,24,27,0.0,0.0,0.0,0.0,0.0,0.0,0.0162124633789062,-0.0162124633789062,-0.0162124633789062,0.0162124633789062,0.0162124633789062,False,0,normal,1,winter,0.0,0.0,0.0,0.0
Chennai,13.0827,80.2707,2000-01-19,2000-01-20 09:00:00,30,30,33,0.0,0.0,0.0,0.0,0.0,0.0,0.0,0.0,0.0,0.0,0.0,False,0,normal,1,winter,0.0,0.0,0.0,0.0
Chennai,13.0827,80.2707,2000-01-19,2000-01-20 15:00:00,36,36,39,0.0,0.0,0.0,0.0,0.0,0.0,0.0,0.0,0.0,0.0,0.0,False,0,normal,1,winter,0.0,0.0,0.0,0.0
Chennai,13.0827,80.2707,2000-01-19,2000-01-20 21:00:00,42,42,45,0.0,0.0,0.0,0.0,0.0,0.0,0.0,0.0,0.0,0.0,0.0,False,0,normal,1,winter,0.0,0.0,0.0,0.0
Chennai,13.0827,80.2707,2000-01-19,2000-01-21 03:00:00,48,48,51,0.0,0.0,0.0,0.0,0.0,0.0,0.0052452087402343,-0.0052452087402343,-0.0052452087402343,0.0052452087402343,0.0052452087402343,False,0,normal,1,winter,0.0,0.0,0.0,0.0
Chennai,13.0827,80.2707,2000-01-19,2000-01-21 09:00:00,54,54,57,0.0,0.0,0.0,0.0,0.0,0.0,0.0,0.0,0.0,0.0,0.0,False,0,normal,1,winter,0.0,0.0,0.0,0.0
Chennai,13.0827,80.2707,2000-01-19,2000-01-21 15:00:00,60,60,63,0.0,0.0,0.0,0.0,0.0,0.0,0.0,0.0,0.0,0.0,0.0,False,0,normal,1,winter,0.0,0.0,0.0,0.0
Chennai,13.0827,80.2707,2000-01-19,2000-01-21 21:00:00,66,66,69,0.0,0.0,0.0,0.0,0.0,0.0,0.0,0.0,0.0,0.0,0.0,False,0,normal,1,winter,0.0,0.0,0.0,0.0
Chennai,13.0827,80.2707,2000-01-19,2000-01-22 03:00:00,72,72,75,0.0,0.0,0.0,0.0,0.0,0.0,0.026702880859375,-0.026702880859375,-0.026702880859375,0.026702880859375,0.026702880859375,False,0,normal,1,winter,0.0,0.0,0.0,0.0
Chennai,13.0827,80.2707,2000-01-19,2000-01-22 09:00:00,78,78,81,0.0,0.0,0.0,0.0,0.0,0.0,0.0,0.0,0.0,0.0,0.0,False,0,normal,1,winter,0.0,0.0,0.0,0.0
Chennai,13.0827,80.2707,2000-01-19,2000-01-22 15:00:00,84,84,87,0.0,0.0,0.0,0.0,0.0,0.0,0.0,0.0,0.0,0.0,0.0,False,0,normal,1,winter,0.0,0.0,0.0,0.0
Chennai,13.0827,80.2707,2000-01-19,2000-01-22 21:00:00,90,90,93,0.0,0.0,0.0,0.0,0.0,0.0,0.0,0.0,0.0,0.0,0.0,False,0,normal,1,winter,0.0,0.0,0.0,0.0
Chennai,13.0827,80.2707,2000-01-19,2000-01-23 03:00:00,96,96,99,0.0,0.0,0.0,0.0,0.0,0.0,0.0069141387939453,-0.0069141387939453,-0.0069141387939453,0.0069141387939453,0.0069141387939453,False,0,normal,1,winter,0.0,0.0,0.0,0.0
Chennai,13.0827,80.2707,2000-01-19,2000-01-23 09:00:00,102,102,105,0.0,0.0,0.0,0.0,0.0,0.0,0.0,0.0,0.0,0.0,0.0,False,0,normal,1,winter,0.0,0.0,0.0,0.0
Chennai,13.0827,80.2707,2000-01-19,2000-01-23 15:00:00,108,108,111,0.0,0.0,0.0,0.0,0.0,0.0,0.0,0.0,0.0,0.0,0.0,False,0,normal,1,winter,0.0,0.0,0.0,0.0
Chennai,13.0827,80.2707,2000-01-19,2000-01-23 21:00:00,114,114,117,0.0,0.0,0.0,0.0,0.0,0.0,0.0,0.0,0.0,0.0,0.0,False,0,normal,1,winter,0.0,0.0,0.0,0.0
Chennai,13.0827,80.2707,2000-01-19,2000-01-24 03:00:00,120,120,123,0.0,0.0,0.0,0.0,0.0,0.0,0.0,0.0,0.0,0.0,0.0,False,0,normal,1,winter,0.0,0.0,0.0,0.0
Chennai,13.0827,80.2707,2000-01-19,2000-01-24 09:00:00,126,126,129,0.0,0.0,0.0,0.0,0.0,0.0,0.0,0.0,0.0,0.0,0.0,False,0,normal,1,winter,0.0,0.0,0.0,0.0
Chennai,13.0827,80.2707,2000-01-19,2000-01-24 15:00:00,132,132,135,0.0,0.0,0.0,0.0,0.0,0.0,0.0,0.0,0.0,0.0,0.0,False,0,normal,1,winter,0.0,0.0,0.0,0.0
Chennai,13.0827,80.2707,2000-01-19,2000-01-24 21:00:00,138,138,141,0.0,0.0,0.0,0.0,0.0,0.0,0.0,0.0,0.0,0.0,0.0,False,0,normal,1,winter,0.0,0.0,0.0,0.0
Chennai,13.0827,80.2707,2000-01-19,2000-01-25 03:00:00,144,144,147,0.0,0.0,0.0,0.0,0.0,0.0,0.0004768371582031,-0.0004768371582031,-0.0004768371582031,0.0004768371582031,0.0004768371582031,False,0,normal,1,winter,0.0,0.0,0.0,0.0
Chennai,13.0827,80.2707,2000-01-19,2000-01-25 09:00:00,150,150,153,0.0,0.0,0.0,0.0,0.0,0.0,0.003814697265625,-0.003814697265625,-0.003814697265625,0.003814697265625,0.003814697265625,False,0,normal,1,winter,0.0,0.0,0.0,0.0
Chennai,13.0827,80.2707,2000-01-19,2000-01-25 15:00:00,156,156,159,0.0,0.0,0.0,0.0,0.0,0.0,0.0,0.0,0.0,0.0,0.0,False,0,normal,1,winter,0.0,0.0,0.0,0.0
Chennai,13.0827,80.2707,2000-01-19,2000-01-25 21:00:00,162,162,165,0.0,0.0,0.0,0.0,0.0,0.0,0.0,0.0,0.0,0.0,0.0,False,0,normal,1,winter,0.0,0.0,0.0,0.0
Chennai,13.0827,80.2707,2000-01-19,2000-01-26 03:00:00,168,168,171,0.0,0.0,0.0,0.0,0.0,0.0,0.0324249267578125,-0.0324249267578125,-0.0324249267578125,0.0324249267578125,0.0324249267578125,False,0,normal,1,winter,0.0,0.0,0.0,0.0
Chennai,13.0827,80.2707,2000-01-19,2000-01-26 09:00:00,174,174,177,0.0,0.0,0.0,0.0,0.0,0.0,0.0,0.0,0.0,0.0,0.0,False,0,normal,1,winter,0.0,0.0,0.0,0.0
Chennai,13.0827,80.2707,2000-01-19,2000-01-26 15:00:00,180,180,183,0.0,0.0,0.0,0.0,0.0,0.0,0.0,0.0,0.0,0.0,0.0,False,0,normal,1,winter,0.0,0.0,0.0,0.0
Chennai,13.0827,80.2707,2000-01-19,2000-01-26 21:00:00,186,186,189,0.0,0.0,0.0,0.0,0.0,0.0,0.0619888305664062,-0.0619888305664062,-0.0619888305664062,0.0619888305664062,0.0619888305664062,False,0,normal,1,winter,0.0,0.0,0.0,0.0
Chennai,13.0827,80.2707,2000-01-19,2000-01-27 03:00:00,192,192,195,0.0,0.0,0.0,0.0,0.0,0.0,0.0524520874023437,-0.0524520874023437,-0.0524520874023437,0.0524520874023437,0.0524520874023437,False,0,normal,1,winter,0.0,0.0,0.0,0.0
Chennai,13.0827,80.2707,2000-01-19,2000-01-27 09:00:00,198,198,201,0.0,0.004,0.0,0.0,0.02,0.02,0.0,0.0,0.004,0.0,0.004,False,0,normal,1,winter,-0.004,0.1923076923076923,0.1923076923076923,0.004
Chennai,13.0827,80.2707,2000-01-19,2000-01-27 15:00:00,204,204,207,0.0,0.0,0.0,0.0,0.0,0.0,0.0,0.0,0.0,0.0,0.0,False,0,normal,1,winter,0.0,0.0,0.0,0.0
Chennai,13.0827,80.2707,2000-01-19,2000-01-27 21:00:00,210,210,213,0.0,0.0,0.0,0.0,0.0,0.0,0.0,0.0,0.0,0.0,0.0,False,0,normal,1,winter,0.0,0.0,0.0,0.0
Chennai,13.0827,80.2707,2000-01-19,2000-01-28 03:00:00,216,216,219,0.0,0.0,0.0,0.0,0.0,0.0,0.0,0.0,0.0,0.0,0.0,False,0,normal,1,winter,0.0,0.0,0.0,0.0
Chennai,13.0827,80.2707,2000-01-19,2000-01-28 09:00:00,222,222,225,0.0,0.0,0.0,0.0,0.0,0.0,0.0,0.0,0.0,0.0,0.0,False,0,normal,1,winter,0.0,0.0,0.0,0.0
Chennai,13.0827,80.2707,2000-01-19,2000-01-28 15:00:00,228,228,231,0.0,0.0,0.0,0.0,0.0,0.0,0.0014305114746093,-0.0014305114746093,-0.0014305114746093,0.0014305114746093,0.0014305114746093,False,0,normal,1,winter,0.0,0.0,0.0,0.0
Chennai,13.0827,80.2707,2000-01-19,2000-01-28 21:00:00,234,234,237,0.0,0.0,0.0,0.0,0.0,0.0,0.0,0.0,0.0,0.0,0.0,False,0,normal,1,winter,0.0,0.0,0.0,0.0
Chennai,13.0827,80.2707,2000-01-30,2000-01-30 03:00:00,0,0,3,0.0,0.0,0.0,0.0,0.0,0.0,0.0066757202148437,-0.0066757202148437,-0.0066757202148437,0.0066757202148437,0.0066757202148437,False,0,normal,1,winter,0.0,0.0,0.0,0.0
Chennai,13.0827,80.2707,2000-01-30,2000-01-30 09:00:00,6,6,9,0.0,0.0,0.0,0.0,0.0,0.0,0.0,0.0,0.0,0.0,0.0,False,0,normal,1,winter,0.0,0.0,0.0,0.0
Chennai,13.0827,80.2707,2000-01-30,2000-01-30 15:00:00,12,12,15,0.0,0.0,0.0,0.0,0.0,0.0,0.0,0.0,0.0,0.0,0.0,False,0,normal,1,winter,0.0,0.0,0.0,0.0
Chennai,13.0827,80.2707,2000-01-30,2000-01-30 21:00:00,18,18,21,0.0,0.0,0.0,0.0,0.0,0.0,0.0,0.0,0.0,0.0,0.0,False,0,normal,1,winter,0.0,0.0,0.0,0.0
Chennai,13.0827,80.2707,2000-01-30,2000-01-31 03:00:00,24,24,27,0.0,0.0,0.0,0.0,0.0,0.0,0.0009536743164062,-0.0009536743164062,-0.0009536743164062,0.0009536743164062,0.0009536743164062,False,0,normal,1,winter,0.0,0.0,0.0,0.0
Chennai,13.0827,80.2707,2000-01-30,2000-01-31 09:00:00,30,30,33,0.0,0.0,0.0,0.0,0.0,0.0,0.0,0.0,0.0,0.0,0.0,False,0,normal,1,winter,0.0,0.0,0.0,0.0
Chennai,13.0827,80.2707,2000-01-30,2000-01-31 15:00:00,36,36,39,0.0,0.0,0.0,0.0,0.0,0.0,0.0,0.0,0.0,0.0,0.0,False,0,normal,1,winter,0.0,0.0,0.0,0.0
Chennai,13.0827,80.2707,2000-01-30,2000-01-31 21:00:00,42,42,45,0.0,0.004,0.0,0.0,0.02,0.02,0.0,0.0,0.004,0.0,0.004,False,0,normal,1,winter,-0.004,0.1923076923076923,0.1923076923076923,0.004
Chennai,13.0827,80.2707,2000-01-30,2000-02-01 03:00:00,48,48,51,0.0,0.038,0.0,0.0,0.18,0.18,0.0,0.0,0.038,0.0,0.038,False,0,normal,2,winter,-0.038,1.3043478260869563,1.3043478260869563,0.038
Chennai,13.0827,80.2707,2000-01-30,2000-02-01 09:00:00,54,54,57,0.0,0.0,0.0,0.0,0.0,0.0,0.0,0.0,0.0,0.0,0.0,False,0,normal,2,winter,0.0,0.0,0.0,0.0
Chennai,13.0827,80.2707,2000-01-30,2000-02-01 15:00:00,60,60,63,0.0,0.0,0.0,0.0,0.0,0.0,0.0,0.0,0.0,0.0,0.0,False,0,normal,2,winter,0.0,0.0,0.0,0.0
Chennai,13.0827,80.2707,2000-01-30,2000-02-01 21:00:00,66,66,69,0.0,0.01,0.0,0.0,0.05,0.05,0.0,0.0,0.01,0.0,0.01,False,0,normal,2,winter,-0.01,0.4545454545454546,0.4545454545454546,0.01
Chennai,13.0827,80.2707,2000-01-30,2000-02-02 03:00:00,72,72,75,0.0,0.06,0.0,0.0,0.3,0.3,0.0,0.0,0.06,0.0,0.06,False,0,normal,2,winter,-0.06,1.875,1.875,0.06
Chennai,13.0827,80.2707,2000-01-30,2000-02-02 09:00:00,78,78,81,0.0,0.008,0.0,0.0,0.02,0.02,0.0,0.0,0.008,0.0,0.008,False,0,normal,2,winter,-0.008,0.18518518518518517,0.18518518518518517,0.008
Chennai,13.0827,80.2707,2000-01-30,2000-02-02 15:00:00,84,84,87,0.0,0.01,0.0,0.0,0.05,0.05,0.0,0.0,0.01,0.0,0.01,False,0,normal,2,winter,-0.01,0.4545454545454546,0.4545454545454546,0.01
Chennai,13.0827,80.2707,2000-01-30,2000-02-02 21:00:00,90,90,93,0.0,0.392,0.0,0.0,1.94,1.94,0.0972747802734375,-0.0972747802734375,0.2947252197265625,0.0972747802734375,0.2947252197265625,False,0,normal,2,winter,-0.392,3.9430894308943087,3.9430894308943087,0.392
Chennai,13.0827,80.2707,2000-01-30,2000-02-03 03:00:00,96,96,99,0.4,0.084,0.0,0.0,0.4,0.4,0.2322196960449218,0.1677803039550782,-0.1482196960449218,0.1677803039550782,0.1482196960449218,False,0,normal,2,winter,0.316,2.173913043478261,2.173913043478261,0.084
Chennai,13.0827,80.2707,2000-01-30,2000-02-03 09:00:00,102,102,105,0.06,0.012,0.0,0.0,0.06,0.06,0.1759529113769531,-0.1159529113769531,-0.1639529113769531,0.1159529113769531,0.1639529113769531,False,0,normal,2,winter,0.048,0.5357142857142857,0.5357142857142857,0.012
Chennai,13.0827,80.2707,2000-01-30,2000-02-03 15:00:00,108,108,111,0.0,0.0,0.0,0.0,0.0,0.0,0.0338554382324218,-0.0338554382324218,-0.0338554382324218,0.0338554382324218,0.0338554382324218,False,0,normal,2,winter,0.0,0.0,0.0,0.0
Chennai,13.0827,80.2707,2000-01-30,2000-02-03 21:00:00,114,114,117,0.22,0.224,0.1,0.0,0.8,0.8,0.1578330993652343,0.0621669006347657,0.0661669006347657,0.0621669006347657,0.0661669006347657,False,0,normal,2,winter,-0.0040000000000000036,2.4691358024691357,2.4691358024691357,0.224
Chennai,13.0827,80.2707,2000-01-30,2000-02-04 03:00:00,120,120,123,0.75,0.19,0.0,0.0,0.75,0.75,0.2942085266113281,0.4557914733886719,-0.1042085266113281,0.4557914733886719,0.1042085266113281,False,0,normal,2,winter,0.56,2.5862068965517238,2.5862068965517238,0.19
Chennai,13.0827,80.2707,2000-01-30,2000-02-04 09:00:00,126,126,129,0.0,0.0,0.0,0.0,0.0,0.0,0.2107620239257812,-0.2107620239257812,-0.2107620239257812,0.2107620239257812,0.2107620239257812,False,0,normal,2,winter,0.0,0.0,0.0,0.0
Chennai,13.0827,80.2707,2000-01-30,2000-02-04 15:00:00,132,132,135,0.0,0.0,0.0,0.0,0.0,0.0,0.0009536743164062,-0.0009536743164062,-0.0009536743164062,0.0009536743164062,0.0009536743164062,False,0,normal,2,winter,0.0,0.0,0.0,0.0
Chennai,13.0827,80.2707,2000-01-30,2000-02-04 21:00:00,138,138,141,0.17,0.094,0.0,0.0,0.3,0.3,0.0700950622558593,0.0999049377441407,0.0239049377441406,0.0999049377441407,0.0239049377441406,False,0,normal,2,winter,0.07600000000000001,1.5463917525773194,1.5463917525773194,0.094
Chennai,13.0827,80.2707,2000-01-30,2000-02-05 03:00:00,144,144,147,0.0,0.01,0.0,0.0,0.03,0.03,0.0944137573242187,-0.0944137573242187,-0.0844137573242187,0.0944137573242187,0.0844137573242187,False,0,normal,2,winter,-0.01,0.2727272727272727,0.2727272727272727,0.01
Chennai,13.0827,80.2707,2000-01-30,2000-02-05 09:00:00,150,150,153,0.0,0.06,0.0,0.0,0.2,0.2,0.1361370086669922,-0.1361370086669922,-0.0761370086669921,0.1361370086669922,0.0761370086669921,False,0,normal,2,winter,-0.06,1.25,1.25,0.06
Chennai,13.0827,80.2707,2000-01-30,2000-02-05 15:00:00,156,156,159,0.0,0.0,0.0,0.0,0.0,0.0,0.0004768371582031,-0.0004768371582031,-0.0004768371582031,0.0004768371582031,0.0004768371582031,False,0,normal,2,winter,0.0,0.0,0.0,0.0
Chennai,13.0827,80.2707,2000-01-30,2000-02-05 21:00:00,162,162,165,0.0,0.0,0.0,0.0,0.0,0.0,0.0033378601074218,-0.0033378601074218,-0.0033378601074218,0.0033378601074218,0.0033378601074218,False,0,normal,2,winter,0.0,0.0,0.0,0.0
Chennai,13.0827,80.2707,2000-01-30,2000-02-06 03:00:00,168,168,171,0.0,0.018,0.0,0.0,0.09,0.09,0.0548362731933593,-0.0548362731933593,-0.0368362731933593,0.0548362731933593,0.0368362731933593,False,0,normal,2,winter,-0.018,0.7627118644067796,0.7627118644067796,0.018
Chennai,13.0827,80.2707,2000-01-30,2000-02-06 09:00:00,174,174,177,0.0,0.0,0.0,0.0,0.0,0.0,1.0352134704589844,-1.0352134704589844,-1.0352134704589844,1.0352134704589844,1.0352134704589844,True,0,normal,2,winter,0.0,0.0,0.0,0.0
Chennai,13.0827,80.2707,2000-01-30,2000-02-06 15:00:00,180,180,183,0.0,0.006,0.0,0.0,0.03,0.03,0.0,0.0,0.006,0.0,0.006,False,0,normal,2,winter,-0.006,0.28301886792452824,0.28301886792452824,0.006
Chennai,13.0827,80.2707,2000-01-30,2000-02-06 21:00:00,186,186,189,0.0,0.0,0.0,0.0,0.0,0.0,0.0033378601074218,-0.0033378601074218,-0.0033378601074218,0.0033378601074218,0.0033378601074218,False,0,normal,2,winter,0.0,0.0,0.0,0.0
Chennai,13.0827,80.2707,2000-01-30,2000-02-07 03:00:00,192,192,195,0.3,0.06,0.0,0.0,0.3,0.3,0.0748634338378906,0.2251365661621094,-0.0148634338378906,0.2251365661621094,0.0148634338378906,False,0,normal,2,winter,0.24,1.875,1.875,0.06
Chennai,13.0827,80.2707,2000-01-30,2000-02-07 09:00:00,198,198,201,0.0,0.428,0.0,0.0,2.14,2.14,0.0286102294921875,-0.0286102294921875,0.3993897705078125,0.0286102294921875,0.3993897705078125,False,0,normal,2,winter,-0.428,4.053030303030303,4.053030303030303,0.428
Chennai,13.0827,80.2707,2000-01-30,2000-02-07 15:00:00,204,204,207,0.0,0.04,0.0,0.0,0.2,0.2,0.0,0.0,0.04,0.0,0.04,False,0,normal,2,winter,-0.04,1.4285714285714286,1.4285714285714286,0.04
Chennai,13.0827,80.2707,2000-01-30,2000-02-07 21:00:00,210,210,213,0.01,0.106,0.0,0.0,0.52,0.52,0.02288818359375,-0.01288818359375,0.08311181640625,0.01288818359375,0.08311181640625,False,0,normal,2,winter,-0.096,2.524271844660194,2.524271844660194,0.106
Chennai,13.0827,80.2707,2000-01-30,2000-02-08 03:00:00,216,216,219,0.0,0.0,0.0,0.0,0.0,0.0,0.7238388061523438,-0.7238388061523438,-0.7238388061523438,0.7238388061523438,0.7238388061523438,False,0,normal,2,winter,0.0,0.0,0.0,0.0
Chennai,13.0827,80.2707,2000-01-30,2000-02-08 09:00:00,222,222,225,0.0,0.2,0.0,0.0,1.0,1.0,0.2121925354003906,-0.2121925354003906,-0.0121925354003905,0.2121925354003906,0.0121925354003905,False,0,normal,2,winter,-0.2,3.333333333333333,3.333333333333333,0.2
Chennai,13.0827,80.2707,2000-01-30,2000-02-08 15:00:00,228,228,231,0.01,0.002,0.0,0.0,0.01,0.01,0.0,0.01,0.002,0.01,0.002,False,0,normal,2,winter,0.008,0.09803921568627451,0.09803921568627451,0.002
Chennai,13.0827,80.2707,2000-01-30,2000-02-08 21:00:00,234,234,237,0.0,0.0,0.0,0.0,0.0,0.0,0.0052452087402343,-0.0052452087402343,-0.0052452087402343,0.0052452087402343,0.0052452087402343,False,0,normal,2,winter,0.0,0.0,0.0,0.0
Chennai,13.0827,80.2707,2000-02-06,2000-02-06 03:00:00,0,0,3,0.12,0.12,0.12,0.12,0.12,0.0,0.0548362731933593,0.0651637268066407,0.0651637268066407,0.0651637268066407,0.0651637268066407,False,0,normal,2,winter,0.0,0.0,0.0,0.12
Chennai,13.0827,80.2707,2000-02-06,2000-02-06 09:00:00,6,6,9,0.15,0.1,0.1,0.0,0.2,0.2,1.0352134704589844,-0.8852134704589844,-0.9352134704589844,0.8852134704589844,0.9352134704589844,True,0,normal,2,winter,0.04999999999999999,1.0,1.0,0.1
Chennai,13.0827,80.2707,2000-02-06,2000-02-06 15:00:00,12,12,15,0.0,0.0,0.0,0.0,0.0,0.0,0.0,0.0,0.0,0.0,0.0,False,0,normal,2,winter,0.0,0.0,0.0,0.0
Chennai,13.0827,80.2707,2000-02-06,2000-02-06 21:00:00,18,18,21,0.0,0.0,0.0,0.0,0.0,0.0,0.0033378601074218,-0.0033378601074218,-0.0033378601074218,0.0033378601074218,0.0033378601074218,False,0,normal,2,winter,0.0,0.0,0.0,0.0
Chennai,13.0827,80.2707,2000-02-06,2000-02-07 03:00:00,24,24,27,0.01,0.226,0.01,0.0,1.1,1.1,0.0748634338378906,-0.0648634338378906,0.1511365661621094,0.0648634338378906,0.1511365661621094,False,0,normal,2,winter,-0.216,3.374233128834356,3.374233128834356,0.226
Chennai,13.0827,80.2707,2000-02-06,2000-02-07 09:00:00,30,30,33,0.07,0.12,0.07,0.0,0.39,0.39,0.0286102294921875,0.0413897705078125,0.0913897705078125,0.0413897705078125,0.0913897705078125,False,0,normal,2,winter,-0.04999999999999999,1.7727272727272727,1.7727272727272727,0.12
Chennai,13.0827,80.2707,2000-02-06,2000-02-07 15:00:00,36,36,39,0.0,0.0,0.0,0.0,0.0,0.0,0.0,0.0,0.0,0.0,0.0,False,0,normal,2,winter,0.0,0.0,0.0,0.0
Chennai,13.0827,80.2707,2000-02-06,2000-02-07 21:00:00,42,42,45,0.0,0.0,0.0,0.0,0.0,0.0,0.02288818359375,-0.02288818359375,-0.02288818359375,0.02288818359375,0.02288818359375,False,0,normal,2,winter,0.0,0.0,0.0,0.0
Chennai,13.0827,80.2707,2000-02-06,2000-02-08 03:00:00,48,48,51,0.0,0.0,0.0,0.0,0.0,0.0,0.7238388061523438,-0.7238388061523438,-0.7238388061523438,0.7238388061523438,0.7238388061523438,False,0,normal,2,winter,0.0,0.0,0.0,0.0
Chennai,13.0827,80.2707,2000-02-06,2000-02-08 09:00:00,54,54,57,0.01,0.22,0.04,0.0,1.0,1.0,0.2121925354003906,-0.2021925354003906,0.0078074645996094,0.2021925354003906,0.0078074645996094,False,0,normal,2,winter,-0.21,3.125,3.125,0.22
Chennai,13.0827,80.2707,2000-02-06,2000-02-08 15:00:00,60,60,63,0.0,0.0,0.0,0.0,0.0,0.0,0.0,0.0,0.0,0.0,0.0,False,0,normal,2,winter,0.0,0.0,0.0,0.0
Chennai,13.0827,80.2707,2000-02-06,2000-02-08 21:00:00,66,66,69,0.0,0.0,0.0,0.0,0.0,0.0,0.0052452087402343,-0.0052452087402343,-0.0052452087402343,0.0052452087402343,0.0052452087402343,False,0,normal,2,winter,0.0,0.0,0.0,0.0
Chennai,13.0827,80.2707,2000-02-06,2000-02-09 03:00:00,72,72,75,0.0,0.002,0.0,0.0,0.01,0.01,0.0514984130859375,-0.0514984130859375,-0.0494984130859375,0.0514984130859375,0.0494984130859375,False,0,normal,2,winter,-0.002,0.09803921568627451,0.09803921568627451,0.002
Chennai,13.0827,80.2707,2000-02-06,2000-02-09 09:00:00,78,78,81,0.0,0.124,0.0,0.0,0.6000000000000001,0.6000000000000001,0.0104904174804687,-0.0104904174804687,0.1135095825195313,0.0104904174804687,0.1135095825195313,False,0,normal,2,winter,-0.124,2.678571428571429,2.678571428571429,0.124
Chennai,13.0827,80.2707,2000-02-06,2000-02-09 15:00:00,84,84,87,0.0,0.0,0.0,0.0,0.0,0.0,0.0,0.0,0.0,0.0,0.0,False,0,normal,2,winter,0.0,0.0,0.0,0.0
Chennai,13.0827,80.2707,2000-02-06,2000-02-09 21:00:00,90,90,93,0.0,0.0,0.0,0.0,0.0,0.0,0.0,0.0,0.0,0.0,0.0,False,0,normal,2,winter,0.0,0.0,0.0,0.0
Chennai,13.0827,80.2707,2000-02-06,2000-02-10 03:00:00,96,96,99,0.0,0.006,0.0,0.0,0.03,0.03,0.0,0.0,0.006,0.0,0.006,False,0,normal,2,winter,-0.006,0.28301886792452824,0.28301886792452824,0.006
Chennai,13.0827,80.2707,2000-02-06,2000-02-10 09:00:00,102,102,105,0.0,0.02,0.0,0.0,0.1,0.1,0.0152587890625,-0.0152587890625,0.0047412109375,0.0152587890625,0.0047412109375,False,0,normal,2,winter,-0.02,0.8333333333333333,0.8333333333333333,0.02
Chennai,13.0827,80.2707,2000-02-06,2000-02-10 15:00:00,108,108,111,0.0,0.0,0.0,0.0,0.0,0.0,0.0,0.0,0.0,0.0,0.0,False,0,normal,2,winter,0.0,0.0,0.0,0.0
Chennai,13.0827,80.2707,2000-02-06,2000-02-10 21:00:00,114,114,117,0.0,0.0,0.0,0.0,0.0,0.0,0.0,0.0,0.0,0.0,0.0,False,0,normal,2,winter,0.0,0.0,0.0,0.0
Chennai,13.0827,80.2707,2000-02-06,2000-02-11 03:00:00,120,120,123,0.0,0.0,0.0,0.0,0.0,0.0,0.0119209289550781,-0.0119209289550781,-0.0119209289550781,0.0119209289550781,0.0119209289550781,False,0,normal,2,winter,0.0,0.0,0.0,0.0
Chennai,13.0827,80.2707,2000-02-06,2000-02-11 09:00:00,126,126,129,0.0,0.0,0.0,0.0,0.0,0.0,0.0276565551757812,-0.0276565551757812,-0.0276565551757812,0.0276565551757812,0.0276565551757812,False,0,normal,2,winter,0.0,0.0,0.0,0.0
Chennai,13.0827,80.2707,2000-02-06,2000-02-11 15:00:00,132,132,135,0.0,0.0,0.0,0.0,0.0,0.0,0.0,0.0,0.0,0.0,0.0,False,0,normal,2,winter,0.0,0.0,0.0,0.0
Chennai,13.0827,80.2707,2000-02-06,2000-02-11 21:00:00,138,138,141,0.0,0.0,0.0,0.0,0.0,0.0,0.0,0.0,0.0,0.0,0.0,False,0,normal,2,winter,0.0,0.0,0.0,0.0
Chennai,13.0827,80.2707,2000-02-06,2000-02-12 03:00:00,144,144,147,0.0,0.0,0.0,0.0,0.0,0.0,0.0,0.0,0.0,0.0,0.0,False,0,normal,2,winter,0.0,0.0,0.0,0.0
Chennai,13.0827,80.2707,2000-02-06,2000-02-12 09:00:00,150,150,153,0.0,0.0,0.0,0.0,0.0,0.0,0.1139640808105468,-0.1139640808105468,-0.1139640808105468,0.1139640808105468,0.1139640808105468,False,0,normal,2,winter,0.0,0.0,0.0,0.0
Chennai,13.0827,80.2707,2000-02-06,2000-02-12 15:00:00,156,156,159,0.0,0.0,0.0,0.0,0.0,0.0,0.0,0.0,0.0,0.0,0.0,False,0,normal,2,winter,0.0,0.0,0.0,0.0
Chennai,13.0827,80.2707,2000-02-06,2000-02-12 21:00:00,162,162,165,0.0,0.0,0.0,0.0,0.0,0.0,0.0,0.0,0.0,0.0,0.0,False,0,normal,2,winter,0.0,0.0,0.0,0.0
Chennai,13.0827,80.2707,2000-02-06,2000-02-13 03:00:00,168,168,171,0.0,0.0,0.0,0.0,0.0,0.0,0.0,0.0,0.0,0.0,0.0,False,0,normal,2,winter,0.0,0.0,0.0,0.0
Chennai,13.0827,80.2707,2000-02-06,2000-02-13 09:00:00,174,174,177,0.0,0.0,0.0,0.0,0.0,0.0,0.0,0.0,0.0,0.0,0.0,False,0,normal,2,winter,0.0,0.0,0.0,0.0
Chennai,13.0827,80.2707,2000-02-06,2000-02-13 15:00:00,180,180,183,0.0,0.0,0.0,0.0,0.0,0.0,0.0,0.0,0.0,0.0,0.0,False,0,normal,2,winter,0.0,0.0,0.0,0.0
Chennai,13.0827,80.2707,2000-02-06,2000-02-13 21:00:00,186,186,189,0.0,0.0,0.0,0.0,0.0,0.0,0.0,0.0,0.0,0.0,0.0,False,0,normal,2,winter,0.0,0.0,0.0,0.0
Chennai,13.0827,80.2707,2000-02-06,2000-02-14 03:00:00,192,192,195,0.0,0.0,0.0,0.0,0.0,0.0,0.0,0.0,0.0,0.0,0.0,False,0,normal,2,winter,0.0,0.0,0.0,0.0
Chennai,13.0827,80.2707,2000-02-06,2000-02-14 09:00:00,198,198,201,0.0,0.0,0.0,0.0,0.0,0.0,0.0,0.0,0.0,0.0,0.0,False,0,normal,2,winter,0.0,0.0,0.0,0.0
Chennai,13.0827,80.2707,2000-02-06,2000-02-14 15:00:00,204,204,207,0.0,0.0,0.0,0.0,0.0,0.0,0.0,0.0,0.0,0.0,0.0,False,0,normal,2,winter,0.0,0.0,0.0,0.0
Chennai,13.0827,80.2707,2000-02-06,2000-02-14 21:00:00,210,210,213,0.0,0.0,0.0,0.0,0.0,0.0,0.0,0.0,0.0,0.0,0.0,False,0,normal,2,winter,0.0,0.0,0.0,0.0
Chennai,13.0827,80.2707,2000-02-06,2000-02-15 03:00:00,216,216,219,0.0,0.01,0.0,0.0,0.05,0.05,0.0014305114746093,-0.0014305114746093,0.0085694885253907,0.0014305114746093,0.0085694885253907,False,0,normal,2,winter,-0.01,0.4545454545454546,0.4545454545454546,0.01
Chennai,13.0827,80.2707,2000-02-06,2000-02-15 09:00:00,222,222,225,0.0,0.0,0.0,0.0,0.0,0.0,0.0,0.0,0.0,0.0,0.0,False,0,normal,2,winter,0.0,0.0,0.0,0.0
Chennai,13.0827,80.2707,2000-02-06,2000-02-15 15:00:00,228,228,231,0.0,0.0,0.0,0.0,0.0,0.0,0.0,0.0,0.0,0.0,0.0,False,0,normal,2,winter,0.0,0.0,0.0,0.0
Chennai,13.0827,80.2707,2000-02-06,2000-02-15 21:00:00,234,234,237,0.0,0.036,0.0,0.0,0.18,0.18,0.0209808349609375,-0.0209808349609375,0.0150191650390624,0.0209808349609375,0.0150191650390624,False,0,normal,2,winter,-0.036,1.3235294117647058,1.3235294117647058,0.036
Chennai,13.0827,80.2707,2000-02-24,2000-02-24 03:00:00,0,0,3,9.52,9.52,9.52,9.52,9.52,0.0,1.7862319946289062,7.733768005371093,7.733768005371093,7.733768005371093,7.733768005371093,True,1,magnitude_error,2,winter,0.0,0.0,0.0,9.52
Chennai,13.0827,80.2707,2000-02-24,2000-02-24 09:00:00,6,6,9,6.2,6.88,6.2,2.9000000000000004,10.9,8.0,2.7561187744140625,3.4438812255859377,4.123881225585937,3.4438812255859377,4.123881225585937,True,1,magnitude_error,2,winter,-0.6799999999999997,1.1461318051575933,1.1461318051575933,6.88
Chennai,13.0827,80.2707,2000-02-24,2000-02-24 15:00:00,12,12,15,4.3500000000000005,3.516,2.1,0.6000000000000001,9.2,8.6,1.1043548583984375,3.245645141601563,2.4116451416015625,3.245645141601563,2.4116451416015625,True,1,magnitude_error,2,winter,0.8340000000000005,2.3783185840707963,2.3783185840707963,3.516
Chennai,13.0827,80.2707,2000-02-24,2000-02-24 21:00:00,18,18,21,0.12,0.644,0.1,0.0,3.0,3.0,1.0709762573242188,-0.9509762573242188,-0.4269762573242187,0.9509762573242188,0.4269762573242187,True,0,normal,2,winter,-0.524,4.032258064516129,4.032258064516129,0.644
Chennai,13.0827,80.2707,2000-02-24,2000-02-25 03:00:00,24,24,27,2.03,3.306,3.4000000000000004,1.5,5.2,3.7,0.7724761962890625,1.2575238037109373,2.533523803710937,1.2575238037109373,2.533523803710937,True,0,normal,2,winter,-1.2760000000000002,1.086318261890781,1.086318261890781,3.306
Chennai,13.0827,80.2707,2000-02-24,2000-02-25 09:00:00,30,30,33,0.8,0.664,0.8,0.06,1.06,1.0,0.7042884826660156,0.0957115173339844,-0.0402884826660155,0.0957115173339844,0.0402884826660155,False,0,normal,2,winter,0.136,1.3089005235602094,1.3089005235602094,0.664
Chennai,13.0827,80.2707,2000-02-24,2000-02-25 15:00:00,36,36,39,0.67,0.518,0.67,0.02,1.0,0.98,0.3066062927246094,0.3633937072753906,0.2113937072753906,0.3633937072753906,0.2113937072753906,False,0,normal,2,winter,0.15200000000000002,1.5857605177993528,1.5857605177993528,0.518
Chennai,13.0827,80.2707,2000-02-24,2000-02-25 21:00:00,42,42,45,2.85,2.228,2.85,0.0,3.88,3.88,1.002788543701172,1.847211456298828,1.225211456298828,1.847211456298828,1.225211456298828,True,1,magnitude_error,2,winter,0.6219999999999999,1.6666666666666665,1.6666666666666665,2.228
Chennai,13.0827,80.2707,2000-02-24,2000-02-26 03:00:00,48,48,51,1.52,0.996,0.96,0.0,1.8,1.8,0.9746551513671876,0.5453448486328124,0.0213448486328123,0.5453448486328124,0.0213448486328123,True,0,normal,2,winter,0.524,1.6423357664233575,1.6423357664233575,0.996
Chennai,13.0827,80.2707,2000-02-24,2000-02-26 09:00:00,54,54,57,0.01,0.248,0.01,0.0,1.19,1.19,2.323150634765625,-2.313150634765625,-2.075150634765625,2.313150634765625,2.075150634765625,True,1,missed_event,2,winter,-0.238,3.4195402298850577,3.4195402298850577,0.248
Chennai,13.0827,80.2707,2000-02-24,2000-02-26 15:00:00,60,60,63,0.01,0.008,0.0,0.0,0.03,0.03,0.049591064453125,-0.039591064453125,-0.041591064453125,0.039591064453125,0.041591064453125,False,0,normal,2,winter,0.002,0.27777777777777773,0.27777777777777773,0.008
Chennai,13.0827,80.2707,2000-02-24,2000-02-26 21:00:00,66,66,69,0.07,0.254,0.0,0.0,1.2000000000000002,1.2000000000000002,1.194000244140625,-1.124000244140625,-0.940000244140625,1.124000244140625,0.940000244140625,True,0,normal,2,winter,-0.184,3.389830508474577,3.389830508474577,0.254
Chennai,13.0827,80.2707,2000-02-24,2000-02-27 03:00:00,72,72,75,0.04,0.29,0.1,0.01,1.1,1.09,0.6089210510253906,-0.5689210510253906,-0.3189210510253906,0.5689210510253906,0.3189210510253906,False,0,normal,2,winter,-0.24999999999999997,2.794871794871795,2.794871794871795,0.29
Chennai,13.0827,80.2707,2000-02-24,2000-02-27 09:00:00,78,78,81,0.0,0.186,0.0,0.0,0.92,0.92,1.3213157653808594,-1.3213157653808594,-1.1353157653808594,1.3213157653808594,1.1353157653808594,True,0,normal,2,winter,-0.186,3.2167832167832167,3.2167832167832167,0.186
Chennai,13.0827,80.2707,2000-02-24,2000-02-27 15:00:00,84,84,87,0.01,0.004,0.0,0.0,0.01,0.01,1.6856193542480469,-1.6756193542480469,-1.6816193542480469,1.6756193542480469,1.6816193542480469,True,1,missed_event,2,winter,0.006,0.09615384615384615,0.09615384615384615,0.004
Chennai,13.0827,80.2707,2000-02-24,2000-02-27 21:00:00,90,90,93,0.0,0.366,0.0,0.0,1.73,1.73,0.3490447998046875,-0.3490447998046875,0.0169552001953124,0.3490447998046875,0.0169552001953124,False,0,normal,2,winter,-0.366,3.7124463519313307,3.7124463519313307,0.366
Chennai,13.0827,80.2707,2000-02-24,2000-02-28 03:00:00,96,96,99,0.0,0.02,0.0,0.0,0.1,0.1,0.3352165222167969,-0.3352165222167969,-0.3152165222167968,0.3352165222167969,0.3152165222167968,False,0,normal,2,winter,-0.02,0.8333333333333333,0.8333333333333333,0.02
Chennai,13.0827,80.2707,2000-02-24,2000-02-28 09:00:00,102,102,105,0.0,0.0,0.0,0.0,0.0,0.0,0.225067138671875,-0.225067138671875,-0.225067138671875,0.225067138671875,0.225067138671875,False,0,normal,2,winter,0.0,0.0,0.0,0.0
Chennai,13.0827,80.2707,2000-02-24,2000-02-28 15:00:00,108,108,111,0.0,0.0,0.0,0.0,0.0,0.0,0.0,0.0,0.0,0.0,0.0,False,0,normal,2,winter,0.0,0.0,0.0,0.0
Chennai,13.0827,80.2707,2000-02-24,2000-02-28 21:00:00,114,114,117,0.0,0.0,0.0,0.0,0.0,0.0,0.0,0.0,0.0,0.0,0.0,False,0,normal,2,winter,0.0,0.0,0.0,0.0
Chennai,13.0827,80.2707,2000-02-24,2000-02-29 03:00:00,120,120,123,0.0,0.0,0.0,0.0,0.0,0.0,0.0014305114746093,-0.0014305114746093,-0.0014305114746093,0.0014305114746093,0.0014305114746093,False,0,normal,2,winter,0.0,0.0,0.0,0.0
Chennai,13.0827,80.2707,2000-02-24,2000-02-29 09:00:00,126,126,129,0.0,0.0,0.0,0.0,0.0,0.0,0.0,0.0,0.0,0.0,0.0,False,0,normal,2,winter,0.0,0.0,0.0,0.0
Chennai,13.0827,80.2707,2000-02-24,2000-02-29 15:00:00,132,132,135,0.0,0.0,0.0,0.0,0.0,0.0,0.0,0.0,0.0,0.0,0.0,False,0,normal,2,winter,0.0,0.0,0.0,0.0
Chennai,13.0827,80.2707,2000-02-24,2000-02-29 21:00:00,138,138,141,0.0,0.0,0.0,0.0,0.0,0.0,0.0,0.0,0.0,0.0,0.0,False,0,normal,2,winter,0.0,0.0,0.0,0.0
Chennai,13.0827,80.2707,2000-02-24,2000-03-01 03:00:00,144,144,147,0.0,0.0,0.0,0.0,0.0,0.0,0.0,0.0,0.0,0.0,0.0,False,0,normal,3,summer,0.0,0.0,0.0,0.0
Chennai,13.0827,80.2707,2000-02-24,2000-03-01 09:00:00,150,150,153,0.0,0.0,0.0,0.0,0.0,0.0,0.0,0.0,0.0,0.0,0.0,False,0,normal,3,summer,0.0,0.0,0.0,0.0
Chennai,13.0827,80.2707,2000-02-24,2000-03-01 15:00:00,156,156,159,0.0,0.0,0.0,0.0,0.0,0.0,0.0,0.0,0.0,0.0,0.0,False,0,normal,3,summer,0.0,0.0,0.0,0.0
Chennai,13.0827,80.2707,2000-02-24,2000-03-01 21:00:00,162,162,165,0.0,0.0,0.0,0.0,0.0,0.0,0.0,0.0,0.0,0.0,0.0,False,0,normal,3,summer,0.0,0.0,0.0,0.0
Chennai,13.0827,80.2707,2000-02-24,2000-03-02 03:00:00,168,168,171,0.0,0.0,0.0,0.0,0.0,0.0,0.003814697265625,-0.003814697265625,-0.003814697265625,0.003814697265625,0.003814697265625,False,0,normal,3,summer,0.0,0.0,0.0,0.0
Chennai,13.0827,80.2707,2000-02-24,2000-03-02 09:00:00,174,174,177,0.0,0.0,0.0,0.0,0.0,0.0,0.0,0.0,0.0,0.0,0.0,False,0,normal,3,summer,0.0,0.0,0.0,0.0
Chennai,13.0827,80.2707,2000-02-24,2000-03-02 15:00:00,180,180,183,0.0,0.0,0.0,0.0,0.0,0.0,0.0,0.0,0.0,0.0,0.0,False,0,normal,3,summer,0.0,0.0,0.0,0.0
Chennai,13.0827,80.2707,2000-02-24,2000-03-02 21:00:00,186,186,189,0.0,0.0,0.0,0.0,0.0,0.0,0.0,0.0,0.0,0.0,0.0,False,0,normal,3,summer,0.0,0.0,0.0,0.0
Chennai,13.0827,80.2707,2000-02-24,2000-03-03 03:00:00,192,192,195,0.0,0.006,0.0,0.0,0.03,0.03,0.0,0.0,0.006,0.0,0.006,False,0,normal,3,summer,-0.006,0.28301886792452824,0.28301886792452824,0.006
Chennai,13.0827,80.2707,2000-02-24,2000-03-03 09:00:00,198,198,201,0.0,0.0,0.0,0.0,0.0,0.0,0.0,0.0,0.0,0.0,0.0,False,0,normal,3,summer,0.0,0.0,0.0,0.0
Chennai,13.0827,80.2707,2000-02-24,2000-03-03 15:00:00,204,204,207,0.0,0.0,0.0,0.0,0.0,0.0,0.0,0.0,0.0,0.0,0.0,False,0,normal,3,summer,0.0,0.0,0.0,0.0
Chennai,13.0827,80.2707,2000-02-24,2000-03-03 21:00:00,210,210,213,0.0,0.0,0.0,0.0,0.0,0.0,0.0,0.0,0.0,0.0,0.0,False,0,normal,3,summer,0.0,0.0,0.0,0.0
Chennai,13.0827,80.2707,2000-02-24,2000-03-04 03:00:00,216,216,219,0.0,0.008,0.0,0.0,0.04,0.04,0.0,0.0,0.008,0.0,0.008,False,0,normal,3,summer,-0.008,0.37037037037037035,0.37037037037037035,0.008
Chennai,13.0827,80.2707,2000-02-24,2000-03-04 09:00:00,222,222,225,0.0,0.0,0.0,0.0,0.0,0.0,0.0,0.0,0.0,0.0,0.0,False,0,normal,3,summer,0.0,0.0,0.0,0.0
Chennai,13.0827,80.2707,2000-02-24,2000-03-04 15:00:00,228,228,231,0.0,0.0,0.0,0.0,0.0,0.0,0.0,0.0,0.0,0.0,0.0,False,0,normal,3,summer,0.0,0.0,0.0,0.0
Chennai,13.0827,80.2707,2000-02-24,2000-03-04 21:00:00,234,234,237,0.0,0.0,0.0,0.0,0.0,0.0,0.0,0.0,0.0,0.0,0.0,False,0,normal,3,summer,0.0,0.0,0.0,0.0
Chennai,13.0827,80.2707,2000-03-13,2000-03-13 03:00:00,0,0,3,0.0,0.0,0.0,0.0,0.0,0.0,0.0,0.0,0.0,0.0,0.0,False,0,normal,3,summer,0.0,0.0,0.0,0.0
Chennai,13.0827,80.2707,2000-03-13,2000-03-13 09:00:00,6,6,9,0.0,0.0,0.0,0.0,0.0,0.0,0.0,0.0,0.0,0.0,0.0,False,0,normal,3,summer,0.0,0.0,0.0,0.0
Chennai,13.0827,80.2707,2000-03-13,2000-03-13 15:00:00,12,12,15,0.0,0.0,0.0,0.0,0.0,0.0,0.0,0.0,0.0,0.0,0.0,False,0,normal,3,summer,0.0,0.0,0.0,0.0
Chennai,13.0827,80.2707,2000-03-13,2000-03-13 21:00:00,18,18,21,0.0,0.0,0.0,0.0,0.0,0.0,0.0,0.0,0.0,0.0,0.0,False,0,normal,3,summer,0.0,0.0,0.0,0.0
Chennai,13.0827,80.2707,2000-03-13,2000-03-14 03:00:00,24,24,27,0.0,0.0,0.0,0.0,0.0,0.0,0.003814697265625,-0.003814697265625,-0.003814697265625,0.003814697265625,0.003814697265625,False,0,normal,3,summer,0.0,0.0,0.0,0.0
Chennai,13.0827,80.2707,2000-03-13,2000-03-14 09:00:00,30,30,33,0.0,0.0,0.0,0.0,0.0,0.0,0.0,0.0,0.0,0.0,0.0,False,0,normal,3,summer,0.0,0.0,0.0,0.0
Chennai,13.0827,80.2707,2000-03-13,2000-03-14 15:00:00,36,36,39,0.0,0.0,0.0,0.0,0.0,0.0,0.0,0.0,0.0,0.0,0.0,False,0,normal,3,summer,0.0,0.0,0.0,0.0
Chennai,13.0827,80.2707,2000-03-13,2000-03-14 21:00:00,42,42,45,0.0,0.0,0.0,0.0,0.0,0.0,0.0,0.0,0.0,0.0,0.0,False,0,normal,3,summer,0.0,0.0,0.0,0.0
Chennai,13.0827,80.2707,2000-03-13,2000-03-15 03:00:00,48,48,51,0.0,0.0,0.0,0.0,0.0,0.0,0.0033378601074218,-0.0033378601074218,-0.0033378601074218,0.0033378601074218,0.0033378601074218,False,0,normal,3,summer,0.0,0.0,0.0,0.0
Chennai,13.0827,80.2707,2000-03-13,2000-03-15 09:00:00,54,54,57,0.0,0.0,0.0,0.0,0.0,0.0,0.0,0.0,0.0,0.0,0.0,False,0,normal,3,summer,0.0,0.0,0.0,0.0
Chennai,13.0827,80.2707,2000-03-13,2000-03-15 15:00:00,60,60,63,0.0,0.0,0.0,0.0,0.0,0.0,0.0,0.0,0.0,0.0,0.0,False,0,normal,3,summer,0.0,0.0,0.0,0.0
Chennai,13.0827,80.2707,2000-03-13,2000-03-15 21:00:00,66,66,69,0.0,0.0,0.0,0.0,0.0,0.0,0.0,0.0,0.0,0.0,0.0,False,0,normal,3,summer,0.0,0.0,0.0,0.0
Chennai,13.0827,80.2707,2000-03-13,2000-03-16 03:00:00,72,72,75,0.0,0.0,0.0,0.0,0.0,0.0,0.0019073486328125,-0.0019073486328125,-0.0019073486328125,0.0019073486328125,0.0019073486328125,False,0,normal,3,summer,0.0,0.0,0.0,0.0
Chennai,13.0827,80.2707,2000-03-13,2000-03-16 09:00:00,78,78,81,0.0,0.0,0.0,0.0,0.0,0.0,0.0,0.0,0.0,0.0,0.0,False,0,normal,3,summer,0.0,0.0,0.0,0.0
Chennai,13.0827,80.2707,2000-03-13,2000-03-16 15:00:00,84,84,87,0.0,0.0,0.0,0.0,0.0,0.0,0.0,0.0,0.0,0.0,0.0,False,0,normal,3,summer,0.0,0.0,0.0,0.0
Chennai,13.0827,80.2707,2000-03-13,2000-03-16 21:00:00,90,90,93,0.0,0.0,0.0,0.0,0.0,0.0,0.0,0.0,0.0,0.0,0.0,False,0,normal,3,summer,0.0,0.0,0.0,0.0
Chennai,13.0827,80.2707,2000-03-13,2000-03-17 03:00:00,96,96,99,0.0,0.0,0.0,0.0,0.0,0.0,0.0014305114746093,-0.0014305114746093,-0.0014305114746093,0.0014305114746093,0.0014305114746093,False,0,normal,3,summer,0.0,0.0,0.0,0.0
Chennai,13.0827,80.2707,2000-03-13,2000-03-17 09:00:00,102,102,105,0.0,0.0,0.0,0.0,0.0,0.0,0.0,0.0,0.0,0.0,0.0,False,0,normal,3,summer,0.0,0.0,0.0,0.0
Chennai,13.0827,80.2707,2000-03-13,2000-03-17 15:00:00,108,108,111,0.0,0.0,0.0,0.0,0.0,0.0,0.0,0.0,0.0,0.0,0.0,False,0,normal,3,summer,0.0,0.0,0.0,0.0
Chennai,13.0827,80.2707,2000-03-13,2000-03-17 21:00:00,114,114,117,0.0,0.0,0.0,0.0,0.0,0.0,0.0,0.0,0.0,0.0,0.0,False,0,normal,3,summer,0.0,0.0,0.0,0.0
Chennai,13.0827,80.2707,2000-03-13,2000-03-18 03:00:00,120,120,123,0.0,0.0,0.0,0.0,0.0,0.0,0.0,0.0,0.0,0.0,0.0,False,0,normal,3,summer,0.0,0.0,0.0,0.0
Chennai,13.0827,80.2707,2000-03-13,2000-03-18 09:00:00,126,126,129,0.0,0.0,0.0,0.0,0.0,0.0,0.0,0.0,0.0,0.0,0.0,False,0,normal,3,summer,0.0,0.0,0.0,0.0
Chennai,13.0827,80.2707,2000-03-13,2000-03-18 15:00:00,132,132,135,0.0,0.0,0.0,0.0,0.0,0.0,0.0,0.0,0.0,0.0,0.0,False,0,normal,3,summer,0.0,0.0,0.0,0.0
Chennai,13.0827,80.2707,2000-03-13,2000-03-18 21:00:00,138,138,141,0.0,0.0,0.0,0.0,0.0,0.0,0.0,0.0,0.0,0.0,0.0,False,0,normal,3,summer,0.0,0.0,0.0,0.0
Chennai,13.0827,80.2707,2000-03-13,2000-03-19 03:00:00,144,144,147,0.0,0.0,0.0,0.0,0.0,0.0,0.0,0.0,0.0,0.0,0.0,False,0,normal,3,summer,0.0,0.0,0.0,0.0
Chennai,13.0827,80.2707,2000-03-13,2000-03-19 09:00:00,150,150,153,0.0,0.0,0.0,0.0,0.0,0.0,0.0,0.0,0.0,0.0,0.0,False,0,normal,3,summer,0.0,0.0,0.0,0.0
Chennai,13.0827,80.2707,2000-03-13,2000-03-19 15:00:00,156,156,159,0.0,0.0,0.0,0.0,0.0,0.0,0.0,0.0,0.0,0.0,0.0,False,0,normal,3,summer,0.0,0.0,0.0,0.0
Chennai,13.0827,80.2707,2000-03-13,2000-03-19 21:00:00,162,162,165,0.0,0.0,0.0,0.0,0.0,0.0,0.0,0.0,0.0,0.0,0.0,False,0,normal,3,summer,0.0,0.0,0.0,0.0
Chennai,13.0827,80.2707,2000-03-13,2000-03-20 03:00:00,168,168,171,0.0,0.0,0.0,0.0,0.0,0.0,0.0,0.0,0.0,0.0,0.0,False,0,normal,3,summer,0.0,0.0,0.0,0.0
Chennai,13.0827,80.2707,2000-03-13,2000-03-20 09:00:00,174,174,177,0.0,0.0,0.0,0.0,0.0,0.0,0.0,0.0,0.0,0.0,0.0,False,0,normal,3,summer,0.0,0.0,0.0,0.0
Chennai,13.0827,80.2707,2000-03-13,2000-03-20 15:00:00,180,180,183,0.0,0.0,0.0,0.0,0.0,0.0,0.0,0.0,0.0,0.0,0.0,False,0,normal,3,summer,0.0,0.0,0.0,0.0
Chennai,13.0827,80.2707,2000-03-13,2000-03-20 21:00:00,186,186,189,0.0,0.0,0.0,0.0,0.0,0.0,0.0,0.0,0.0,0.0,0.0,False,0,normal,3,summer,0.0,0.0,0.0,0.0
Chennai,13.0827,80.2707,2000-03-13,2000-03-21 03:00:00,192,192,195,0.0,0.002,0.0,0.0,0.01,0.01,0.0,0.0,0.002,0.0,0.002,False,0,normal,3,summer,-0.002,0.09803921568627451,0.09803921568627451,0.002
Chennai,13.0827,80.2707,2000-03-13,2000-03-21 09:00:00,198,198,201,0.0,0.0,0.0,0.0,0.0,0.0,0.0,0.0,0.0,0.0,0.0,False,0,normal,3,summer,0.0,0.0,0.0,0.0
Chennai,13.0827,80.2707,2000-03-13,2000-03-21 15:00:00,204,204,207,0.0,0.0,0.0,0.0,0.0,0.0,0.0,0.0,0.0,0.0,0.0,False,0,normal,3,summer,0.0,0.0,0.0,0.0
Chennai,13.0827,80.2707,2000-03-13,2000-03-21 21:00:00,210,210,213,0.0,0.004,0.0,0.0,0.02,0.02,0.0009536743164062,-0.0009536743164062,0.0030463256835938,0.0009536743164062,0.0030463256835938,False,0,normal,3,summer,-0.004,0.1923076923076923,0.1923076923076923,0.004
Chennai,13.0827,80.2707,2000-03-13,2000-03-22 03:00:00,216,216,219,0.0,0.02,0.0,0.0,0.1,0.1,0.0009536743164062,-0.0009536743164062,0.0190463256835938,0.0009536743164062,0.0190463256835938,False,0,normal,3,summer,-0.02,0.8333333333333333,0.8333333333333333,0.02
Chennai,13.0827,80.2707,2000-03-13,2000-03-22 09:00:00,222,222,225,0.0,0.002,0.0,0.0,0.01,0.01,0.0,0.0,0.002,0.0,0.002,False,0,normal,3,summer,-0.002,0.09803921568627451,0.09803921568627451,0.002
Chennai,13.0827,80.2707,2000-03-13,2000-03-22 15:00:00,228,228,231,0.0,0.0,0.0,0.0,0.0,0.0,0.0,0.0,0.0,0.0,0.0,False,0,normal,3,summer,0.0,0.0,0.0,0.0
Chennai,13.0827,80.2707,2000-03-13,2000-03-22 21:00:00,234,234,237,0.0,0.006,0.0,0.0,0.03,0.03,0.0,0.0,0.006,0.0,0.006,False,0,normal,3,summer,-0.006,0.28301886792452824,0.28301886792452824,0.006
Chennai,13.0827,80.2707,2000-03-31,2000-03-31 03:00:00,0,0,3,0.0,0.0,0.0,0.0,0.0,0.0,0.0,0.0,0.0,0.0,0.0,False,0,normal,3,summer,0.0,0.0,0.0,0.0
Chennai,13.0827,80.2707,2000-03-31,2000-03-31 09:00:00,6,6,9,0.0,0.0,0.0,0.0,0.0,0.0,0.0,0.0,0.0,0.0,0.0,False,0,normal,3,summer,0.0,0.0,0.0,0.0
Chennai,13.0827,80.2707,2000-03-31,2000-03-31 15:00:00,12,12,15,0.0,0.0,0.0,0.0,0.0,0.0,0.0104904174804687,-0.0104904174804687,-0.0104904174804687,0.0104904174804687,0.0104904174804687,False,0,normal,3,summer,0.0,0.0,0.0,0.0
Chennai,13.0827,80.2707,2000-03-31,2000-03-31 21:00:00,18,18,21,0.01,0.03,0.0,0.0,0.14,0.14,0.0600814819335937,-0.0500814819335937,-0.0300814819335937,0.0500814819335937,0.0300814819335937,False,0,normal,3,summer,-0.019999999999999997,1.076923076923077,1.076923076923077,0.03
Chennai,13.0827,80.2707,2000-03-31,2000-04-01 03:00:00,24,24,27,0.25,0.8240000000000001,0.25,0.0,3.54,3.54,1.2946128845214844,-1.0446128845214844,-0.4706128845214843,1.0446128845214844,0.4706128845214843,True,0,normal,4,summer,-0.5740000000000001,3.831168831168831,3.831168831168831,0.8240000000000001
Chennai,13.0827,80.2707,2000-03-31,2000-04-01 09:00:00,30,30,33,0.11,0.062,0.0,0.0,0.2,0.2,1.033782958984375,-0.923782958984375,-0.971782958984375,0.923782958984375,0.971782958984375,True,0,normal,4,summer,0.048,1.2345679012345678,1.2345679012345678,0.062
Chennai,13.0827,80.2707,2000-03-31,2000-04-01 15:00:00,36,36,39,0.0,0.0,0.0,0.0,0.0,0.0,0.0324249267578125,-0.0324249267578125,-0.0324249267578125,0.0324249267578125,0.0324249267578125,False,0,normal,4,summer,0.0,0.0,0.0,0.0
Chennai,13.0827,80.2707,2000-03-31,2000-04-01 21:00:00,42,42,45,0.0,0.0,0.0,0.0,0.0,0.0,0.0805854797363281,-0.0805854797363281,-0.0805854797363281,0.0805854797363281,0.0805854797363281,False,0,normal,4,summer,0.0,0.0,0.0,0.0
Chennai,13.0827,80.2707,2000-03-31,2000-04-02 03:00:00,48,48,51,0.03,0.006,0.0,0.0,0.03,0.03,0.0061988830566406,0.0238011169433593,-0.0001988830566405,0.0238011169433593,0.0001988830566405,False,0,normal,4,summer,0.024,0.28301886792452824,0.28301886792452824,0.006
Chennai,13.0827,80.2707,2000-03-31,2000-04-02 09:00:00,54,54,57,0.0,0.0,0.0,0.0,0.0,0.0,0.0052452087402343,-0.0052452087402343,-0.0052452087402343,0.0052452087402343,0.0052452087402343,False,0,normal,4,summer,0.0,0.0,0.0,0.0
Chennai,13.0827,80.2707,2000-03-31,2000-04-02 15:00:00,60,60,63,0.0,0.0,0.0,0.0,0.0,0.0,0.0,0.0,0.0,0.0,0.0,False,0,normal,4,summer,0.0,0.0,0.0,0.0
Chennai,13.0827,80.2707,2000-03-31,2000-04-02 21:00:00,66,66,69,0.0,0.01,0.0,0.0,0.05,0.05,0.0810623168945312,-0.0810623168945312,-0.0710623168945312,0.0810623168945312,0.0710623168945312,False,0,normal,4,summer,-0.01,0.4545454545454546,0.4545454545454546,0.01
Chennai,13.0827,80.2707,2000-03-31,2000-04-03 03:00:00,72,72,75,0.01,0.002,0.0,0.0,0.01,0.01,0.0538825988769531,-0.043882598876953,-0.051882598876953,0.043882598876953,0.051882598876953,False,0,normal,4,summer,0.008,0.09803921568627451,0.09803921568627451,0.002
Chennai,13.0827,80.2707,2000-03-31,2000-04-03 09:00:00,78,78,81,0.0,0.0,0.0,0.0,0.0,0.0,0.0524520874023437,-0.0524520874023437,-0.0524520874023437,0.0524520874023437,0.0524520874023437,False,0,normal,4,summer,0.0,0.0,0.0,0.0
Chennai,13.0827,80.2707,2000-03-31,2000-04-03 15:00:00,84,84,87,0.0,0.0,0.0,0.0,0.0,0.0,0.0,0.0,0.0,0.0,0.0,False,0,normal,4,summer,0.0,0.0,0.0,0.0
Chennai,13.0827,80.2707,2000-03-31,2000-04-03 21:00:00,90,90,93,0.0,0.0,0.0,0.0,0.0,0.0,0.0133514404296875,-0.0133514404296875,-0.0133514404296875,0.0133514404296875,0.0133514404296875,False,0,normal,4,summer,0.0,0.0,0.0,0.0
Chennai,13.0827,80.2707,2000-03-31,2000-04-04 03:00:00,96,96,99,0.03,0.01,0.0,0.0,0.03,0.03,0.1616477966308593,-0.1316477966308593,-0.1516477966308592,0.1316477966308593,0.1516477966308592,False,0,normal,4,summer,0.019999999999999997,0.2727272727272727,0.2727272727272727,0.01
Chennai,13.0827,80.2707,2000-03-31,2000-04-04 09:00:00,102,102,105,0.0,0.0,0.0,0.0,0.0,0.0,0.0371932983398437,-0.0371932983398437,-0.0371932983398437,0.0371932983398437,0.0371932983398437,False,0,normal,4,summer,0.0,0.0,0.0,0.0
Chennai,13.0827,80.2707,2000-03-31,2000-04-04 15:00:00,108,108,111,0.0,0.0,0.0,0.0,0.0,0.0,0.0,0.0,0.0,0.0,0.0,False,0,normal,4,summer,0.0,0.0,0.0,0.0
Chennai,13.0827,80.2707,2000-03-31,2000-04-04 21:00:00,114,114,117,0.01,0.008,0.0,0.0,0.03,0.03,0.0,0.01,0.008,0.01,0.008,False,0,normal,4,summer,0.002,0.27777777777777773,0.27777777777777773,0.008
Chennai,13.0827,80.2707,2000-03-31,2000-04-05 03:00:00,120,120,123,0.0,0.032,0.0,0.0,0.09,0.09,0.0429153442382812,-0.0429153442382812,-0.0109153442382812,0.0429153442382812,0.0109153442382812,False,0,normal,4,summer,-0.032,0.6818181818181818,0.6818181818181818,0.032
Chennai,13.0827,80.2707,2000-03-31,2000-04-05 09:00:00,126,126,129,0.0,0.0,0.0,0.0,0.0,0.0,0.0352859497070312,-0.0352859497070312,-0.0352859497070312,0.0352859497070312,0.0352859497070312,False,0,normal,4,summer,0.0,0.0,0.0,0.0
Chennai,13.0827,80.2707,2000-03-31,2000-04-05 15:00:00,132,132,135,0.0,0.0,0.0,0.0,0.0,0.0,0.0,0.0,0.0,0.0,0.0,False,0,normal,4,summer,0.0,0.0,0.0,0.0
Chennai,13.0827,80.2707,2000-03-31,2000-04-05 21:00:00,138,138,141,0.0,0.0,0.0,0.0,0.0,0.0,0.0052452087402343,-0.0052452087402343,-0.0052452087402343,0.0052452087402343,0.0052452087402343,False,0,normal,4,summer,0.0,0.0,0.0,0.0
Chennai,13.0827,80.2707,2000-03-31,2000-04-06 03:00:00,144,144,147,0.03,0.006,0.0,0.0,0.03,0.03,0.0514984130859375,-0.0214984130859375,-0.0454984130859375,0.0214984130859375,0.0454984130859375,False,0,normal,4,summer,0.024,0.28301886792452824,0.28301886792452824,0.006
Chennai,13.0827,80.2707,2000-03-31,2000-04-06 09:00:00,150,150,153,0.0,0.0,0.0,0.0,0.0,0.0,0.003814697265625,-0.003814697265625,-0.003814697265625,0.003814697265625,0.003814697265625,False,0,normal,4,summer,0.0,0.0,0.0,0.0
Chennai,13.0827,80.2707,2000-03-31,2000-04-06 15:00:00,156,156,159,0.0,0.0,0.0,0.0,0.0,0.0,0.0,0.0,0.0,0.0,0.0,False,0,normal,4,summer,0.0,0.0,0.0,0.0
Chennai,13.0827,80.2707,2000-03-31,2000-04-06 21:00:00,162,162,165,0.0,0.0,0.0,0.0,0.0,0.0,0.0061988830566406,-0.0061988830566406,-0.0061988830566406,0.0061988830566406,0.0061988830566406,False,0,normal,4,summer,0.0,0.0,0.0,0.0
Chennai,13.0827,80.2707,2000-03-31,2000-04-07 03:00:00,168,168,171,0.05,0.03,0.0,0.0,0.1,0.1,0.1115798950195312,-0.0615798950195311,-0.0815798950195312,0.0615798950195311,0.0815798950195312,False,0,normal,4,summer,0.020000000000000004,0.7692307692307693,0.7692307692307693,0.03
Chennai,13.0827,80.2707,2000-03-31,2000-04-07 09:00:00,174,174,177,0.0,0.06,0.0,0.0,0.3,0.3,0.03814697265625,-0.03814697265625,0.0218530273437499,0.03814697265625,0.0218530273437499,False,0,normal,4,summer,-0.06,1.875,1.875,0.06
Chennai,13.0827,80.2707,2000-03-31,2000-04-07 15:00:00,180,180,183,0.0,0.0,0.0,0.0,0.0,0.0,0.0,0.0,0.0,0.0,0.0,False,0,normal,4,summer,0.0,0.0,0.0,0.0
Chennai,13.0827,80.2707,2000-03-31,2000-04-07 21:00:00,186,186,189,0.0,0.0,0.0,0.0,0.0,0.0,0.0019073486328125,-0.0019073486328125,-0.0019073486328125,0.0019073486328125,0.0019073486328125,False,0,normal,4,summer,0.0,0.0,0.0,0.0
Chennai,13.0827,80.2707,2000-03-31,2000-04-08 03:00:00,192,192,195,0.1,0.02,0.0,0.0,0.1,0.1,0.1153945922851562,-0.0153945922851561,-0.0953945922851561,0.0153945922851561,0.0953945922851561,False,0,normal,4,summer,0.08,0.8333333333333333,0.8333333333333333,0.02
Chennai,13.0827,80.2707,2000-03-31,2000-04-08 09:00:00,198,198,201,0.0,0.0,0.0,0.0,0.0,0.0,0.0019073486328125,-0.0019073486328125,-0.0019073486328125,0.0019073486328125,0.0019073486328125,False,0,normal,4,summer,0.0,0.0,0.0,0.0
Chennai,13.0827,80.2707,2000-03-31,2000-04-08 15:00:00,204,204,207,0.0,0.0,0.0,0.0,0.0,0.0,0.0,0.0,0.0,0.0,0.0,False,0,normal,4,summer,0.0,0.0,0.0,0.0
Chennai,13.0827,80.2707,2000-03-31,2000-04-08 21:00:00,210,210,213,0.0,0.0,0.0,0.0,0.0,0.0,0.0,0.0,0.0,0.0,0.0,False,0,normal,4,summer,0.0,0.0,0.0,0.0
Chennai,13.0827,80.2707,2000-03-31,2000-04-09 03:00:00,216,216,219,0.0,0.0,0.0,0.0,0.0,0.0,0.0133514404296875,-0.0133514404296875,-0.0133514404296875,0.0133514404296875,0.0133514404296875,False,0,normal,4,summer,0.0,0.0,0.0,0.0
Chennai,13.0827,80.2707,2000-03-31,2000-04-09 09:00:00,222,222,225,0.0,0.0,0.0,0.0,0.0,0.0,0.0,0.0,0.0,0.0,0.0,False,0,normal,4,summer,0.0,0.0,0.0,0.0
Chennai,13.0827,80.2707,2000-03-31,2000-04-09 15:00:00,228,228,231,0.0,0.0,0.0,0.0,0.0,0.0,0.0,0.0,0.0,0.0,0.0,False,0,normal,4,summer,0.0,0.0,0.0,0.0
Chennai,13.0827,80.2707,2000-03-31,2000-04-09 21:00:00,234,234,237,0.0,0.0,0.0,0.0,0.0,0.0,0.0,0.0,0.0,0.0,0.0,False,0,normal,4,summer,0.0,0.0,0.0,0.0
Chennai,13.0827,80.2707,2000-04-18,2000-04-18 03:00:00,0,0,3,0.0,0.0,0.0,0.0,0.0,0.0,0.0939369201660156,-0.0939369201660156,-0.0939369201660156,0.0939369201660156,0.0939369201660156,False,0,normal,4,summer,0.0,0.0,0.0,0.0
Chennai,13.0827,80.2707,2000-04-18,2000-04-18 09:00:00,6,6,9,0.0,0.0,0.0,0.0,0.0,0.0,0.5373954772949219,-0.5373954772949219,-0.5373954772949219,0.5373954772949219,0.5373954772949219,False,0,normal,4,summer,0.0,0.0,0.0,0.0
Chennai,13.0827,80.2707,2000-04-18,2000-04-18 15:00:00,12,12,15,0.0,0.0,0.0,0.0,0.0,0.0,0.0,0.0,0.0,0.0,0.0,False,0,normal,4,summer,0.0,0.0,0.0,0.0
Chennai,13.0827,80.2707,2000-04-18,2000-04-18 21:00:00,18,18,21,0.0,0.0,0.0,0.0,0.0,0.0,0.0,0.0,0.0,0.0,0.0,False,0,normal,4,summer,0.0,0.0,0.0,0.0
Chennai,13.0827,80.2707,2000-04-18,2000-04-19 03:00:00,24,24,27,0.02,0.004,0.0,0.0,0.02,0.02,0.0004768371582031,0.0195231628417969,0.0035231628417969,0.0195231628417969,0.0035231628417969,False,0,normal,4,summer,0.016,0.1923076923076923,0.1923076923076923,0.004
Chennai,13.0827,80.2707,2000-04-18,2000-04-19 09:00:00,30,30,33,0.0,0.0,0.0,0.0,0.0,0.0,0.0,0.0,0.0,0.0,0.0,False,0,normal,4,summer,0.0,0.0,0.0,0.0
Chennai,13.0827,80.2707,2000-04-18,2000-04-19 15:00:00,36,36,39,0.0,0.0,0.0,0.0,0.0,0.0,0.0,0.0,0.0,0.0,0.0,False,0,normal,4,summer,0.0,0.0,0.0,0.0
Chennai,13.0827,80.2707,2000-04-18,2000-04-19 21:00:00,42,42,45,0.0,0.0,0.0,0.0,0.0,0.0,0.0,0.0,0.0,0.0,0.0,False,0,normal,4,summer,0.0,0.0,0.0,0.0
Chennai,13.0827,80.2707,2000-04-18,2000-04-20 03:00:00,48,48,51,0.0,0.0,0.0,0.0,0.0,0.0,0.0119209289550781,-0.0119209289550781,-0.0119209289550781,0.0119209289550781,0.0119209289550781,False,0,normal,4,summer,0.0,0.0,0.0,0.0
Chennai,13.0827,80.2707,2000-04-18,2000-04-20 09:00:00,54,54,57,0.0,0.0,0.0,0.0,0.0,0.0,0.0009536743164062,-0.0009536743164062,-0.0009536743164062,0.0009536743164062,0.0009536743164062,False,0,normal,4,summer,0.0,0.0,0.0,0.0
Chennai,13.0827,80.2707,2000-04-18,2000-04-20 15:00:00,60,60,63,0.0,0.0,0.0,0.0,0.0,0.0,0.0,0.0,0.0,0.0,0.0,False,0,normal,4,summer,0.0,0.0,0.0,0.0
Chennai,13.0827,80.2707,2000-04-18,2000-04-20 21:00:00,66,66,69,0.0,0.0,0.0,0.0,0.0,0.0,0.0,0.0,0.0,0.0,0.0,False,0,normal,4,summer,0.0,0.0,0.0,0.0
Chennai,13.0827,80.2707,2000-04-18,2000-04-21 03:00:00,72,72,75,0.0,0.002,0.0,0.0,0.01,0.01,0.0109672546386718,-0.0109672546386718,-0.0089672546386718,0.0109672546386718,0.0089672546386718,False,0,normal,4,summer,-0.002,0.09803921568627451,0.09803921568627451,0.002
Chennai,13.0827,80.2707,2000-04-18,2000-04-21 09:00:00,78,78,81,0.0,0.0,0.0,0.0,0.0,0.0,0.0,0.0,0.0,0.0,0.0,False,0,normal,4,summer,0.0,0.0,0.0,0.0
Chennai,13.0827,80.2707,2000-04-18,2000-04-21 15:00:00,84,84,87,0.0,0.0,0.0,0.0,0.0,0.0,0.0,0.0,0.0,0.0,0.0,False,0,normal,4,summer,0.0,0.0,0.0,0.0
Chennai,13.0827,80.2707,2000-04-18,2000-04-21 21:00:00,90,90,93,0.0,0.0,0.0,0.0,0.0,0.0,0.0014305114746093,-0.0014305114746093,-0.0014305114746093,0.0014305114746093,0.0014305114746093,False,0,normal,4,summer,0.0,0.0,0.0,0.0
Chennai,13.0827,80.2707,2000-04-18,2000-04-22 03:00:00,96,96,99,0.0,0.0,0.0,0.0,0.0,0.0,0.0,0.0,0.0,0.0,0.0,False,0,normal,4,summer,0.0,0.0,0.0,0.0
Chennai,13.0827,80.2707,2000-04-18,2000-04-22 09:00:00,102,102,105,0.0,0.0,0.0,0.0,0.0,0.0,0.0,0.0,0.0,0.0,0.0,False,0,normal,4,summer,0.0,0.0,0.0,0.0
Chennai,13.0827,80.2707,2000-04-18,2000-04-22 15:00:00,108,108,111,0.0,0.0,0.0,0.0,0.0,0.0,0.0,0.0,0.0,0.0,0.0,False,0,normal,4,summer,0.0,0.0,0.0,0.0
Chennai,13.0827,80.2707,2000-04-18,2000-04-22 21:00:00,114,114,117,0.0,0.0,0.0,0.0,0.0,0.0,0.0028610229492187,-0.0028610229492187,-0.0028610229492187,0.0028610229492187,0.0028610229492187,False,0,normal,4,summer,0.0,0.0,0.0,0.0
Chennai,13.0827,80.2707,2000-04-18,2000-04-23 03:00:00,120,120,123,0.0,0.0,0.0,0.0,0.0,0.0,0.0,0.0,0.0,0.0,0.0,False,0,normal,4,summer,0.0,0.0,0.0,0.0
Chennai,13.0827,80.2707,2000-04-18,2000-04-23 09:00:00,126,126,129,0.0,0.0,0.0,0.0,0.0,0.0,0.0,0.0,0.0,0.0,0.0,False,0,normal,4,summer,0.0,0.0,0.0,0.0
Chennai,13.0827,80.2707,2000-04-18,2000-04-23 15:00:00,132,132,135,0.0,0.0,0.0,0.0,0.0,0.0,0.0,0.0,0.0,0.0,0.0,False,0,normal,4,summer,0.0,0.0,0.0,0.0
Chennai,13.0827,80.2707,2000-04-18,2000-04-23 21:00:00,138,138,141,0.0,0.0,0.0,0.0,0.0,0.0,0.0,0.0,0.0,0.0,0.0,False,0,normal,4,summer,0.0,0.0,0.0,0.0
Chennai,13.0827,80.2707,2000-04-18,2000-04-24 03:00:00,144,144,147,0.0,0.014,0.0,0.0,0.07,0.07,0.0095367431640625,-0.0095367431640625,0.0044632568359375,0.0095367431640625,0.0044632568359375,False,0,normal,4,summer,-0.014,0.6140350877192983,0.6140350877192983,0.014
Chennai,13.0827,80.2707,2000-04-18,2000-04-24 09:00:00,150,150,153,0.0,0.0,0.0,0.0,0.0,0.0,0.0,0.0,0.0,0.0,0.0,False,0,normal,4,summer,0.0,0.0,0.0,0.0
Chennai,13.0827,80.2707,2000-04-18,2000-04-24 15:00:00,156,156,159,0.0,0.0,0.0,0.0,0.0,0.0,0.0,0.0,0.0,0.0,0.0,False,0,normal,4,summer,0.0,0.0,0.0,0.0
Chennai,13.0827,80.2707,2000-04-18,2000-04-24 21:00:00,162,162,165,0.0,0.0,0.0,0.0,0.0,0.0,0.0,0.0,0.0,0.0,0.0,False,0,normal,4,summer,0.0,0.0,0.0,0.0
Chennai,13.0827,80.2707,2000-04-18,2000-04-25 03:00:00,168,168,171,0.0,0.0,0.0,0.0,0.0,0.0,0.0,0.0,0.0,0.0,0.0,False,0,normal,4,summer,0.0,0.0,0.0,0.0
Chennai,13.0827,80.2707,2000-04-18,2000-04-25 09:00:00,174,174,177,0.0,0.0,0.0,0.0,0.0,0.0,1.3017654418945312,-1.3017654418945312,-1.3017654418945312,1.3017654418945312,1.3017654418945312,True,0,normal,4,summer,0.0,0.0,0.0,0.0
Chennai,13.0827,80.2707,2000-04-18,2000-04-25 15:00:00,180,180,183,0.0,0.0,0.0,0.0,0.0,0.0,0.0,0.0,0.0,0.0,0.0,False,0,normal,4,summer,0.0,0.0,0.0,0.0
Chennai,13.0827,80.2707,2000-04-18,2000-04-25 21:00:00,186,186,189,0.0,0.0,0.0,0.0,0.0,0.0,0.0,0.0,0.0,0.0,0.0,False,0,normal,4,summer,0.0,0.0,0.0,0.0
Chennai,13.0827,80.2707,2000-04-18,2000-04-26 03:00:00,192,192,195,0.0,0.02,0.0,0.0,0.1,0.1,0.0,0.0,0.02,0.0,0.02,False,0,normal,4,summer,-0.02,0.8333333333333333,0.8333333333333333,0.02
Chennai,13.0827,80.2707,2000-04-18,2000-04-26 09:00:00,198,198,201,0.0,0.0,0.0,0.0,0.0,0.0,0.0047683715820312,-0.0047683715820312,-0.0047683715820312,0.0047683715820312,0.0047683715820312,False,0,normal,4,summer,0.0,0.0,0.0,0.0
Chennai,13.0827,80.2707,2000-04-18,2000-04-26 15:00:00,204,204,207,0.0,0.0,0.0,0.0,0.0,0.0,0.0,0.0,0.0,0.0,0.0,False,0,normal,4,summer,0.0,0.0,0.0,0.0
Chennai,13.0827,80.2707,2000-04-18,2000-04-26 21:00:00,210,210,213,0.0,0.0,0.0,0.0,0.0,0.0,0.0,0.0,0.0,0.0,0.0,False,0,normal,4,summer,0.0,0.0,0.0,0.0
Chennai,13.0827,80.2707,2000-04-18,2000-04-27 03:00:00,216,216,219,0.0,0.16,0.0,0.0,0.8,0.8,0.0,0.0,0.16,0.0,0.16,False,0,normal,4,summer,-0.16,3.076923076923077,3.076923076923077,0.16
Chennai,13.0827,80.2707,2000-04-18,2000-04-27 09:00:00,222,222,225,0.0,0.0,0.0,0.0,0.0,0.0,0.0152587890625,-0.0152587890625,-0.0152587890625,0.0152587890625,0.0152587890625,False,0,normal,4,summer,0.0,0.0,0.0,0.0
Chennai,13.0827,80.2707,2000-04-18,2000-04-27 15:00:00,228,228,231,0.0,0.0,0.0,0.0,0.0,0.0,0.0,0.0,0.0,0.0,0.0,False,0,normal,4,summer,0.0,0.0,0.0,0.0
Chennai,13.0827,80.2707,2000-04-18,2000-04-27 21:00:00,234,234,237,0.0,0.0,0.0,0.0,0.0,0.0,0.0,0.0,0.0,0.0,0.0,False,0,normal,4,summer,0.0,0.0,0.0,0.0
Chennai,13.0827,80.2707,2000-05-06,2000-05-06 03:00:00,0,0,3,0.0,0.0,0.0,0.0,0.0,0.0,0.0152587890625,-0.0152587890625,-0.0152587890625,0.0152587890625,0.0152587890625,False,0,normal,5,summer,0.0,0.0,0.0,0.0
Chennai,13.0827,80.2707,2000-05-06,2000-05-06 09:00:00,6,6,9,0.0,0.0,0.0,0.0,0.0,0.0,0.0019073486328125,-0.0019073486328125,-0.0019073486328125,0.0019073486328125,0.0019073486328125,False,0,normal,5,summer,0.0,0.0,0.0,0.0
Chennai,13.0827,80.2707,2000-05-06,2000-05-06 15:00:00,12,12,15,0.0,0.0,0.0,0.0,0.0,0.0,0.0,0.0,0.0,0.0,0.0,False,0,normal,5,summer,0.0,0.0,0.0,0.0
Chennai,13.0827,80.2707,2000-05-06,2000-05-06 21:00:00,18,18,21,0.0,0.0,0.0,0.0,0.0,0.0,0.0524520874023437,-0.0524520874023437,-0.0524520874023437,0.0524520874023437,0.0524520874023437,False,0,normal,5,summer,0.0,0.0,0.0,0.0
Chennai,13.0827,80.2707,2000-05-06,2000-05-07 03:00:00,24,24,27,1.9,1.238,1.2000000000000002,0.0,2.3000000000000003,2.3000000000000003,0.0,1.9,1.238,1.9,1.238,True,1,false_alarm,5,summer,0.6619999999999999,1.7189835575485801,1.7189835575485801,1.238
Chennai,13.0827,80.2707,2000-05-06,2000-05-07 09:00:00,30,30,33,0.0,0.0,0.0,0.0,0.0,0.0,0.0033378601074218,-0.0033378601074218,-0.0033378601074218,0.0033378601074218,0.0033378601074218,False,0,normal,5,summer,0.0,0.0,0.0,0.0
Chennai,13.0827,80.2707,2000-05-06,2000-05-07 15:00:00,36,36,39,0.0,0.0,0.0,0.0,0.0,0.0,0.0,0.0,0.0,0.0,0.0,False,0,normal,5,summer,0.0,0.0,0.0,0.0
Chennai,13.0827,80.2707,2000-05-06,2000-05-07 21:00:00,42,42,45,0.0,0.0,0.0,0.0,0.0,0.0,0.0085830688476562,-0.0085830688476562,-0.0085830688476562,0.0085830688476562,0.0085830688476562,False,0,normal,5,summer,0.0,0.0,0.0,0.0
Chennai,13.0827,80.2707,2000-05-06,2000-05-08 03:00:00,48,48,51,0.0,0.24,0.0,0.0,0.9,0.9,0.1664161682128906,-0.1664161682128906,0.0735838317871094,0.1664161682128906,0.0735838317871094,False,0,normal,5,summer,-0.24,2.647058823529412,2.647058823529412,0.24
Chennai,13.0827,80.2707,2000-05-06,2000-05-08 09:00:00,54,54,57,0.0,0.0,0.0,0.0,0.0,0.0,0.1020431518554687,-0.1020431518554687,-0.1020431518554687,0.1020431518554687,0.1020431518554687,False,0,normal,5,summer,0.0,0.0,0.0,0.0
Chennai,13.0827,80.2707,2000-05-06,2000-05-08 15:00:00,60,60,63,0.0,0.0,0.0,0.0,0.0,0.0,0.0,0.0,0.0,0.0,0.0,False,0,normal,5,summer,0.0,0.0,0.0,0.0
Chennai,13.0827,80.2707,2000-05-06,2000-05-08 21:00:00,66,66,69,0.0,0.0,0.0,0.0,0.0,0.0,0.1273155212402343,-0.1273155212402343,-0.1273155212402343,0.1273155212402343,0.1273155212402343,False,0,normal,5,summer,0.0,0.0,0.0,0.0
Chennai,13.0827,80.2707,2000-05-06,2000-05-09 03:00:00,72,72,75,0.0,0.0,0.0,0.0,0.0,0.0,0.3528594970703125,-0.3528594970703125,-0.3528594970703125,0.3528594970703125,0.3528594970703125,False,0,normal,5,summer,0.0,0.0,0.0,0.0
Chennai,13.0827,80.2707,2000-05-06,2000-05-09 09:00:00,78,78,81,0.0,0.0,0.0,0.0,0.0,0.0,0.0667572021484375,-0.0667572021484375,-0.0667572021484375,0.0667572021484375,0.0667572021484375,False,0,normal,5,summer,0.0,0.0,0.0,0.0
Chennai,13.0827,80.2707,2000-05-06,2000-05-09 15:00:00,84,84,87,0.0,0.0,0.0,0.0,0.0,0.0,0.0,0.0,0.0,0.0,0.0,False,0,normal,5,summer,0.0,0.0,0.0,0.0
Chennai,13.0827,80.2707,2000-05-06,2000-05-09 21:00:00,90,90,93,0.0,0.0,0.0,0.0,0.0,0.0,0.0,0.0,0.0,0.0,0.0,False,0,normal,5,summer,0.0,0.0,0.0,0.0
Chennai,13.0827,80.2707,2000-05-06,2000-05-10 03:00:00,96,96,99,0.0,0.12,0.0,0.0,0.6000000000000001,0.6000000000000001,0.0,0.0,0.12,0.0,0.12,False,0,normal,5,summer,-0.12,2.7272727272727275,2.7272727272727275,0.12
Chennai,13.0827,80.2707,2000-05-06,2000-05-10 09:00:00,102,102,105,0.0,0.0,0.0,0.0,0.0,0.0,0.1659393310546875,-0.1659393310546875,-0.1659393310546875,0.1659393310546875,0.1659393310546875,False,0,normal,5,summer,0.0,0.0,0.0,0.0
Chennai,13.0827,80.2707,2000-05-06,2000-05-10 15:00:00,108,108,111,0.0,0.0,0.0,0.0,0.0,0.0,0.0,0.0,0.0,0.0,0.0,False,0,normal,5,summer,0.0,0.0,0.0,0.0
Chennai,13.0827,80.2707,2000-05-06,2000-05-10 21:00:00,114,114,117,0.0,0.0,0.0,0.0,0.0,0.0,0.0,0.0,0.0,0.0,0.0,False,0,normal,5,summer,0.0,0.0,0.0,0.0
Chennai,13.0827,80.2707,2000-05-06,2000-05-11 03:00:00,120,120,123,0.0,0.02,0.0,0.0,0.1,0.1,0.0,0.0,0.02,0.0,0.02,False,0,normal,5,summer,-0.02,0.8333333333333333,0.8333333333333333,0.02
Chennai,13.0827,80.2707,2000-05-06,2000-05-11 09:00:00,126,126,129,0.0,0.06,0.0,0.0,0.3,0.3,0.2522468566894531,-0.2522468566894531,-0.1922468566894531,0.2522468566894531,0.1922468566894531,False,0,normal,5,summer,-0.06,1.875,1.875,0.06
Chennai,13.0827,80.2707,2000-05-06,2000-05-11 15:00:00,132,132,135,0.0,0.56,0.0,0.0,2.6,2.6,0.0,0.0,0.56,0.0,0.56,False,0,normal,5,summer,-0.56,3.9393939393939394,3.9393939393939394,0.56
Chennai,13.0827,80.2707,2000-05-06,2000-05-11 21:00:00,138,138,141,0.0,0.306,0.0,0.0,1.1,1.1,0.0,0.0,0.306,0.0,0.306,False,0,normal,5,summer,-0.306,2.70935960591133,2.70935960591133,0.306
Chennai,13.0827,80.2707,2000-05-06,2000-05-12 03:00:00,144,144,147,0.0,0.002,0.0,0.0,0.01,0.01,0.0,0.0,0.002,0.0,0.002,False,0,normal,5,summer,-0.002,0.09803921568627451,0.09803921568627451,0.002
Chennai,13.0827,80.2707,2000-05-06,2000-05-12 09:00:00,150,150,153,0.0,0.0,0.0,0.0,0.0,0.0,0.0,0.0,0.0,0.0,0.0,False,0,normal,5,summer,0.0,0.0,0.0,0.0
Chennai,13.0827,80.2707,2000-05-06,2000-05-12 15:00:00,156,156,159,0.0,3.7,0.0,0.0,18.5,18.5,0.0,0.0,3.7,0.0,3.7,False,0,normal,5,summer,-3.7,4.868421052631579,4.868421052631579,3.7
Chennai,13.0827,80.2707,2000-05-06,2000-05-12 21:00:00,162,162,165,0.0,0.0,0.0,0.0,0.0,0.0,0.0,0.0,0.0,0.0,0.0,False,0,normal,5,summer,0.0,0.0,0.0,0.0
Chennai,13.0827,80.2707,2000-05-06,2000-05-13 03:00:00,168,168,171,0.0,0.02,0.0,0.0,0.1,0.1,0.0,0.0,0.02,0.0,0.02,False,0,normal,5,summer,-0.02,0.8333333333333333,0.8333333333333333,0.02
Chennai,13.0827,80.2707,2000-05-06,2000-05-13 09:00:00,174,174,177,0.0,0.06,0.0,0.0,0.3,0.3,0.0,0.0,0.06,0.0,0.06,False,0,normal,5,summer,-0.06,1.875,1.875,0.06
Chennai,13.0827,80.2707,2000-05-06,2000-05-13 15:00:00,180,180,183,0.0,0.0,0.0,0.0,0.0,0.0,0.0,0.0,0.0,0.0,0.0,False,0,normal,5,summer,0.0,0.0,0.0,0.0
Chennai,13.0827,80.2707,2000-05-06,2000-05-13 21:00:00,186,186,189,0.0,0.922,0.0,0.0,4.6000000000000005,4.6000000000000005,0.0,0.0,0.922,0.0,0.922,False,0,normal,5,summer,-0.922,4.500978473581214,4.500978473581214,0.922
Chennai,13.0827,80.2707,2000-05-06,2000-05-14 03:00:00,192,192,195,0.0,0.0,0.0,0.0,0.0,0.0,0.0,0.0,0.0,0.0,0.0,False,0,normal,5,summer,0.0,0.0,0.0,0.0
Chennai,13.0827,80.2707,2000-05-06,2000-05-14 09:00:00,198,198,201,0.0,0.0,0.0,0.0,0.0,0.0,0.0,0.0,0.0,0.0,0.0,False,0,normal,5,summer,0.0,0.0,0.0,0.0
Chennai,13.0827,80.2707,2000-05-06,2000-05-14 15:00:00,204,204,207,0.0,0.2319999999999999,0.0,0.0,1.16,1.16,0.0,0.0,0.2319999999999999,0.0,0.2319999999999999,False,0,normal,5,summer,-0.2319999999999999,3.4939759036144586,3.4939759036144586,0.2319999999999999
Chennai,13.0827,80.2707,2000-05-06,2000-05-14 21:00:00,210,210,213,0.0,0.0,0.0,0.0,0.0,0.0,0.0,0.0,0.0,0.0,0.0,False,0,normal,5,summer,0.0,0.0,0.0,0.0
Chennai,13.0827,80.2707,2000-05-06,2000-05-15 03:00:00,216,216,219,0.0,0.02,0.0,0.0,0.1,0.1,0.0,0.0,0.02,0.0,0.02,False,0,normal,5,summer,-0.02,0.8333333333333333,0.8333333333333333,0.02
Chennai,13.0827,80.2707,2000-05-06,2000-05-15 09:00:00,222,222,225,0.0,0.0,0.0,0.0,0.0,0.0,0.0,0.0,0.0,0.0,0.0,False,0,normal,5,summer,0.0,0.0,0.0,0.0
Chennai,13.0827,80.2707,2000-05-06,2000-05-15 15:00:00,228,228,231,0.0,0.0,0.0,0.0,0.0,0.0,0.0,0.0,0.0,0.0,0.0,False,0,normal,5,summer,0.0,0.0,0.0,0.0
Chennai,13.0827,80.2707,2000-05-06,2000-05-15 21:00:00,234,234,237,0.0,0.182,0.0,0.0,0.91,0.91,0.0,0.0,0.182,0.0,0.182,False,0,normal,5,summer,-0.182,3.226950354609929,3.226950354609929,0.182
Chennai,13.0827,80.2707,2000-05-24,2000-05-24 03:00:00,0,0,3,0.0,0.0,0.0,0.0,0.0,0.0,0.1511573791503906,-0.1511573791503906,-0.1511573791503906,0.1511573791503906,0.1511573791503906,False,0,normal,5,summer,0.0,0.0,0.0,0.0
Chennai,13.0827,80.2707,2000-05-24,2000-05-24 09:00:00,6,6,9,0.1,0.13,0.1,0.0,0.45,0.45,0.9675025939941406,-0.8675025939941406,-0.8375025939941406,0.8675025939941406,0.8375025939941406,False,0,normal,5,summer,-0.03,1.9565217391304348,1.9565217391304348,0.13
Chennai,13.0827,80.2707,2000-05-24,2000-05-24 15:00:00,12,12,15,0.0,0.4800000000000001,0.0,0.0,1.7000000000000002,1.7000000000000002,0.0,0.0,0.4800000000000001,0.0,0.4800000000000001,False,0,normal,5,summer,-0.4800000000000001,2.9310344827586206,2.9310344827586206,0.4800000000000001
Chennai,13.0827,80.2707,2000-05-24,2000-05-24 21:00:00,18,18,21,0.0,0.0,0.0,0.0,0.0,0.0,2.8820037841796875,-2.8820037841796875,-2.8820037841796875,2.8820037841796875,2.8820037841796875,True,1,missed_event,5,summer,0.0,0.0,0.0,0.0
Chennai,13.0827,80.2707,2000-05-24,2000-05-25 03:00:00,24,24,27,0.0,0.002,0.0,0.0,0.01,0.01,0.0,0.0,0.002,0.0,0.002,False,0,normal,5,summer,-0.002,0.09803921568627451,0.09803921568627451,0.002
Chennai,13.0827,80.2707,2000-05-24,2000-05-25 09:00:00,30,30,33,0.02,0.084,0.0,0.0,0.4,0.4,0.0090599060058593,0.0109400939941407,0.0749400939941407,0.0109400939941407,0.0749400939941407,False,0,normal,5,summer,-0.064,2.173913043478261,2.173913043478261,0.084
Chennai,13.0827,80.2707,2000-05-24,2000-05-25 15:00:00,36,36,39,0.0,0.18,0.0,0.0,0.9,0.9,2.4290084838867188,-2.4290084838867188,-2.2490084838867186,2.4290084838867188,2.2490084838867186,True,1,missed_event,5,summer,-0.18,3.214285714285714,3.214285714285714,0.18
Chennai,13.0827,80.2707,2000-05-24,2000-05-25 21:00:00,42,42,45,0.0,0.2,0.0,0.0,1.0,1.0,0.0071525573730468,-0.0071525573730468,0.1928474426269532,0.0071525573730468,0.1928474426269532,False,0,normal,5,summer,-0.2,3.333333333333333,3.333333333333333,0.2
Chennai,13.0827,80.2707,2000-05-24,2000-05-26 03:00:00,48,48,51,0.0,0.004,0.0,0.0,0.01,0.01,0.0,0.0,0.004,0.0,0.004,False,0,normal,5,summer,-0.004,0.09615384615384615,0.09615384615384615,0.004
Chennai,13.0827,80.2707,2000-05-24,2000-05-26 09:00:00,54,54,57,0.0,0.06,0.0,0.0,0.3,0.3,0.2703666687011719,-0.2703666687011719,-0.2103666687011718,0.2703666687011719,0.2103666687011718,False,0,normal,5,summer,-0.06,1.875,1.875,0.06
Chennai,13.0827,80.2707,2000-05-24,2000-05-26 15:00:00,60,60,63,1.13,0.466,0.0,0.0,1.2000000000000002,1.2000000000000002,0.7357597351074219,0.394240264892578,-0.2697597351074218,0.394240264892578,0.2697597351074218,True,0,normal,5,summer,0.6639999999999999,2.1201413427561837,2.1201413427561837,0.466
Chennai,13.0827,80.2707,2000-05-24,2000-05-26 21:00:00,66,66,69,10.6,2.218,0.0,0.0,10.6,10.6,0.0,10.6,2.218,10.6,2.218,True,1,false_alarm,5,summer,8.382,4.57290767903365,4.57290767903365,2.218
Chennai,13.0827,80.2707,2000-05-24,2000-05-27 03:00:00,72,72,75,0.24,0.074,0.0,0.0,0.24,0.24,0.0,0.24,0.074,0.24,0.074,False,0,normal,5,summer,0.16599999999999998,1.3793103448275863,1.3793103448275863,0.074
Chennai,13.0827,80.2707,2000-05-24,2000-05-27 09:00:00,78,78,81,0.0,0.224,0.0,0.0,1.12,1.12,0.0028610229492187,-0.0028610229492187,0.2211389770507813,0.0028610229492187,0.2211389770507813,False,0,normal,5,summer,-0.224,3.4567901234567904,3.4567901234567904,0.224
Chennai,13.0827,80.2707,2000-05-24,2000-05-27 15:00:00,84,84,87,0.0,3.98,0.0,0.0,19.9,19.9,0.0,0.0,3.98,0.0,3.98,False,0,normal,5,summer,-3.98,4.877450980392156,4.877450980392156,3.98
Chennai,13.0827,80.2707,2000-05-24,2000-05-27 21:00:00,90,90,93,1.79,0.654,0.6000000000000001,0.0,1.79,1.79,0.0,1.79,0.654,1.79,0.654,True,1,false_alarm,5,summer,1.1360000000000001,2.374005305039788,2.374005305039788,0.654
Chennai,13.0827,80.2707,2000-05-24,2000-05-28 03:00:00,96,96,99,1.82,0.852,0.74,0.0,1.82,1.82,0.0,1.82,0.852,1.82,0.852,True,1,false_alarm,5,summer,0.9680000000000001,1.911764705882353,1.911764705882353,0.852
Chennai,13.0827,80.2707,2000-05-24,2000-05-28 09:00:00,102,102,105,0.0,0.0,0.0,0.0,0.0,0.0,0.0061988830566406,-0.0061988830566406,-0.0061988830566406,0.0061988830566406,0.0061988830566406,False,0,normal,5,summer,0.0,0.0,0.0,0.0
Chennai,13.0827,80.2707,2000-05-24,2000-05-28 15:00:00,108,108,111,0.0,0.718,0.68,0.0,1.5,1.5,0.0,0.0,0.718,0.0,0.718,False,0,normal,5,summer,-0.718,1.8337408312958436,1.8337408312958436,0.718
Chennai,13.0827,80.2707,2000-05-24,2000-05-28 21:00:00,114,114,117,0.0,0.01,0.01,0.0,0.03,0.03,0.0,0.0,0.01,0.0,0.01,False,0,normal,5,summer,-0.01,0.2727272727272727,0.2727272727272727,0.01
Chennai,13.0827,80.2707,2000-05-24,2000-05-29 03:00:00,120,120,123,0.0,0.0,0.0,0.0,0.0,0.0,0.0,0.0,0.0,0.0,0.0,False,0,normal,5,summer,0.0,0.0,0.0,0.0
Chennai,13.0827,80.2707,2000-05-24,2000-05-29 09:00:00,126,126,129,0.0,0.0,0.0,0.0,0.0,0.0,0.0009536743164062,-0.0009536743164062,-0.0009536743164062,0.0009536743164062,0.0009536743164062,False,0,normal,5,summer,0.0,0.0,0.0,0.0
Chennai,13.0827,80.2707,2000-05-24,2000-05-29 15:00:00,132,132,135,0.0,0.51,0.0,0.0,2.35,2.35,0.1773834228515625,-0.1773834228515625,0.3326165771484375,0.1773834228515625,0.3326165771484375,False,0,normal,5,summer,-0.51,3.8524590163934427,3.8524590163934427,0.51
Chennai,13.0827,80.2707,2000-05-24,2000-05-29 21:00:00,138,138,141,0.1,0.12,0.0,0.0,0.5,0.5,0.0009536743164062,0.0990463256835938,0.1190463256835938,0.0990463256835938,0.1190463256835938,False,0,normal,5,summer,-0.01999999999999999,2.272727272727273,2.272727272727273,0.12
Chennai,13.0827,80.2707,2000-05-24,2000-05-30 03:00:00,144,144,147,0.0,0.106,0.0,0.0,0.53,0.53,0.0,0.0,0.106,0.0,0.106,False,0,normal,5,summer,-0.106,2.5728155339805823,2.5728155339805823,0.106
Chennai,13.0827,80.2707,2000-05-24,2000-05-30 09:00:00,150,150,153,0.0,0.064,0.0,0.0,0.32,0.32,0.0314712524414062,-0.0314712524414062,0.0325287475585938,0.0314712524414062,0.0325287475585938,False,0,normal,5,summer,-0.064,1.951219512195122,1.951219512195122,0.064
Chennai,13.0827,80.2707,2000-05-24,2000-05-30 15:00:00,156,156,159,0.0,0.0,0.0,0.0,0.0,0.0,3.5276412963867188,-3.5276412963867188,-3.5276412963867188,3.5276412963867188,3.5276412963867188,True,1,missed_event,5,summer,0.0,0.0,0.0,0.0
Chennai,13.0827,80.2707,2000-05-24,2000-05-30 21:00:00,162,162,165,0.5,0.104,0.0,0.0,0.5,0.5,0.0,0.5,0.104,0.5,0.104,False,0,normal,5,summer,0.396,2.4509803921568625,2.4509803921568625,0.104
Chennai,13.0827,80.2707,2000-05-24,2000-05-31 03:00:00,168,168,171,0.0,0.0,0.0,0.0,0.0,0.0,0.0,0.0,0.0,0.0,0.0,False,0,normal,5,summer,0.0,0.0,0.0,0.0
Chennai,13.0827,80.2707,2000-05-24,2000-05-31 09:00:00,174,174,177,0.0,0.002,0.0,0.0,0.01,0.01,0.9131431579589844,-0.9131431579589844,-0.9111431579589844,0.9131431579589844,0.9111431579589844,False,0,normal,5,summer,-0.002,0.09803921568627451,0.09803921568627451,0.002
Chennai,13.0827,80.2707,2000-05-24,2000-05-31 15:00:00,180,180,183,0.0,0.02,0.0,0.0,0.1,0.1,0.0,0.0,0.02,0.0,0.02,False,0,normal,5,summer,-0.02,0.8333333333333333,0.8333333333333333,0.02
Chennai,13.0827,80.2707,2000-05-24,2000-05-31 21:00:00,186,186,189,0.6,0.24,0.2,0.0,0.6,0.6,0.0448226928710937,0.5551773071289062,0.1951773071289063,0.5551773071289062,0.1951773071289063,False,0,normal,5,summer,0.36,1.7647058823529413,1.7647058823529413,0.24
Chennai,13.0827,80.2707,2000-05-24,2000-06-01 03:00:00,192,192,195,1.02,0.204,0.0,0.0,1.02,1.02,0.1244544982910156,0.8955455017089844,0.0795455017089843,0.8955455017089844,0.0795455017089843,True,0,normal,6,monsoon,0.8160000000000001,3.355263157894737,3.355263157894737,0.204
Chennai,13.0827,80.2707,2000-05-24,2000-06-01 09:00:00,198,198,201,0.0,0.118,0.0,0.0,0.59,0.59,0.0324249267578125,-0.0324249267578125,0.0855750732421875,0.0324249267578125,0.0855750732421875,False,0,normal,6,monsoon,-0.118,2.706422018348624,2.706422018348624,0.118
Chennai,13.0827,80.2707,2000-05-24,2000-06-01 15:00:00,204,204,207,0.0,1.764,0.0,0.0,5.9,5.9,1.0762214660644531,-1.0762214660644531,0.6877785339355469,1.0762214660644531,0.6877785339355469,True,0,normal,6,monsoon,-1.764,3.165236051502146,3.165236051502146,1.764
Chennai,13.0827,80.2707,2000-05-24,2000-06-01 21:00:00,210,210,213,0.0,2.336,0.0,0.0,11.4,11.4,0.0066757202148437,-0.0066757202148437,2.329324279785156,0.0066757202148437,2.329324279785156,False,0,normal,6,monsoon,-2.336,4.679802955665025,4.679802955665025,2.336
Chennai,13.0827,80.2707,2000-05-24,2000-06-02 03:00:00,216,216,219,2.9000000000000004,1.086,0.5,0.0,2.9000000000000004,2.9000000000000004,0.0,2.9000000000000004,1.086,2.9000000000000004,1.086,True,1,false_alarm,6,monsoon,1.8140000000000003,2.445193929173693,2.445193929173693,1.086
Chennai,13.0827,80.2707,2000-05-24,2000-06-02 09:00:00,222,222,225,0.0,1.068,0.0,0.0,3.94,3.94,0.0443458557128906,-0.0443458557128906,1.0236541442871094,0.0443458557128906,1.0236541442871094,False,0,normal,6,monsoon,-1.068,3.3732876712328763,3.3732876712328763,1.068
Chennai,13.0827,80.2707,2000-05-24,2000-06-02 15:00:00,228,228,231,1.7000000000000002,0.52,0.0,0.0,1.7000000000000002,1.7000000000000002,2.993106842041016,-1.293106842041016,-2.473106842041016,1.293106842041016,2.473106842041016,True,0,normal,6,monsoon,1.1800000000000002,2.741935483870968,2.741935483870968,0.52
Chennai,13.0827,80.2707,2000-05-24,2000-06-02 21:00:00,234,234,237,0.0,1.044,0.4,0.0,4.3,4.3,0.0,0.0,1.044,0.0,1.044,False,0,normal,6,monsoon,-1.044,3.7587412587412583,3.7587412587412583,1.044
Chennai,13.0827,80.2707,2000-06-11,2000-06-11 03:00:00,0,0,3,0.0,0.0,0.0,0.0,0.0,0.0,0.0,0.0,0.0,0.0,0.0,False,0,normal,6,monsoon,0.0,0.0,0.0,0.0
Chennai,13.0827,80.2707,2000-06-11,2000-06-11 09:00:00,6,6,9,0.0,0.0,0.0,0.0,0.0,0.0,0.0176429748535156,-0.0176429748535156,-0.0176429748535156,0.0176429748535156,0.0176429748535156,False,0,normal,6,monsoon,0.0,0.0,0.0,0.0
Chennai,13.0827,80.2707,2000-06-11,2000-06-11 15:00:00,12,12,15,0.6000000000000001,2.06,2.3000000000000003,0.6000000000000001,3.3000000000000003,2.7,2.040863037109375,-1.440863037109375,0.019136962890625,1.440863037109375,0.019136962890625,True,0,normal,6,monsoon,-1.46,1.25,1.25,2.06
Chennai,13.0827,80.2707,2000-06-11,2000-06-11 21:00:00,18,18,21,0.0,1.948,0.6000000000000001,0.0,5.6000000000000005,5.6000000000000005,0.0,0.0,1.948,0.0,1.948,False,0,normal,6,monsoon,-1.948,2.734375,2.734375,1.948
Chennai,13.0827,80.2707,2000-06-11,2000-06-12 03:00:00,24,24,27,0.0,0.0,0.0,0.0,0.0,0.0,0.0028610229492187,-0.0028610229492187,-0.0028610229492187,0.0028610229492187,0.0028610229492187,False,0,normal,6,monsoon,0.0,0.0,0.0,0.0
Chennai,13.0827,80.2707,2000-06-11,2000-06-12 09:00:00,30,30,33,0.0,0.042,0.0,0.0,0.2,0.2,0.011444091796875,-0.011444091796875,0.030555908203125,0.011444091796875,0.030555908203125,False,0,normal,6,monsoon,-0.042,1.408450704225352,1.408450704225352,0.042
Chennai,13.0827,80.2707,2000-06-11,2000-06-12 15:00:00,36,36,39,0.03,0.764,0.03,0.0,3.25,3.25,0.0009536743164062,0.0290463256835937,0.7630463256835938,0.0290463256835937,0.7630463256835938,False,0,normal,6,monsoon,-0.734,3.761574074074074,3.761574074074074,0.764
Chennai,13.0827,80.2707,2000-06-11,2000-06-12 21:00:00,42,42,45,0.0,0.0,0.0,0.0,0.0,0.0,0.0,0.0,0.0,0.0,0.0,False,0,normal,6,monsoon,0.0,0.0,0.0,0.0
Chennai,13.0827,80.2707,2000-06-11,2000-06-13 03:00:00,48,48,51,0.0,0.0,0.0,0.0,0.0,0.0,0.0,0.0,0.0,0.0,0.0,False,0,normal,6,monsoon,0.0,0.0,0.0,0.0
Chennai,13.0827,80.2707,2000-06-11,2000-06-13 09:00:00,54,54,57,0.0,0.0,0.0,0.0,0.0,0.0,0.0,0.0,0.0,0.0,0.0,False,0,normal,6,monsoon,0.0,0.0,0.0,0.0
Chennai,13.0827,80.2707,2000-06-11,2000-06-13 15:00:00,60,60,63,1.48,0.296,0.0,0.0,1.48,1.48,0.0452995300292968,1.434700469970703,0.2507004699707031,1.434700469970703,0.2507004699707031,True,0,normal,6,monsoon,1.184,3.737373737373737,3.737373737373737,0.296
Chennai,13.0827,80.2707,2000-06-11,2000-06-13 21:00:00,66,66,69,0.0,0.0,0.0,0.0,0.0,0.0,0.0,0.0,0.0,0.0,0.0,False,0,normal,6,monsoon,0.0,0.0,0.0,0.0
Chennai,13.0827,80.2707,2000-06-11,2000-06-14 03:00:00,72,72,75,0.0,0.002,0.0,0.0,0.01,0.01,0.0,0.0,0.002,0.0,0.002,False,0,normal,6,monsoon,-0.002,0.09803921568627451,0.09803921568627451,0.002
Chennai,13.0827,80.2707,2000-06-11,2000-06-14 09:00:00,78,78,81,0.0,0.0,0.0,0.0,0.0,0.0,0.0,0.0,0.0,0.0,0.0,False,0,normal,6,monsoon,0.0,0.0,0.0,0.0
Chennai,13.0827,80.2707,2000-06-11,2000-06-14 15:00:00,84,84,87,0.0,0.008,0.0,0.0,0.04,0.04,0.0,0.0,0.008,0.0,0.008,False,0,normal,6,monsoon,-0.008,0.37037037037037035,0.37037037037037035,0.008
Chennai,13.0827,80.2707,2000-06-11,2000-06-14 21:00:00,90,90,93,0.0,0.04,0.0,0.0,0.2,0.2,0.0104904174804687,-0.0104904174804687,0.0295095825195313,0.0104904174804687,0.0295095825195313,False,0,normal,6,monsoon,-0.04,1.4285714285714286,1.4285714285714286,0.04
Chennai,13.0827,80.2707,2000-06-11,2000-06-15 03:00:00,96,96,99,0.0,0.002,0.0,0.0,0.01,0.01,0.0,0.0,0.002,0.0,0.002,False,0,normal,6,monsoon,-0.002,0.09803921568627451,0.09803921568627451,0.002
Chennai,13.0827,80.2707,2000-06-11,2000-06-15 09:00:00,102,102,105,0.0,0.0,0.0,0.0,0.0,0.0,0.0023841857910156,-0.0023841857910156,-0.0023841857910156,0.0023841857910156,0.0023841857910156,False,0,normal,6,monsoon,0.0,0.0,0.0,0.0
Chennai,13.0827,80.2707,2000-06-11,2000-06-15 15:00:00,108,108,111,2.91,0.612,0.02,0.0,2.91,2.91,0.0,2.91,0.612,2.91,0.612,True,1,false_alarm,6,monsoon,2.298,4.087078651685394,4.087078651685394,0.612
Chennai,13.0827,80.2707,2000-06-11,2000-06-15 21:00:00,114,114,117,0.0,0.006,0.0,0.0,0.02,0.02,0.0,0.0,0.006,0.0,0.006,False,0,normal,6,monsoon,-0.006,0.18867924528301885,0.18867924528301885,0.006
Chennai,13.0827,80.2707,2000-06-11,2000-06-16 03:00:00,120,120,123,0.0,0.0,0.0,0.0,0.0,0.0,0.0,0.0,0.0,0.0,0.0,False,0,normal,6,monsoon,0.0,0.0,0.0,0.0
Chennai,13.0827,80.2707,2000-06-11,2000-06-16 09:00:00,126,126,129,0.0,0.242,0.01,0.0,0.6000000000000001,0.6000000000000001,0.0,0.0,0.242,0.0,0.242,False,0,normal,6,monsoon,-0.242,1.754385964912281,1.754385964912281,0.242
Chennai,13.0827,80.2707,2000-06-11,2000-06-16 15:00:00,132,132,135,0.9,0.4599999999999999,0.0,0.0,1.4,1.4,0.0047683715820312,0.8952316284179688,0.4552316284179687,0.8952316284179688,0.4552316284179687,False,0,normal,6,monsoon,0.4400000000000001,2.5,2.5,0.4599999999999999
Chennai,13.0827,80.2707,2000-06-11,2000-06-16 21:00:00,138,138,141,0.0,0.466,0.0,0.0,2.33,2.33,0.209808349609375,-0.209808349609375,0.256191650390625,0.209808349609375,0.256191650390625,False,0,normal,6,monsoon,-0.466,4.11660777385159,4.11660777385159,0.466
Chennai,13.0827,80.2707,2000-06-11,2000-06-17 03:00:00,144,144,147,0.0,0.122,0.0,0.0,0.6000000000000001,0.6000000000000001,0.0,0.0,0.122,0.0,0.122,False,0,normal,6,monsoon,-0.122,2.702702702702703,2.702702702702703,0.122
Chennai,13.0827,80.2707,2000-06-11,2000-06-17 09:00:00,150,150,153,0.0,0.0,0.0,0.0,0.0,0.0,0.0061988830566406,-0.0061988830566406,-0.0061988830566406,0.0061988830566406,0.0061988830566406,False,0,normal,6,monsoon,0.0,0.0,0.0,0.0
Chennai,13.0827,80.2707,2000-06-11,2000-06-17 15:00:00,156,156,159,0.26,0.072,0.02,0.0,0.26,0.26,0.011444091796875,0.248555908203125,0.0605559082031249,0.248555908203125,0.0605559082031249,False,0,normal,6,monsoon,0.188,1.5116279069767444,1.5116279069767444,0.072
Chennai,13.0827,80.2707,2000-06-11,2000-06-17 21:00:00,162,162,165,0.0,6.176,0.2,0.0,27.18,27.18,0.0,0.0,6.176,0.0,6.176,False,0,normal,6,monsoon,-6.176,4.330783938814531,4.330783938814531,6.176
Chennai,13.0827,80.2707,2000-06-11,2000-06-18 03:00:00,168,168,171,0.0,0.0,0.0,0.0,0.0,0.0,0.0,0.0,0.0,0.0,0.0,False,0,normal,6,monsoon,0.0,0.0,0.0,0.0
Chennai,13.0827,80.2707,2000-06-11,2000-06-18 09:00:00,174,174,177,0.0,0.0,0.0,0.0,0.0,0.0,0.0,0.0,0.0,0.0,0.0,False,0,normal,6,monsoon,0.0,0.0,0.0,0.0
Chennai,13.0827,80.2707,2000-06-11,2000-06-18 15:00:00,180,180,183,0.0,0.012,0.0,0.0,0.06,0.06,0.0090599060058593,-0.0090599060058593,0.0029400939941407,0.0090599060058593,0.0029400939941407,False,0,normal,6,monsoon,-0.012,0.5357142857142857,0.5357142857142857,0.012
Chennai,13.0827,80.2707,2000-06-11,2000-06-18 21:00:00,186,186,189,0.78,0.762,0.78,0.0,1.69,1.69,0.0014305114746093,0.7785694885253908,0.7605694885253907,0.7785694885253908,0.7605694885253907,False,0,normal,6,monsoon,0.018000000000000016,1.9605568445475638,1.9605568445475638,0.762
Chennai,13.0827,80.2707,2000-06-11,2000-06-19 03:00:00,192,192,195,0.0,0.0,0.0,0.0,0.0,0.0,0.0,0.0,0.0,0.0,0.0,False,0,normal,6,monsoon,0.0,0.0,0.0,0.0
Chennai,13.0827,80.2707,2000-06-11,2000-06-19 09:00:00,198,198,201,0.0,0.0,0.0,0.0,0.0,0.0,0.0138282775878906,-0.0138282775878906,-0.0138282775878906,0.0138282775878906,0.0138282775878906,False,0,normal,6,monsoon,0.0,0.0,0.0,0.0
Chennai,13.0827,80.2707,2000-06-11,2000-06-19 15:00:00,204,204,207,1.2000000000000002,0.4720000000000001,0.4,0.0,1.2000000000000002,1.2000000000000002,0.888824462890625,0.3111755371093752,-0.4168244628906249,0.3111755371093752,0.4168244628906249,True,0,normal,6,monsoon,0.7280000000000001,2.097902097902098,2.097902097902098,0.4720000000000001
Chennai,13.0827,80.2707,2000-06-11,2000-06-19 21:00:00,210,210,213,1.4,1.106,1.4,0.0,2.33,2.33,0.0,1.4,1.106,1.4,1.106,True,0,normal,6,monsoon,0.2939999999999998,1.9320066334991706,1.9320066334991706,1.106
Chennai,13.0827,80.2707,2000-06-11,2000-06-20 03:00:00,216,216,219,0.0,0.0,0.0,0.0,0.0,0.0,0.0,0.0,0.0,0.0,0.0,False,0,normal,6,monsoon,0.0,0.0,0.0,0.0
Chennai,13.0827,80.2707,2000-06-11,2000-06-20 09:00:00,222,222,225,0.0,0.0,0.0,0.0,0.0,0.0,0.0448226928710937,-0.0448226928710937,-0.0448226928710937,0.0448226928710937,0.0448226928710937,False,0,normal,6,monsoon,0.0,0.0,0.0,0.0
Chennai,13.0827,80.2707,2000-06-11,2000-06-20 15:00:00,228,228,231,0.0,0.0,0.0,0.0,0.0,0.0,0.0166893005371093,-0.0166893005371093,-0.0166893005371093,0.0166893005371093,0.0166893005371093,False,0,normal,6,monsoon,0.0,0.0,0.0,0.0
Chennai,13.0827,80.2707,2000-06-11,2000-06-20 21:00:00,234,234,237,0.1,0.8400000000000001,0.0,0.0,4.1000000000000005,4.1000000000000005,0.0,0.1,0.8400000000000001,0.1,0.8400000000000001,False,0,normal,6,monsoon,-0.7400000000000001,4.361702127659575,4.361702127659575,0.8400000000000001
Chennai,13.0827,80.2707,2000-06-29,2000-06-29 03:00:00,0,0,3,0.0,0.0,0.0,0.0,0.0,0.0,0.0,0.0,0.0,0.0,0.0,False,0,normal,6,monsoon,0.0,0.0,0.0,0.0
Chennai,13.0827,80.2707,2000-06-29,2000-06-29 09:00:00,6,6,9,0.01,0.002,0.0,0.0,0.01,0.01,0.1840591430664062,-0.1740591430664061,-0.1820591430664062,0.1740591430664061,0.1820591430664062,False,0,normal,6,monsoon,0.008,0.09803921568627451,0.09803921568627451,0.002
Chennai,13.0827,80.2707,2000-06-29,2000-06-29 15:00:00,12,12,15,5.76,1.5,0.5,0.0,5.76,5.76,0.2264976501464843,5.533502349853515,1.2735023498535156,5.533502349853515,1.2735023498535156,True,1,false_alarm,6,monsoon,4.26,3.5999999999999996,3.5999999999999996,1.5
Chennai,13.0827,80.2707,2000-06-29,2000-06-29 21:00:00,18,18,21,0.0,0.02,0.0,0.0,0.1,0.1,0.0,0.0,0.02,0.0,0.02,False,0,normal,6,monsoon,-0.02,0.8333333333333333,0.8333333333333333,0.02
Chennai,13.0827,80.2707,2000-06-29,2000-06-30 03:00:00,24,24,27,0.0,0.0,0.0,0.0,0.0,0.0,0.0,0.0,0.0,0.0,0.0,False,0,normal,6,monsoon,0.0,0.0,0.0,0.0
Chennai,13.0827,80.2707,2000-06-29,2000-06-30 09:00:00,30,30,33,0.0,0.0,0.0,0.0,0.0,0.0,0.0019073486328125,-0.0019073486328125,-0.0019073486328125,0.0019073486328125,0.0019073486328125,False,0,normal,6,monsoon,0.0,0.0,0.0,0.0
Chennai,13.0827,80.2707,2000-06-29,2000-06-30 15:00:00,36,36,39,0.0,0.2719999999999999,0.0,0.0,0.86,0.86,0.0,0.0,0.2719999999999999,0.0,0.2719999999999999,False,0,normal,6,monsoon,-0.2719999999999999,2.311827956989248,2.311827956989248,0.2719999999999999
Chennai,13.0827,80.2707,2000-06-29,2000-06-30 21:00:00,42,42,45,0.0,0.0,0.0,0.0,0.0,0.0,0.0004768371582031,-0.0004768371582031,-0.0004768371582031,0.0004768371582031,0.0004768371582031,False,0,normal,6,monsoon,0.0,0.0,0.0,0.0
Chennai,13.0827,80.2707,2000-06-29,2000-07-01 03:00:00,48,48,51,0.0,0.0,0.0,0.0,0.0,0.0,0.0,0.0,0.0,0.0,0.0,False,0,normal,7,monsoon,0.0,0.0,0.0,0.0
Chennai,13.0827,80.2707,2000-06-29,2000-07-01 09:00:00,54,54,57,0.0,0.0,0.0,0.0,0.0,0.0,0.0,0.0,0.0,0.0,0.0,False,0,normal,7,monsoon,0.0,0.0,0.0,0.0
Chennai,13.0827,80.2707,2000-06-29,2000-07-01 15:00:00,60,60,63,2.07,1.188,0.64,0.0,3.23,3.23,0.1482963562011718,1.921703643798828,1.039703643798828,1.921703643798828,1.039703643798828,True,1,false_alarm,7,monsoon,0.8819999999999999,2.5077639751552794,2.5077639751552794,1.188
Chennai,13.0827,80.2707,2000-06-29,2000-07-01 21:00:00,66,66,69,0.01,0.664,0.3,0.0,1.8,1.8,0.0,0.01,0.664,0.01,0.664,False,0,normal,7,monsoon,-0.654,2.356020942408377,2.356020942408377,0.664
Chennai,13.0827,80.2707,2000-06-29,2000-07-02 03:00:00,72,72,75,0.0,0.42,0.0,0.0,2.1,2.1,0.0,0.0,0.42,0.0,0.42,False,0,normal,7,monsoon,-0.42,4.038461538461538,4.038461538461538,0.42
Chennai,13.0827,80.2707,2000-06-29,2000-07-02 09:00:00,78,78,81,0.0,0.3399999999999999,0.0,0.0,1.7,1.7,0.0,0.0,0.3399999999999999,0.0,0.3399999999999999,False,0,normal,7,monsoon,-0.3399999999999999,3.863636363636364,3.863636363636364,0.3399999999999999
Chennai,13.0827,80.2707,2000-06-29,2000-07-02 15:00:00,84,84,87,0.05,0.114,0.02,0.0,0.5,0.5,0.0219345092773437,0.0280654907226563,0.0920654907226563,0.0280654907226563,0.0920654907226563,False,0,normal,7,monsoon,-0.064,2.3364485981308407,2.3364485981308407,0.114
Chennai,13.0827,80.2707,2000-06-29,2000-07-02 21:00:00,90,90,93,0.0,1.0,0.4,0.0,3.1,3.1,0.0,0.0,1.0,0.0,1.0,False,0,normal,7,monsoon,-1.0,2.818181818181818,2.818181818181818,1.0
Chennai,13.0827,80.2707,2000-06-29,2000-07-03 03:00:00,96,96,99,0.03,0.836,0.03,0.0,3.35,3.35,0.6494522094726562,-0.6194522094726562,0.1865477905273437,0.6194522094726562,0.1865477905273437,False,0,normal,7,monsoon,-0.8059999999999999,3.5790598290598292,3.5790598290598292,0.836
Chennai,13.0827,80.2707,2000-06-29,2000-07-03 09:00:00,102,102,105,0.0,0.022,0.0,0.0,0.1,0.1,2.526283264160156,-2.526283264160156,-2.504283264160156,2.526283264160156,2.504283264160156,True,1,missed_event,7,monsoon,-0.022,0.819672131147541,0.819672131147541,0.022
Chennai,13.0827,80.2707,2000-06-29,2000-07-03 15:00:00,108,108,111,0.14,0.068,0.1,0.0,0.14,0.14,0.2794265747070312,-0.1394265747070311,-0.2114265747070312,0.1394265747070311,0.2114265747070312,False,0,normal,7,monsoon,0.07200000000000001,0.8333333333333334,0.8333333333333334,0.068
Chennai,13.0827,80.2707,2000-06-29,2000-07-03 21:00:00,114,114,117,0.7000000000000001,3.096,1.4,0.0,11.98,11.98,4.318714141845703,-3.618714141845703,-1.222714141845703,3.618714141845703,1.222714141845703,True,1,missed_event,7,monsoon,-2.396,3.748435544430538,3.748435544430538,3.096
Chennai,13.0827,80.2707,2000-06-29,2000-07-04 03:00:00,120,120,123,7.800000000000001,1.64,0.0,0.0,7.800000000000001,7.800000000000001,2.84576416015625,4.954235839843751,-1.20576416015625,4.954235839843751,1.20576416015625,True,1,magnitude_error,7,monsoon,6.160000000000001,4.482758620689656,4.482758620689656,1.64
Chennai,13.0827,80.2707,2000-06-29,2000-07-04 09:00:00,126,126,129,0.4,2.498,0.4,0.0,11.49,11.49,3.01504135131836,-2.61504135131836,-0.5170413513183596,2.61504135131836,0.5170413513183596,True,1,missed_event,7,monsoon,-2.0980000000000003,4.422632794457274,4.422632794457274,2.498
Chennai,13.0827,80.2707,2000-06-29,2000-07-04 15:00:00,132,132,135,0.1,0.178,0.2,0.0,0.39,0.39,0.8282661437988281,-0.7282661437988281,-0.6502661437988282,0.7282661437988281,0.6502661437988282,False,0,normal,7,monsoon,-0.07799999999999999,1.4028776978417266,1.4028776978417266,0.178
Chennai,13.0827,80.2707,2000-06-29,2000-07-04 21:00:00,138,138,141,4.800000000000001,0.9840000000000002,0.02,0.0,4.800000000000001,4.800000000000001,5.156517028808594,-0.356517028808593,-4.172517028808594,0.356517028808593,4.172517028808594,True,0,normal,7,monsoon,3.8160000000000007,4.428044280442804,4.428044280442804,0.9840000000000002
Chennai,13.0827,80.2707,2000-06-29,2000-07-05 03:00:00,144,144,147,0.9,0.24,0.0,0.0,0.9,0.9,3.634929656982422,-2.734929656982422,-3.3949296569824217,2.734929656982422,3.3949296569824217,True,1,missed_event,7,monsoon,0.66,2.647058823529412,2.647058823529412,0.24
Chennai,13.0827,80.2707,2000-06-29,2000-07-05 09:00:00,150,150,153,5.2,1.04,0.0,0.0,5.2,5.2,0.0696182250976562,5.130381774902344,0.9703817749023438,5.130381774902344,0.9703817749023438,True,1,false_alarm,7,monsoon,4.16,4.56140350877193,4.56140350877193,1.04
Chennai,13.0827,80.2707,2000-06-29,2000-07-05 15:00:00,156,156,159,0.0,0.0,0.0,0.0,0.0,0.0,1.190185546875,-1.190185546875,-1.190185546875,1.190185546875,1.190185546875,True,0,normal,7,monsoon,0.0,0.0,0.0,0.0
Chennai,13.0827,80.2707,2000-06-29,2000-07-05 21:00:00,162,162,165,0.5,0.22,0.0,0.0,0.6000000000000001,0.6000000000000001,0.2017021179199218,0.2982978820800782,0.0182978820800782,0.2982978820800782,0.0182978820800782,False,0,normal,7,monsoon,0.28,1.8750000000000002,1.8750000000000002,0.22
Chennai,13.0827,80.2707,2000-06-29,2000-07-06 03:00:00,168,168,171,0.2,0.44,0.0,0.0,2.0,2.0,1.4090538024902344,-1.2090538024902344,-0.9690538024902344,1.2090538024902344,0.9690538024902344,True,0,normal,7,monsoon,-0.24,3.7037037037037033,3.7037037037037033,0.44
Chennai,13.0827,80.2707,2000-06-29,2000-07-06 09:00:00,174,174,177,0.5,0.2319999999999999,0.3,0.0,0.5,0.5,0.8416175842285156,-0.3416175842285156,-0.6096175842285158,0.3416175842285156,0.6096175842285158,False,0,normal,7,monsoon,0.2680000000000001,1.5060240963855427,1.5060240963855427,0.2319999999999999
Chennai,13.0827,80.2707,2000-06-29,2000-07-06 15:00:00,180,180,183,0.0,0.2,0.0,0.0,0.8,0.8,0.034332275390625,-0.034332275390625,0.165667724609375,0.034332275390625,0.165667724609375,False,0,normal,7,monsoon,-0.2,2.6666666666666665,2.6666666666666665,0.2
Chennai,13.0827,80.2707,2000-06-29,2000-07-06 21:00:00,186,186,189,0.0,0.0,0.0,0.0,0.0,0.0,0.2651214599609375,-0.2651214599609375,-0.2651214599609375,0.2651214599609375,0.2651214599609375,False,0,normal,7,monsoon,0.0,0.0,0.0,0.0
Chennai,13.0827,80.2707,2000-06-29,2000-07-07 03:00:00,192,192,195,0.0,0.0,0.0,0.0,0.0,0.0,0.0,0.0,0.0,0.0,0.0,False,0,normal,7,monsoon,0.0,0.0,0.0,0.0
Chennai,13.0827,80.2707,2000-06-29,2000-07-07 09:00:00,198,198,201,0.1,0.02,0.0,0.0,0.1,0.1,0.0433921813964843,0.0566078186035157,-0.0233921813964842,0.0566078186035157,0.0233921813964842,False,0,normal,7,monsoon,0.08,0.8333333333333333,0.8333333333333333,0.02
Chennai,13.0827,80.2707,2000-06-29,2000-07-07 15:00:00,204,204,207,0.25,0.15,0.0,0.0,0.5,0.5,0.0185966491699218,0.2314033508300782,0.1314033508300782,0.2314033508300782,0.1314033508300782,False,0,normal,7,monsoon,0.1,2.0,2.0,0.15
Chennai,13.0827,80.2707,2000-06-29,2000-07-07 21:00:00,210,210,213,0.0,0.04,0.0,0.0,0.1,0.1,0.0,0.0,0.04,0.0,0.04,False,0,normal,7,monsoon,-0.04,0.7142857142857143,0.7142857142857143,0.04
Chennai,13.0827,80.2707,2000-06-29,2000-07-08 03:00:00,216,216,219,0.0,0.02,0.0,0.0,0.1,0.1,0.0,0.0,0.02,0.0,0.02,False,0,normal,7,monsoon,-0.02,0.8333333333333333,0.8333333333333333,0.02
Chennai,13.0827,80.2707,2000-06-29,2000-07-08 09:00:00,222,222,225,0.0,0.12,0.0,0.0,0.6000000000000001,0.6000000000000001,0.0948905944824218,-0.0948905944824218,0.0251094055175781,0.0948905944824218,0.0251094055175781,False,0,normal,7,monsoon,-0.12,2.7272727272727275,2.7272727272727275,0.12
Chennai,13.0827,80.2707,2000-06-29,2000-07-08 15:00:00,228,228,231,0.0,0.24,0.0,0.0,1.2000000000000002,1.2000000000000002,0.0977516174316406,-0.0977516174316406,0.1422483825683594,0.0977516174316406,0.1422483825683594,False,0,normal,7,monsoon,-0.24,3.529411764705883,3.529411764705883,0.24
Chennai,13.0827,80.2707,2000-06-29,2000-07-08 21:00:00,234,234,237,0.0,0.314,0.17,0.0,1.0,1.0,0.0,0.0,0.314,0.0,0.314,False,0,normal,7,monsoon,-0.314,2.4154589371980673,2.4154589371980673,0.314
Chennai,13.0827,80.2707,2000-07-17,2000-07-17 03:00:00,0,0,3,0.0,0.0,0.0,0.0,0.0,0.0,0.0,0.0,0.0,0.0,0.0,False,0,normal,7,monsoon,0.0,0.0,0.0,0.0
Chennai,13.0827,80.2707,2000-07-17,2000-07-17 09:00:00,6,6,9,0.0,0.0,0.0,0.0,0.0,0.0,0.0,0.0,0.0,0.0,0.0,False,0,normal,7,monsoon,0.0,0.0,0.0,0.0
Chennai,13.0827,80.2707,2000-07-17,2000-07-17 15:00:00,12,12,15,0.45,0.262,0.0,0.0,0.86,0.86,0.2222061157226562,0.2277938842773438,0.0397938842773438,0.2277938842773438,0.0397938842773438,False,0,normal,7,monsoon,0.188,2.3756906077348066,2.3756906077348066,0.262
Chennai,13.0827,80.2707,2000-07-17,2000-07-17 21:00:00,18,18,21,0.0,0.0,0.0,0.0,0.0,0.0,0.0,0.0,0.0,0.0,0.0,False,0,normal,7,monsoon,0.0,0.0,0.0,0.0
Chennai,13.0827,80.2707,2000-07-17,2000-07-18 03:00:00,24,24,27,0.0,0.0,0.0,0.0,0.0,0.0,0.0,0.0,0.0,0.0,0.0,False,0,normal,7,monsoon,0.0,0.0,0.0,0.0
Chennai,13.0827,80.2707,2000-07-17,2000-07-18 09:00:00,30,30,33,0.0,0.0,0.0,0.0,0.0,0.0,0.0,0.0,0.0,0.0,0.0,False,0,normal,7,monsoon,0.0,0.0,0.0,0.0
Chennai,13.0827,80.2707,2000-07-17,2000-07-18 15:00:00,36,36,39,0.0,0.0699999999999999,0.0,0.0,0.35,0.35,0.0,0.0,0.0699999999999999,0.0,0.0699999999999999,False,0,normal,7,monsoon,-0.0699999999999999,2.058823529411766,2.058823529411766,0.0699999999999999
Chennai,13.0827,80.2707,2000-07-17,2000-07-18 21:00:00,42,42,45,0.0,0.052,0.0,0.0,0.26,0.26,0.0,0.0,0.052,0.0,0.052,False,0,normal,7,monsoon,-0.052,1.710526315789474,1.710526315789474,0.052
Chennai,13.0827,80.2707,2000-07-17,2000-07-19 03:00:00,48,48,51,0.0,0.0,0.0,0.0,0.0,0.0,0.0,0.0,0.0,0.0,0.0,False,0,normal,7,monsoon,0.0,0.0,0.0,0.0
Chennai,13.0827,80.2707,2000-07-17,2000-07-19 09:00:00,54,54,57,0.0,0.0,0.0,0.0,0.0,0.0,0.0,0.0,0.0,0.0,0.0,False,0,normal,7,monsoon,0.0,0.0,0.0,0.0
Chennai,13.0827,80.2707,2000-07-17,2000-07-19 15:00:00,60,60,63,0.0,0.006,0.0,0.0,0.03,0.03,0.0391006469726562,-0.0391006469726562,-0.0331006469726562,0.0391006469726562,0.0331006469726562,False,0,normal,7,monsoon,-0.006,0.28301886792452824,0.28301886792452824,0.006
Chennai,13.0827,80.2707,2000-07-17,2000-07-19 21:00:00,66,66,69,0.25,0.092,0.01,0.0,0.25,0.25,0.0,0.25,0.092,0.25,0.092,False,0,normal,7,monsoon,0.158,1.3020833333333333,1.3020833333333333,0.092
Chennai,13.0827,80.2707,2000-07-17,2000-07-20 03:00:00,72,72,75,0.0,0.0,0.0,0.0,0.0,0.0,0.0,0.0,0.0,0.0,0.0,False,0,normal,7,monsoon,0.0,0.0,0.0,0.0
Chennai,13.0827,80.2707,2000-07-17,2000-07-20 09:00:00,78,78,81,0.0,0.0,0.0,0.0,0.0,0.0,0.0014305114746093,-0.0014305114746093,-0.0014305114746093,0.0014305114746093,0.0014305114746093,False,0,normal,7,monsoon,0.0,0.0,0.0,0.0
Chennai,13.0827,80.2707,2000-07-17,2000-07-20 15:00:00,84,84,87,0.0,0.4,0.1,0.0,1.5,1.5,0.0,0.0,0.4,0.0,0.4,False,0,normal,7,monsoon,-0.4,3.0,3.0,0.4
Chennai,13.0827,80.2707,2000-07-17,2000-07-20 21:00:00,90,90,93,0.0,7.494,0.3,0.0,21.0,21.0,0.0,0.0,7.494,0.0,7.494,False,0,normal,7,monsoon,-7.494,2.765341058730577,2.765341058730577,7.494
Chennai,13.0827,80.2707,2000-07-17,2000-07-21 03:00:00,96,96,99,0.67,1.848,0.0,0.0,8.57,8.57,0.1821517944335937,0.4878482055664063,1.6658482055664063,0.4878482055664063,1.6658482055664063,False,0,normal,7,monsoon,-1.178,4.399383983572895,4.399383983572895,1.848
Chennai,13.0827,80.2707,2000-07-17,2000-07-21 09:00:00,102,102,105,1.79,0.5980000000000001,0.0,0.0,1.79,1.79,0.0028610229492187,1.7871389770507813,0.5951389770507813,1.7871389770507813,0.5951389770507813,True,1,false_alarm,7,monsoon,1.192,2.5644699140401146,2.5644699140401146,0.5980000000000001
Chennai,13.0827,80.2707,2000-07-17,2000-07-21 15:00:00,108,108,111,0.0,1.24,0.0,0.0,6.2,6.2,0.0,0.0,1.24,0.0,1.24,False,0,normal,7,monsoon,-1.24,4.626865671641791,4.626865671641791,1.24
Chennai,13.0827,80.2707,2000-07-17,2000-07-21 21:00:00,114,114,117,0.1,0.072,0.1,0.0,0.16,0.16,0.0,0.1,0.072,0.1,0.072,False,0,normal,7,monsoon,0.02800000000000001,0.930232558139535,0.930232558139535,0.072
Chennai,13.0827,80.2707,2000-07-17,2000-07-22 03:00:00,120,120,123,0.01,0.4679999999999999,0.03,0.0,1.3,1.3,0.2737045288085937,-0.2637045288085937,0.1942954711914062,0.2637045288085937,0.1942954711914062,False,0,normal,7,monsoon,-0.4579999999999999,2.2887323943661975,2.2887323943661975,0.4679999999999999
Chennai,13.0827,80.2707,2000-07-17,2000-07-22 09:00:00,126,126,129,0.01,0.002,0.0,0.0,0.01,0.01,0.00762939453125,0.00237060546875,-0.00562939453125,0.00237060546875,0.00562939453125,False,0,normal,7,monsoon,0.008,0.09803921568627451,0.09803921568627451,0.002
Chennai,13.0827,80.2707,2000-07-17,2000-07-22 15:00:00,132,132,135,3.02,0.604,0.0,0.0,3.02,3.02,0.0042915344238281,3.015708465576172,0.5997084655761719,3.015708465576172,0.5997084655761719,True,1,false_alarm,7,monsoon,2.416,4.2897727272727275,4.2897727272727275,0.604
Chennai,13.0827,80.2707,2000-07-17,2000-07-22 21:00:00,138,138,141,2.19,0.442,0.0,0.0,2.19,2.19,0.0,2.19,0.442,2.19,0.442,True,1,false_alarm,7,monsoon,1.748,4.040590405904059,4.040590405904059,0.442
Chennai,13.0827,80.2707,2000-07-17,2000-07-23 03:00:00,144,144,147,1.96,0.412,0.0,0.0,1.96,1.96,0.0,1.96,0.412,1.96,0.412,True,1,false_alarm,7,monsoon,1.548,3.828125,3.828125,0.412
Chennai,13.0827,80.2707,2000-07-17,2000-07-23 09:00:00,150,150,153,0.0,0.062,0.0,0.0,0.3,0.3,0.0,0.0,0.062,0.0,0.062,False,0,normal,7,monsoon,-0.062,1.8518518518518516,1.8518518518518516,0.062
Chennai,13.0827,80.2707,2000-07-17,2000-07-23 15:00:00,156,156,159,0.0,0.04,0.0,0.0,0.2,0.2,0.3376007080078125,-0.3376007080078125,-0.2976007080078125,0.3376007080078125,0.2976007080078125,False,0,normal,7,monsoon,-0.04,1.4285714285714286,1.4285714285714286,0.04
Chennai,13.0827,80.2707,2000-07-17,2000-07-23 21:00:00,162,162,165,0.01,0.192,0.2,0.01,0.4,0.39,0.1068115234375,-0.0968115234375,0.0851884765625,0.0968115234375,0.0851884765625,False,0,normal,7,monsoon,-0.182,1.3356164383561642,1.3356164383561642,0.192
Chennai,13.0827,80.2707,2000-07-17,2000-07-24 03:00:00,168,168,171,0.0,0.422,0.0,0.0,2.0,2.0,0.0033378601074218,-0.0033378601074218,0.4186621398925781,0.0033378601074218,0.4186621398925781,False,0,normal,7,monsoon,-0.422,3.8314176245210727,3.8314176245210727,0.422
Chennai,13.0827,80.2707,2000-07-17,2000-07-24 09:00:00,174,174,177,0.0,0.0,0.0,0.0,0.0,0.0,0.0042915344238281,-0.0042915344238281,-0.0042915344238281,0.0042915344238281,0.0042915344238281,False,0,normal,7,monsoon,0.0,0.0,0.0,0.0
Chennai,13.0827,80.2707,2000-07-17,2000-07-24 15:00:00,180,180,183,0.85,0.1699999999999999,0.0,0.0,0.85,0.85,0.0,0.85,0.1699999999999999,0.85,0.1699999999999999,False,0,normal,7,monsoon,0.68,3.1481481481481493,3.1481481481481493,0.1699999999999999
Chennai,13.0827,80.2707,2000-07-17,2000-07-24 21:00:00,186,186,189,0.0,1.114,0.87,0.0,3.4000000000000004,3.4000000000000004,0.0095367431640625,-0.0095367431640625,1.1044632568359376,0.0095367431640625,1.1044632568359376,False,0,normal,7,monsoon,-1.114,2.8006589785831957,2.8006589785831957,1.114
Chennai,13.0827,80.2707,2000-07-17,2000-07-25 03:00:00,192,192,195,0.0,0.24,0.0,0.0,1.2000000000000002,1.2000000000000002,0.026702880859375,-0.026702880859375,0.213297119140625,0.026702880859375,0.213297119140625,False,0,normal,7,monsoon,-0.24,3.529411764705883,3.529411764705883,0.24
Chennai,13.0827,80.2707,2000-07-17,2000-07-25 09:00:00,198,198,201,0.0,0.026,0.0,0.0,0.13,0.13,0.0171661376953125,-0.0171661376953125,0.0088338623046874,0.0171661376953125,0.0088338623046874,False,0,normal,7,monsoon,-0.026,1.0317460317460319,1.0317460317460319,0.026
Chennai,13.0827,80.2707,2000-07-17,2000-07-25 15:00:00,204,204,207,0.01,0.002,0.0,0.0,0.01,0.01,0.0,0.01,0.002,0.01,0.002,False,0,normal,7,monsoon,0.008,0.09803921568627451,0.09803921568627451,0.002
Chennai,13.0827,80.2707,2000-07-17,2000-07-25 21:00:00,210,210,213,0.5,0.432,0.26,0.0,1.4,1.4,0.0047683715820312,0.4952316284179688,0.4272316284179688,0.4952316284179688,0.4272316284179688,False,0,normal,7,monsoon,0.068,2.631578947368421,2.631578947368421,0.432
Chennai,13.0827,80.2707,2000-07-17,2000-07-26 03:00:00,216,216,219,0.0,0.7,0.0,0.0,3.5,3.5,0.0,0.0,0.7,0.0,0.7,False,0,normal,7,monsoon,-0.7,4.375,4.375,0.7
Chennai,13.0827,80.2707,2000-07-17,2000-07-26 09:00:00,222,222,225,0.0,0.0,0.0,0.0,0.0,0.0,0.0,0.0,0.0,0.0,0.0,False,0,normal,7,monsoon,0.0,0.0,0.0,0.0
Chennai,13.0827,80.2707,2000-07-17,2000-07-26 15:00:00,228,228,231,0.1,0.02,0.0,0.0,0.1,0.1,0.0,0.1,0.02,0.1,0.02,False,0,normal,7,monsoon,0.08,0.8333333333333333,0.8333333333333333,0.02
Chennai,13.0827,80.2707,2000-07-17,2000-07-26 21:00:00,234,234,237,0.0,0.39,0.05,0.0,1.4,1.4,0.0,0.0,0.39,0.0,0.39,False,0,normal,7,monsoon,-0.39,2.857142857142857,2.857142857142857,0.39
Chennai,13.0827,80.2707,2000-08-04,2000-08-04 03:00:00,0,0,3,0.0,0.0,0.0,0.0,0.0,0.0,0.0391006469726562,-0.0391006469726562,-0.0391006469726562,0.0391006469726562,0.0391006469726562,False,0,normal,8,monsoon,0.0,0.0,0.0,0.0
Chennai,13.0827,80.2707,2000-08-04,2000-08-04 09:00:00,6,6,9,0.0,0.0,0.0,0.0,0.0,0.0,0.011444091796875,-0.011444091796875,-0.011444091796875,0.011444091796875,0.011444091796875,False,0,normal,8,monsoon,0.0,0.0,0.0,0.0
Chennai,13.0827,80.2707,2000-08-04,2000-08-04 15:00:00,12,12,15,0.0,0.0,0.0,0.0,0.0,0.0,0.0,0.0,0.0,0.0,0.0,False,0,normal,8,monsoon,0.0,0.0,0.0,0.0
Chennai,13.0827,80.2707,2000-08-04,2000-08-04 21:00:00,18,18,21,0.8,0.2799999999999999,0.3,0.0,0.8,0.8,0.0782012939453125,0.7217987060546875,0.2017987060546874,0.7217987060546875,0.2017987060546874,False,0,normal,8,monsoon,0.5200000000000001,2.1052631578947376,2.1052631578947376,0.2799999999999999
Chennai,13.0827,80.2707,2000-08-04,2000-08-05 03:00:00,24,24,27,0.0,0.0,0.0,0.0,0.0,0.0,0.0004768371582031,-0.0004768371582031,-0.0004768371582031,0.0004768371582031,0.0004768371582031,False,0,normal,8,monsoon,0.0,0.0,0.0,0.0
Chennai,13.0827,80.2707,2000-08-04,2000-08-05 09:00:00,30,30,33,0.0,0.0,0.0,0.0,0.0,0.0,0.1478195190429687,-0.1478195190429687,-0.1478195190429687,0.1478195190429687,0.1478195190429687,False,0,normal,8,monsoon,0.0,0.0,0.0,0.0
Chennai,13.0827,80.2707,2000-08-04,2000-08-05 15:00:00,36,36,39,0.0,0.0,0.0,0.0,0.0,0.0,0.0066757202148437,-0.0066757202148437,-0.0066757202148437,0.0066757202148437,0.0066757202148437,False,0,normal,8,monsoon,0.0,0.0,0.0,0.0
Chennai,13.0827,80.2707,2000-08-04,2000-08-05 21:00:00,42,42,45,2.6,1.24,0.4,0.0,2.9000000000000004,2.9000000000000004,0.0033378601074218,2.596662139892578,1.236662139892578,2.596662139892578,1.236662139892578,True,1,false_alarm,8,monsoon,1.36,2.164179104477612,2.164179104477612,1.24
Chennai,13.0827,80.2707,2000-08-04,2000-08-06 03:00:00,48,48,51,0.52,0.144,0.0,0.0,0.52,0.52,0.0,0.52,0.144,0.52,0.144,False,0,normal,8,monsoon,0.376,2.1311475409836067,2.1311475409836067,0.144
Chennai,13.0827,80.2707,2000-08-04,2000-08-06 09:00:00,54,54,57,0.0,0.1,0.0,0.0,0.5,0.5,0.0510215759277343,-0.0510215759277343,0.0489784240722657,0.0510215759277343,0.0489784240722657,False,0,normal,8,monsoon,-0.1,2.5,2.5,0.1
Chennai,13.0827,80.2707,2000-08-04,2000-08-06 15:00:00,60,60,63,4.34,2.88,4.2,0.0,5.1000000000000005,5.1000000000000005,0.0028610229492187,4.337138977050781,2.877138977050781,4.337138977050781,2.877138977050781,True,1,false_alarm,8,monsoon,1.46,1.7114093959731544,1.7114093959731544,2.88
Chennai,13.0827,80.2707,2000-08-04,2000-08-06 21:00:00,66,66,69,20.15,4.81,1.5,0.0,20.15,20.15,0.4596710205078125,19.690328979492183,4.350328979492187,19.690328979492183,4.350328979492187,True,1,false_alarm,8,monsoon,15.34,4.103869653767821,4.103869653767821,4.81
Chennai,13.0827,80.2707,2000-08-04,2000-08-07 03:00:00,72,72,75,0.21,0.162,0.0,0.0,0.6000000000000001,0.6000000000000001,0.0004768371582031,0.2095231628417969,0.1615231628417969,0.2095231628417969,0.1615231628417969,False,0,normal,8,monsoon,0.04799999999999999,2.290076335877863,2.290076335877863,0.162
Chennai,13.0827,80.2707,2000-08-04,2000-08-07 09:00:00,78,78,81,0.09,0.592,0.07,0.0,2.8000000000000003,2.8000000000000003,0.0233650207519531,0.0666349792480469,0.5686349792480468,0.0666349792480469,0.5686349792480468,False,0,normal,8,monsoon,-0.502,4.046242774566474,4.046242774566474,0.592
Chennai,13.0827,80.2707,2000-08-04,2000-08-07 15:00:00,84,84,87,2.19,1.102,0.3,0.0,3.02,3.02,5.9680938720703125,-3.778093872070313,-4.866093872070312,3.778093872070313,4.866093872070312,True,1,magnitude_error,8,monsoon,1.0879999999999999,2.5124792013311144,2.5124792013311144,1.102
Chennai,13.0827,80.2707,2000-08-04,2000-08-07 21:00:00,90,90,93,0.0,0.404,0.01,0.0,2.0,2.0,0.0,0.0,0.404,0.0,0.404,False,0,normal,8,monsoon,-0.404,3.9682539682539684,3.9682539682539684,0.404
Chennai,13.0827,80.2707,2000-08-04,2000-08-08 03:00:00,96,96,99,0.0,0.06,0.0,0.0,0.2,0.2,0.0,0.0,0.06,0.0,0.06,False,0,normal,8,monsoon,-0.06,1.25,1.25,0.06
Chennai,13.0827,80.2707,2000-08-04,2000-08-08 09:00:00,102,102,105,0.0,0.04,0.0,0.0,0.2,0.2,0.0119209289550781,-0.0119209289550781,0.0280790710449219,0.0119209289550781,0.0280790710449219,False,0,normal,8,monsoon,-0.04,1.4285714285714286,1.4285714285714286,0.04
Chennai,13.0827,80.2707,2000-08-04,2000-08-08 15:00:00,108,108,111,0.05,1.6900000000000002,0.05,0.0,7.4,7.4,0.3404617309570312,-0.2904617309570312,1.349538269042969,0.2904617309570312,1.349538269042969,False,0,normal,8,monsoon,-1.6400000000000001,4.134078212290502,4.134078212290502,1.6900000000000002
Chennai,13.0827,80.2707,2000-08-04,2000-08-08 21:00:00,114,114,117,0.2,0.68,0.0,0.0,3.2,3.2,0.0,0.2,0.68,0.2,0.68,False,0,normal,8,monsoon,-0.48000000000000004,4.102564102564103,4.102564102564103,0.68
Chennai,13.0827,80.2707,2000-08-04,2000-08-09 03:00:00,120,120,123,0.0,0.12,0.0,0.0,0.4,0.4,0.0057220458984375,-0.0057220458984375,0.1142779541015625,0.0057220458984375,0.1142779541015625,False,0,normal,8,monsoon,-0.12,1.8181818181818183,1.8181818181818183,0.12
Chennai,13.0827,80.2707,2000-08-04,2000-08-09 09:00:00,126,126,129,0.0,0.0,0.0,0.0,0.0,0.0,0.1015663146972656,-0.1015663146972656,-0.1015663146972656,0.1015663146972656,0.1015663146972656,False,0,normal,8,monsoon,0.0,0.0,0.0,0.0
Chennai,13.0827,80.2707,2000-08-04,2000-08-09 15:00:00,132,132,135,0.5,0.1,0.0,0.0,0.5,0.5,0.0023841857910156,0.4976158142089844,0.0976158142089844,0.4976158142089844,0.0976158142089844,False,0,normal,8,monsoon,0.4,2.5,2.5,0.1
Chennai,13.0827,80.2707,2000-08-04,2000-08-09 21:00:00,138,138,141,0.0,0.06,0.0,0.0,0.3,0.3,0.0443458557128906,-0.0443458557128906,0.0156541442871094,0.0443458557128906,0.0156541442871094,False,0,normal,8,monsoon,-0.06,1.875,1.875,0.06
Chennai,13.0827,80.2707,2000-08-04,2000-08-10 03:00:00,144,144,147,0.0,0.02,0.0,0.0,0.1,0.1,0.0,0.0,0.02,0.0,0.02,False,0,normal,8,monsoon,-0.02,0.8333333333333333,0.8333333333333333,0.02
Chennai,13.0827,80.2707,2000-08-04,2000-08-10 09:00:00,150,150,153,1.6,0.36,0.0,0.0,1.6,1.6,0.0233650207519531,1.576634979248047,0.3366349792480468,1.576634979248047,0.3366349792480468,True,1,false_alarm,8,monsoon,1.2400000000000002,3.4782608695652177,3.4782608695652177,0.36
Chennai,13.0827,80.2707,2000-08-04,2000-08-10 15:00:00,156,156,159,0.1,0.8600000000000001,0.1,0.0,2.1,2.1,0.3833770751953125,-0.2833770751953125,0.4766229248046876,0.2833770751953125,0.4766229248046876,False,0,normal,8,monsoon,-0.7600000000000001,2.1875,2.1875,0.8600000000000001
Chennai,13.0827,80.2707,2000-08-04,2000-08-10 21:00:00,162,162,165,0.0,0.006,0.0,0.0,0.03,0.03,0.0,0.0,0.006,0.0,0.006,False,0,normal,8,monsoon,-0.006,0.28301886792452824,0.28301886792452824,0.006
Chennai,13.0827,80.2707,2000-08-04,2000-08-11 03:00:00,168,168,171,0.0,0.0,0.0,0.0,0.0,0.0,0.0,0.0,0.0,0.0,0.0,False,0,normal,8,monsoon,0.0,0.0,0.0,0.0
Chennai,13.0827,80.2707,2000-08-04,2000-08-11 09:00:00,174,174,177,0.0,0.0,0.0,0.0,0.0,0.0,0.0,0.0,0.0,0.0,0.0,False,0,normal,8,monsoon,0.0,0.0,0.0,0.0
Chennai,13.0827,80.2707,2000-08-04,2000-08-11 15:00:00,180,180,183,0.01,0.262,0.01,0.0,1.0,1.0,0.0619888305664062,-0.0519888305664062,0.2000111694335938,0.0519888305664062,0.2000111694335938,False,0,normal,8,monsoon,-0.252,2.7624309392265194,2.7624309392265194,0.262
Chennai,13.0827,80.2707,2000-08-04,2000-08-11 21:00:00,186,186,189,0.0,0.18,0.0,0.0,0.8,0.8,0.0,0.0,0.18,0.0,0.18,False,0,normal,8,monsoon,-0.18,2.857142857142857,2.857142857142857,0.18
Chennai,13.0827,80.2707,2000-08-04,2000-08-12 03:00:00,192,192,195,0.0,0.18,0.0,0.0,0.9,0.9,0.0,0.0,0.18,0.0,0.18,False,0,normal,8,monsoon,-0.18,3.214285714285714,3.214285714285714,0.18
Chennai,13.0827,80.2707,2000-08-04,2000-08-12 09:00:00,198,198,201,0.0,0.38,0.0,0.0,1.8,1.8,0.0004768371582031,-0.0004768371582031,0.3795231628417969,0.0004768371582031,0.3795231628417969,False,0,normal,8,monsoon,-0.38,3.7500000000000004,3.7500000000000004,0.38
Chennai,13.0827,80.2707,2000-08-04,2000-08-12 15:00:00,204,204,207,0.0,0.0,0.0,0.0,0.0,0.0,0.0,0.0,0.0,0.0,0.0,False,0,normal,8,monsoon,0.0,0.0,0.0,0.0
Chennai,13.0827,80.2707,2000-08-04,2000-08-12 21:00:00,210,210,213,1.11,0.852,0.75,0.0,2.4,2.4,0.00762939453125,1.10237060546875,0.84437060546875,1.10237060546875,0.84437060546875,True,0,normal,8,monsoon,0.2580000000000001,2.5210084033613445,2.5210084033613445,0.852
Chennai,13.0827,80.2707,2000-08-04,2000-08-13 03:00:00,216,216,219,0.9,0.3,0.0,0.0,0.9,0.9,0.0,0.9,0.3,0.9,0.3,False,0,normal,8,monsoon,0.6000000000000001,2.25,2.25,0.3
Chennai,13.0827,80.2707,2000-08-04,2000-08-13 09:00:00,222,222,225,0.0,0.0,0.0,0.0,0.0,0.0,0.0619888305664062,-0.0619888305664062,-0.0619888305664062,0.0619888305664062,0.0619888305664062,False,0,normal,8,monsoon,0.0,0.0,0.0,0.0
Chennai,13.0827,80.2707,2000-08-04,2000-08-13 15:00:00,228,228,231,0.0,0.122,0.0,0.0,0.6000000000000001,0.6000000000000001,0.0,0.0,0.122,0.0,0.122,False,0,normal,8,monsoon,-0.122,2.702702702702703,2.702702702702703,0.122
Chennai,13.0827,80.2707,2000-08-04,2000-08-13 21:00:00,234,234,237,0.01,0.486,0.62,0.01,1.0,0.99,7.595539093017578,-7.585539093017578,-7.109539093017578,7.585539093017578,7.109539093017578,True,1,missed_event,8,monsoon,-0.476,1.689419795221843,1.689419795221843,0.486
Chennai,13.0827,80.2707,2000-08-22,2000-08-22 03:00:00,0,0,3,0.0,0.0,0.0,0.0,0.0,0.0,1.2521743774414062,-1.2521743774414062,-1.2521743774414062,1.2521743774414062,1.2521743774414062,True,0,normal,8,monsoon,0.0,0.0,0.0,0.0
Chennai,13.0827,80.2707,2000-08-22,2000-08-22 09:00:00,6,6,9,0.9,0.34,0.2,0.0,0.9,0.9,0.4925727844238281,0.4074272155761719,-0.1525727844238281,0.4074272155761719,0.1525727844238281,False,0,normal,8,monsoon,0.56,2.0454545454545454,2.0454545454545454,0.34
Chennai,13.0827,80.2707,2000-08-22,2000-08-22 15:00:00,12,12,15,1.3,0.42,0.2,0.0,1.3,1.3,0.4305839538574219,0.8694160461425782,-0.0105839538574218,0.8694160461425782,0.0105839538574218,True,0,normal,8,monsoon,0.8800000000000001,2.5,2.5,0.42
Chennai,13.0827,80.2707,2000-08-22,2000-08-22 21:00:00,18,18,21,0.01,1.036,0.1,0.0,4.9,4.9,0.0762939453125,-0.0662939453125,0.9597060546875,0.0662939453125,0.9597060546875,False,0,normal,8,monsoon,-1.026,4.313380281690141,4.313380281690141,1.036
Chennai,13.0827,80.2707,2000-08-22,2000-08-23 03:00:00,24,24,27,0.0,0.596,0.0,0.0,2.5,2.5,0.0042915344238281,-0.0042915344238281,0.5917084655761718,0.0042915344238281,0.5917084655761718,False,0,normal,8,monsoon,-0.596,3.591954022988506,3.591954022988506,0.596
Chennai,13.0827,80.2707,2000-08-22,2000-08-23 09:00:00,30,30,33,0.0,0.018,0.0,0.0,0.09,0.09,0.0853538513183593,-0.0853538513183593,-0.0673538513183593,0.0853538513183593,0.0673538513183593,False,0,normal,8,monsoon,-0.018,0.7627118644067796,0.7627118644067796,0.018
Chennai,13.0827,80.2707,2000-08-22,2000-08-23 15:00:00,36,36,39,0.0,0.0,0.0,0.0,0.0,0.0,0.0,0.0,0.0,0.0,0.0,False,0,normal,8,monsoon,0.0,0.0,0.0,0.0
Chennai,13.0827,80.2707,2000-08-22,2000-08-23 21:00:00,42,42,45,1.43,0.548,0.51,0.0,1.43,1.43,0.0042915344238281,1.4257084655761718,0.5437084655761719,1.4257084655761718,0.5437084655761719,True,0,normal,8,monsoon,0.8819999999999999,2.20679012345679,2.20679012345679,0.548
Chennai,13.0827,80.2707,2000-08-22,2000-08-24 03:00:00,48,48,51,0.02,0.16,0.02,0.0,0.6000000000000001,0.6000000000000001,0.7524490356445312,-0.7324490356445312,-0.5924490356445312,0.7324490356445312,0.5924490356445312,False,0,normal,8,monsoon,-0.14,2.307692307692308,2.307692307692308,0.16
Chennai,13.0827,80.2707,2000-08-22,2000-08-24 09:00:00,54,54,57,0.0,0.004,0.0,0.0,0.02,0.02,0.0958442687988281,-0.0958442687988281,-0.0918442687988281,0.0958442687988281,0.0918442687988281,False,0,normal,8,monsoon,-0.004,0.1923076923076923,0.1923076923076923,0.004
Chennai,13.0827,80.2707,2000-08-22,2000-08-24 15:00:00,60,60,63,0.08,0.736,0.08,0.0,3.0,3.0,1.7175674438476562,-1.6375674438476562,-0.9815674438476564,1.6375674438476562,0.9815674438476564,True,1,missed_event,8,monsoon,-0.656,3.5885167464114835,3.5885167464114835,0.736
Chennai,13.0827,80.2707,2000-08-22,2000-08-24 21:00:00,66,66,69,0.02,0.51,0.33,0.0,1.2000000000000002,1.2000000000000002,0.0,0.02,0.51,0.02,0.51,False,0,normal,8,monsoon,-0.49,1.9672131147540988,1.9672131147540988,0.51
Chennai,13.0827,80.2707,2000-08-22,2000-08-25 03:00:00,72,72,75,0.0,0.0,0.0,0.0,0.0,0.0,0.0,0.0,0.0,0.0,0.0,False,0,normal,8,monsoon,0.0,0.0,0.0,0.0
Chennai,13.0827,80.2707,2000-08-22,2000-08-25 09:00:00,78,78,81,0.0,0.1,0.0,0.0,0.4,0.4,0.0,0.0,0.1,0.0,0.1,False,0,normal,8,monsoon,-0.1,2.0,2.0,0.1
Chennai,13.0827,80.2707,2000-08-22,2000-08-25 15:00:00,84,84,87,1.3,0.52,0.5,0.0,1.3,1.3,0.6132125854492188,0.6867874145507813,-0.0932125854492187,0.6867874145507813,0.0932125854492187,True,0,normal,8,monsoon,0.78,2.096774193548387,2.096774193548387,0.52
Chennai,13.0827,80.2707,2000-08-22,2000-08-25 21:00:00,90,90,93,0.0,0.0,0.0,0.0,0.0,0.0,0.0009536743164062,-0.0009536743164062,-0.0009536743164062,0.0009536743164062,0.0009536743164062,False,0,normal,8,monsoon,0.0,0.0,0.0,0.0
Chennai,13.0827,80.2707,2000-08-22,2000-08-26 03:00:00,96,96,99,0.0,0.08,0.0,0.0,0.4,0.4,0.1187324523925781,-0.1187324523925781,-0.038732452392578,0.1187324523925781,0.038732452392578,False,0,normal,8,monsoon,-0.08,2.2222222222222223,2.2222222222222223,0.08
Chennai,13.0827,80.2707,2000-08-22,2000-08-26 09:00:00,102,102,105,0.0,0.0199999999999999,0.0,0.0,0.09,0.09,0.0,0.0,0.0199999999999999,0.0,0.0199999999999999,False,0,normal,8,monsoon,-0.0199999999999999,0.7500000000000006,0.7500000000000006,0.0199999999999999
Chennai,13.0827,80.2707,2000-08-22,2000-08-26 15:00:00,108,108,111,2.19,1.7920000000000005,1.23,0.54,4.0,3.46,0.0019073486328125,2.1880926513671874,1.790092651367188,2.1880926513671874,1.790092651367188,True,1,false_alarm,8,monsoon,0.39799999999999947,1.8287526427061305,1.8287526427061305,1.7920000000000005
Chennai,13.0827,80.2707,2000-08-22,2000-08-26 21:00:00,114,114,117,0.0,0.514,0.2,0.0,1.98,1.98,0.0,0.0,0.514,0.0,0.514,False,0,normal,8,monsoon,-0.514,3.224755700325733,3.224755700325733,0.514
Chennai,13.0827,80.2707,2000-08-22,2000-08-27 03:00:00,120,120,123,0.0,0.08,0.0,0.0,0.4,0.4,0.0,0.0,0.08,0.0,0.08,False,0,normal,8,monsoon,-0.08,2.2222222222222223,2.2222222222222223,0.08
Chennai,13.0827,80.2707,2000-08-22,2000-08-27 09:00:00,126,126,129,0.0,0.24,0.0,0.0,1.2,1.2,0.0,0.0,0.24,0.0,0.24,False,0,normal,8,monsoon,-0.24,3.5294117647058827,3.5294117647058827,0.24
Chennai,13.0827,80.2707,2000-08-22,2000-08-27 15:00:00,132,132,135,0.44,0.9200000000000002,0.44,0.0,3.2,3.2,0.0,0.44,0.9200000000000002,0.44,0.9200000000000002,False,0,normal,8,monsoon,-0.48000000000000015,3.137254901960784,3.137254901960784,0.9200000000000002
Chennai,13.0827,80.2707,2000-08-22,2000-08-27 21:00:00,138,138,141,1.47,0.818,0.11,0.0,2.51,2.51,0.0,1.47,0.818,1.47,0.818,True,0,normal,8,monsoon,0.652,2.7342047930283226,2.7342047930283226,0.818
Chennai,13.0827,80.2707,2000-08-22,2000-08-28 03:00:00,144,144,147,0.0,0.0,0.0,0.0,0.0,0.0,0.0,0.0,0.0,0.0,0.0,False,0,normal,8,monsoon,0.0,0.0,0.0,0.0
Chennai,13.0827,80.2707,2000-08-22,2000-08-28 09:00:00,150,150,153,0.0,0.0,0.0,0.0,0.0,0.0,0.0333786010742187,-0.0333786010742187,-0.0333786010742187,0.0333786010742187,0.0333786010742187,False,0,normal,8,monsoon,0.0,0.0,0.0,0.0
Chennai,13.0827,80.2707,2000-08-22,2000-08-28 15:00:00,156,156,159,0.8,0.8380000000000001,0.8,0.5,1.49,0.99,2.3040771484375,-1.5040771484375,-1.4660771484375,1.5040771484375,1.4660771484375,True,1,missed_event,8,monsoon,-0.038000000000000034,1.0554371002132195,1.0554371002132195,0.8380000000000001
Chennai,13.0827,80.2707,2000-08-22,2000-08-28 21:00:00,162,162,165,0.0,1.0420000000000005,0.01,0.0,5.1000000000000005,5.1000000000000005,0.0,0.0,1.0420000000000005,0.0,1.0420000000000005,False,0,normal,8,monsoon,-1.0420000000000005,4.4658493870402785,4.4658493870402785,1.0420000000000005
Chennai,13.0827,80.2707,2000-08-22,2000-08-29 03:00:00,168,168,171,0.0,0.0,0.0,0.0,0.0,0.0,0.0,0.0,0.0,0.0,0.0,False,0,normal,8,monsoon,0.0,0.0,0.0,0.0
Chennai,13.0827,80.2707,2000-08-22,2000-08-29 09:00:00,174,174,177,0.7000000000000001,0.42,0.3,0.0,1.0,1.0,0.0772476196289062,0.6227523803710939,0.3427523803710938,0.6227523803710939,0.3427523803710938,False,0,normal,8,monsoon,0.2800000000000001,1.923076923076923,1.923076923076923,0.42
Chennai,13.0827,80.2707,2000-08-22,2000-08-29 15:00:00,180,180,183,0.0,1.2,0.43,0.0,4.2700000000000005,4.2700000000000005,0.8306503295898438,-0.8306503295898438,0.3693496704101562,0.8306503295898438,0.3693496704101562,False,0,normal,8,monsoon,-1.2,3.284615384615385,3.284615384615385,1.2
Chennai,13.0827,80.2707,2000-08-22,2000-08-29 21:00:00,186,186,189,0.7000000000000001,0.36,0.3,0.0,0.8,0.8,0.0,0.7000000000000001,0.36,0.7000000000000001,0.36,False,0,normal,8,monsoon,0.3400000000000001,1.7391304347826089,1.7391304347826089,0.36
Chennai,13.0827,80.2707,2000-08-22,2000-08-30 03:00:00,192,192,195,0.0,0.02,0.0,0.0,0.1,0.1,0.0,0.0,0.02,0.0,0.02,False,0,normal,8,monsoon,-0.02,0.8333333333333333,0.8333333333333333,0.02
Chennai,13.0827,80.2707,2000-08-22,2000-08-30 09:00:00,198,198,201,0.0,0.06,0.0,0.0,0.3,0.3,0.0,0.0,0.06,0.0,0.06,False,0,normal,8,monsoon,-0.06,1.875,1.875,0.06
Chennai,13.0827,80.2707,2000-08-22,2000-08-30 15:00:00,204,204,207,0.0,0.76,0.1,0.0,2.0,2.0,0.0123977661132812,-0.0123977661132812,0.7476022338867188,0.0123977661132812,0.7476022338867188,False,0,normal,8,monsoon,-0.76,2.3255813953488373,2.3255813953488373,0.76
Chennai,13.0827,80.2707,2000-08-22,2000-08-30 21:00:00,210,210,213,0.0,0.28,0.0,0.0,1.3,1.3,0.003814697265625,-0.003814697265625,0.276185302734375,0.003814697265625,0.276185302734375,False,0,normal,8,monsoon,-0.28,3.4210526315789473,3.4210526315789473,0.28
Chennai,13.0827,80.2707,2000-08-22,2000-08-31 03:00:00,216,216,219,0.0,0.22,0.0,0.0,0.7000000000000001,0.7000000000000001,0.0,0.0,0.22,0.0,0.22,False,0,normal,8,monsoon,-0.22,2.1875,2.1875,0.22
Chennai,13.0827,80.2707,2000-08-22,2000-08-31 09:00:00,222,222,225,0.0,1.732,0.05,0.0,8.11,8.11,0.0033378601074218,-0.0033378601074218,1.728662139892578,0.0033378601074218,1.728662139892578,False,0,normal,8,monsoon,-1.732,4.426855895196506,4.426855895196506,1.732
Chennai,13.0827,80.2707,2000-08-22,2000-08-31 15:00:00,228,228,231,1.5,1.516,0.1,0.0,5.9,5.9,0.0,1.5,1.516,1.5,1.516,True,0,normal,8,monsoon,-0.016000000000000014,3.650990099009901,3.650990099009901,1.516
Chennai,13.0827,80.2707,2000-08-22,2000-08-31 21:00:00,234,234,237,0.0,0.68,0.0,0.0,3.3000000000000003,3.3000000000000003,0.0,0.0,0.68,0.0,0.68,False,0,normal,8,monsoon,-0.68,4.230769230769231,4.230769230769231,0.68
Chennai,13.0827,80.2707,2000-09-09,2000-09-09 03:00:00,0,0,3,0.8,0.8,0.8,0.8,0.8,0.0,0.0,0.8,0.8,0.8,0.8,False,0,normal,9,monsoon,0.0,0.0,0.0,0.8
Chennai,13.0827,80.2707,2000-09-09,2000-09-09 09:00:00,6,6,9,0.0,0.16,0.0,0.0,0.8,0.8,0.0004768371582031,-0.0004768371582031,0.1595231628417969,0.0004768371582031,0.1595231628417969,False,0,normal,9,monsoon,-0.16,3.076923076923077,3.076923076923077,0.16
Chennai,13.0827,80.2707,2000-09-09,2000-09-09 15:00:00,12,12,15,0.37,0.154,0.0,0.0,0.4,0.4,0.0,0.37,0.154,0.37,0.154,False,0,normal,9,monsoon,0.216,1.5748031496062993,1.5748031496062993,0.154
Chennai,13.0827,80.2707,2000-09-09,2000-09-09 21:00:00,18,18,21,0.01,0.882,0.0,0.0,4.4,4.4,0.0166893005371093,-0.0066893005371092,0.8653106994628907,0.0066893005371092,0.8653106994628907,False,0,normal,9,monsoon,-0.872,4.480651731160896,4.480651731160896,0.882
Chennai,13.0827,80.2707,2000-09-09,2000-09-10 03:00:00,24,24,27,0.0,0.4,0.0,0.0,2.0,2.0,0.0,0.0,0.4,0.0,0.4,False,0,normal,9,monsoon,-0.4,4.0,4.0,0.4
Chennai,13.0827,80.2707,2000-09-09,2000-09-10 09:00:00,30,30,33,0.0,0.0,0.0,0.0,0.0,0.0,0.0,0.0,0.0,0.0,0.0,False,0,normal,9,monsoon,0.0,0.0,0.0,0.0
Chennai,13.0827,80.2707,2000-09-09,2000-09-10 15:00:00,36,36,39,0.0,0.04,0.0,0.0,0.1,0.1,0.1177787780761718,-0.1177787780761718,-0.0777787780761718,0.1177787780761718,0.0777787780761718,False,0,normal,9,monsoon,-0.04,0.7142857142857143,0.7142857142857143,0.04
Chennai,13.0827,80.2707,2000-09-09,2000-09-10 21:00:00,42,42,45,1.0,2.56,1.0,0.0,9.0,9.0,0.0014305114746093,0.9985694885253908,2.5585694885253907,0.9985694885253908,2.5585694885253907,True,0,normal,9,monsoon,-1.56,3.3834586466165413,3.3834586466165413,2.56
Chennai,13.0827,80.2707,2000-09-09,2000-09-11 03:00:00,48,48,51,0.0,0.16,0.0,0.0,0.7000000000000001,0.7000000000000001,0.0,0.0,0.16,0.0,0.16,False,0,normal,9,monsoon,-0.16,2.6923076923076925,2.6923076923076925,0.16
Chennai,13.0827,80.2707,2000-09-09,2000-09-11 09:00:00,54,54,57,0.0,0.0,0.0,0.0,0.0,0.0,0.0,0.0,0.0,0.0,0.0,False,0,normal,9,monsoon,0.0,0.0,0.0,0.0
Chennai,13.0827,80.2707,2000-09-09,2000-09-11 15:00:00,60,60,63,0.0,0.27,0.1,0.0,1.0,1.0,0.4639625549316406,-0.4639625549316406,-0.1939625549316406,0.4639625549316406,0.1939625549316406,False,0,normal,9,monsoon,-0.27,2.7027027027027026,2.7027027027027026,0.27
Chennai,13.0827,80.2707,2000-09-09,2000-09-11 21:00:00,66,66,69,0.18,1.336,0.2,0.1,5.0,4.9,0.0095367431640625,0.1704632568359375,1.3264632568359376,0.1704632568359375,1.3264632568359376,False,0,normal,9,monsoon,-1.1560000000000001,3.4122562674094707,3.4122562674094707,1.336
Chennai,13.0827,80.2707,2000-09-09,2000-09-12 03:00:00,72,72,75,0.0,0.408,0.0,0.0,1.9,1.9,0.0,0.0,0.408,0.0,0.408,False,0,normal,9,monsoon,-0.408,3.74015748031496,3.74015748031496,0.408
Chennai,13.0827,80.2707,2000-09-09,2000-09-12 09:00:00,78,78,81,0.25,0.05,0.0,0.0,0.25,0.25,0.0224113464355468,0.2275886535644532,0.0275886535644532,0.2275886535644532,0.0275886535644532,False,0,normal,9,monsoon,0.2,1.6666666666666665,1.6666666666666665,0.05
Chennai,13.0827,80.2707,2000-09-09,2000-09-12 15:00:00,84,84,87,1.25,0.43,0.2,0.1,1.25,1.15,0.0448226928710937,1.2051773071289062,0.3851773071289063,1.2051773071289062,0.3851773071289063,True,0,normal,9,monsoon,0.8200000000000001,2.1698113207547167,2.1698113207547167,0.43
Chennai,13.0827,80.2707,2000-09-09,2000-09-12 21:00:00,90,90,93,1.84,2.444,1.84,0.01,7.800000000000001,7.790000000000001,0.0,1.84,2.444,1.84,2.444,True,1,false_alarm,9,monsoon,-0.6039999999999999,3.062106918238994,3.062106918238994,2.444
Chennai,13.0827,80.2707,2000-09-09,2000-09-13 03:00:00,96,96,99,0.0,0.114,0.0,0.0,0.5700000000000001,0.5700000000000001,0.0,0.0,0.114,0.0,0.114,False,0,normal,9,monsoon,-0.114,2.663551401869159,2.663551401869159,0.114
Chennai,13.0827,80.2707,2000-09-09,2000-09-13 09:00:00,102,102,105,0.0,0.22,0.0,0.0,0.6000000000000001,0.6000000000000001,0.0085830688476562,-0.0085830688476562,0.2114169311523438,0.0085830688476562,0.2114169311523438,False,0,normal,9,monsoon,-0.22,1.8750000000000002,1.8750000000000002,0.22
Chennai,13.0827,80.2707,2000-09-09,2000-09-13 15:00:00,108,108,111,0.5,0.1,0.0,0.0,0.5,0.5,0.0,0.5,0.1,0.5,0.1,False,0,normal,9,monsoon,0.4,2.5,2.5,0.1
Chennai,13.0827,80.2707,2000-09-09,2000-09-13 21:00:00,114,114,117,0.5,0.8959999999999999,0.5,0.0,3.28,3.28,0.0066757202148437,0.4933242797851563,0.8893242797851562,0.4933242797851563,0.8893242797851562,False,0,normal,9,monsoon,-0.3959999999999999,3.2931726907630523,3.2931726907630523,0.8959999999999999
Chennai,13.0827,80.2707,2000-09-09,2000-09-14 03:00:00,120,120,123,1.1,0.782,0.6000000000000001,0.0,2.2,2.2,0.0066757202148437,1.0933242797851563,0.7753242797851563,1.0933242797851563,0.7753242797851563,True,0,normal,9,monsoon,0.31800000000000006,2.4943310657596376,2.4943310657596376,0.782
Chennai,13.0827,80.2707,2000-09-09,2000-09-14 09:00:00,126,126,129,0.0,0.1,0.0,0.0,0.5,0.5,0.0014305114746093,-0.0014305114746093,0.0985694885253907,0.0014305114746093,0.0985694885253907,False,0,normal,9,monsoon,-0.1,2.5,2.5,0.1
Chennai,13.0827,80.2707,2000-09-09,2000-09-14 15:00:00,132,132,135,1.5,0.48,0.3,0.0,1.5,1.5,0.0,1.5,0.48,1.5,0.48,True,0,normal,9,monsoon,1.02,2.586206896551724,2.586206896551724,0.48
Chennai,13.0827,80.2707,2000-09-09,2000-09-14 21:00:00,138,138,141,0.65,1.848,1.39,0.4,3.8,3.4,0.0,0.65,1.848,0.65,1.848,False,0,normal,9,monsoon,-1.198,1.7453798767967144,1.7453798767967144,1.848
Chennai,13.0827,80.2707,2000-09-09,2000-09-15 03:00:00,144,144,147,0.05,0.13,0.0,0.0,0.6000000000000001,0.6000000000000001,0.0,0.05,0.13,0.05,0.13,False,0,normal,9,monsoon,-0.08,2.6086956521739135,2.6086956521739135,0.13
Chennai,13.0827,80.2707,2000-09-09,2000-09-15 09:00:00,150,150,153,0.0,0.002,0.0,0.0,0.01,0.01,0.0171661376953125,-0.0171661376953125,-0.0151661376953125,0.0171661376953125,0.0151661376953125,False,0,normal,9,monsoon,-0.002,0.09803921568627451,0.09803921568627451,0.002
Chennai,13.0827,80.2707,2000-09-09,2000-09-15 15:00:00,156,156,159,0.41,0.362,0.0,0.0,1.4,1.4,0.0,0.41,0.362,0.41,0.362,False,0,normal,9,monsoon,0.04799999999999999,3.0303030303030303,3.0303030303030303,0.362
Chennai,13.0827,80.2707,2000-09-09,2000-09-15 21:00:00,162,162,165,0.5,0.4800000000000001,0.5,0.0,1.1,1.1,0.7829666137695312,-0.2829666137695312,-0.3029666137695311,0.2829666137695312,0.3029666137695311,False,0,normal,9,monsoon,0.019999999999999907,1.896551724137931,1.896551724137931,0.4800000000000001
Chennai,13.0827,80.2707,2000-09-09,2000-09-16 03:00:00,168,168,171,0.0,0.0,0.0,0.0,0.0,0.0,0.0,0.0,0.0,0.0,0.0,False,0,normal,9,monsoon,0.0,0.0,0.0,0.0
Chennai,13.0827,80.2707,2000-09-09,2000-09-16 09:00:00,174,174,177,0.0,0.02,0.0,0.0,0.1,0.1,0.2450942993164062,-0.2450942993164062,-0.2250942993164062,0.2450942993164062,0.2250942993164062,False,0,normal,9,monsoon,-0.02,0.8333333333333333,0.8333333333333333,0.02
Chennai,13.0827,80.2707,2000-09-09,2000-09-16 15:00:00,180,180,183,0.05,0.192,0.05,0.0,0.51,0.51,0.1816749572753906,-0.1316749572753905,0.0103250427246094,0.1316749572753905,0.0103250427246094,False,0,normal,9,monsoon,-0.14200000000000002,1.7465753424657533,1.7465753424657533,0.192
Chennai,13.0827,80.2707,2000-09-09,2000-09-16 21:00:00,186,186,189,2.3000000000000003,1.6200000000000003,0.5,0.0,5.300000000000001,5.300000000000001,6.508827209472656,-4.208827209472656,-4.888827209472656,4.208827209472656,4.888827209472656,True,1,magnitude_error,9,monsoon,0.6799999999999999,3.081395348837209,3.081395348837209,1.6200000000000003
Chennai,13.0827,80.2707,2000-09-09,2000-09-17 03:00:00,192,192,195,0.09,0.998,0.09,0.0,4.6000000000000005,4.6000000000000005,0.00762939453125,0.08237060546875,0.99037060546875,0.08237060546875,0.99037060546875,False,0,normal,9,monsoon,-0.908,4.189435336976321,4.189435336976321,0.998
Chennai,13.0827,80.2707,2000-09-09,2000-09-17 09:00:00,198,198,201,0.0,0.18,0.0,0.0,0.9,0.9,0.06103515625,-0.06103515625,0.11896484375,0.06103515625,0.11896484375,False,0,normal,9,monsoon,-0.18,3.214285714285714,3.214285714285714,0.18
Chennai,13.0827,80.2707,2000-09-09,2000-09-17 15:00:00,204,204,207,0.5,0.6,0.3,0.0,2.2,2.2,0.0,0.5,0.6,0.5,0.6,False,0,normal,9,monsoon,-0.09999999999999998,3.1428571428571432,3.1428571428571432,0.6
Chennai,13.0827,80.2707,2000-09-09,2000-09-17 21:00:00,210,210,213,1.53,0.466,0.0,0.0,1.53,1.53,0.7758140563964844,0.7541859436035157,-0.3098140563964843,0.7541859436035157,0.3098140563964843,True,0,normal,9,monsoon,1.064,2.703180212014134,2.703180212014134,0.466
Chennai,13.0827,80.2707,2000-09-09,2000-09-18 03:00:00,216,216,219,0.0,0.86,0.0,0.0,3.9,3.9,0.0,0.0,0.86,0.0,0.86,False,0,normal,9,monsoon,-0.86,4.0625,4.0625,0.86
Chennai,13.0827,80.2707,2000-09-09,2000-09-18 09:00:00,222,222,225,0.35,0.0699999999999999,0.0,0.0,0.35,0.35,0.9822845458984376,-0.6322845458984376,-0.9122845458984375,0.6322845458984376,0.9122845458984375,False,0,normal,9,monsoon,0.2800000000000001,2.058823529411766,2.058823529411766,0.0699999999999999
Chennai,13.0827,80.2707,2000-09-09,2000-09-18 15:00:00,228,228,231,1.17,1.244,1.17,0.0,2.6,2.6,3.1943321228027344,-2.0243321228027344,-1.9503321228027344,2.0243321228027344,1.9503321228027344,True,1,magnitude_error,9,monsoon,-0.07400000000000007,1.9345238095238095,1.9345238095238095,1.244
Chennai,13.0827,80.2707,2000-09-09,2000-09-18 21:00:00,234,234,237,2.44,1.114,0.8,0.0,2.44,2.44,0.1397132873535156,2.3002867126464843,0.9742867126464844,2.3002867126464843,0.9742867126464844,True,1,false_alarm,9,monsoon,1.3259999999999998,2.0098846787479405,2.0098846787479405,1.114
Chennai,13.0827,80.2707,2000-09-27,2000-09-27 03:00:00,0,0,3,0.0,0.0,0.0,0.0,0.0,0.0,0.6422996520996094,-0.6422996520996094,-0.6422996520996094,0.6422996520996094,0.6422996520996094,False,0,normal,9,monsoon,0.0,0.0,0.0,0.0
Chennai,13.0827,80.2707,2000-09-27,2000-09-27 09:00:00,6,6,9,0.0,0.04,0.0,0.0,0.2,0.2,0.0958442687988281,-0.0958442687988281,-0.055844268798828,0.0958442687988281,0.055844268798828,False,0,normal,9,monsoon,-0.04,1.4285714285714286,1.4285714285714286,0.04
Chennai,13.0827,80.2707,2000-09-27,2000-09-27 15:00:00,12,12,15,0.0,0.0,0.0,0.0,0.0,0.0,0.0624656677246093,-0.0624656677246093,-0.0624656677246093,0.0624656677246093,0.0624656677246093,False,0,normal,9,monsoon,0.0,0.0,0.0,0.0
Chennai,13.0827,80.2707,2000-09-27,2000-09-27 21:00:00,18,18,21,0.24,0.788,0.24,0.0,3.1,3.1,1.590251922607422,-1.350251922607422,-0.8022519226074221,1.350251922607422,0.8022519226074221,True,0,normal,9,monsoon,-0.548,3.490990990990991,3.490990990990991,0.788
Chennai,13.0827,80.2707,2000-09-27,2000-09-28 03:00:00,24,24,27,0.4,0.544,0.06,0.0,2.24,2.24,0.0162124633789062,0.3837875366210938,0.5277875366210938,0.3837875366210938,0.5277875366210938,False,0,normal,9,monsoon,-0.14400000000000002,3.4782608695652177,3.4782608695652177,0.544
Chennai,13.0827,80.2707,2000-09-27,2000-09-28 09:00:00,30,30,33,0.01,0.002,0.0,0.0,0.01,0.01,0.0066757202148437,0.0033242797851563,-0.0046757202148437,0.0033242797851563,0.0046757202148437,False,0,normal,9,monsoon,0.008,0.09803921568627451,0.09803921568627451,0.002
Chennai,13.0827,80.2707,2000-09-27,2000-09-28 15:00:00,36,36,39,0.0,0.0,0.0,0.0,0.0,0.0,0.0028610229492187,-0.0028610229492187,-0.0028610229492187,0.0028610229492187,0.0028610229492187,False,0,normal,9,monsoon,0.0,0.0,0.0,0.0
Chennai,13.0827,80.2707,2000-09-27,2000-09-28 21:00:00,42,42,45,3.4000000000000004,1.63,1.2000000000000002,0.4,3.4000000000000004,3.0000000000000004,1.2140274047851562,2.185972595214844,0.4159725952148436,2.185972595214844,0.4159725952148436,True,1,magnitude_error,9,monsoon,1.7700000000000005,1.7341040462427748,1.7341040462427748,1.63
Chennai,13.0827,80.2707,2000-09-27,2000-09-29 03:00:00,48,48,51,0.02,0.044,0.0,0.0,0.2,0.2,0.0457763671875,-0.0257763671875,-0.0017763671875,0.0257763671875,0.0017763671875,False,0,normal,9,monsoon,-0.023999999999999997,1.3888888888888888,1.3888888888888888,0.044
Chennai,13.0827,80.2707,2000-09-27,2000-09-29 09:00:00,54,54,57,0.0,0.028,0.0,0.0,0.1,0.1,0.0557899475097656,-0.0557899475097656,-0.0277899475097655,0.0557899475097656,0.0277899475097655,False,0,normal,9,monsoon,-0.028,0.78125,0.78125,0.028
Chennai,13.0827,80.2707,2000-09-27,2000-09-29 15:00:00,60,60,63,2.16,0.8320000000000001,0.5,0.0,2.16,2.16,3.3512115478515625,-1.1912115478515624,-2.519211547851562,1.1912115478515624,2.519211547851562,True,0,normal,9,monsoon,1.328,2.3175965665236054,2.3175965665236054,0.8320000000000001
Chennai,13.0827,80.2707,2000-09-27,2000-09-29 21:00:00,66,66,69,4.67,4.502000000000001,4.67,1.5,6.24,4.74,0.0,4.67,4.502000000000001,4.67,4.502000000000001,True,1,false_alarm,9,monsoon,0.16799999999999926,1.029986962190352,1.029986962190352,4.502000000000001
Chennai,13.0827,80.2707,2000-09-27,2000-09-30 03:00:00,72,72,75,1.03,1.8080000000000005,1.03,0.0,4.91,4.91,0.0,1.03,1.8080000000000005,1.03,1.8080000000000005,True,0,normal,9,monsoon,-0.7780000000000005,2.5733752620545065,2.5733752620545065,1.8080000000000005
Chennai,13.0827,80.2707,2000-09-27,2000-09-30 09:00:00,78,78,81,1.01,0.202,0.0,0.0,1.01,1.01,8.583545684814453,-7.573545684814453,-8.381545684814453,7.573545684814453,8.381545684814453,True,1,magnitude_error,9,monsoon,0.808,3.344370860927152,3.344370860927152,0.202
Chennai,13.0827,80.2707,2000-09-27,2000-09-30 15:00:00,84,84,87,0.0,0.458,0.0,0.0,1.99,1.99,8.62264633178711,-8.62264633178711,-8.16464633178711,8.62264633178711,8.16464633178711,True,1,missed_event,9,monsoon,-0.458,3.5663082437275984,3.5663082437275984,0.458
Chennai,13.0827,80.2707,2000-09-27,2000-09-30 21:00:00,90,90,93,8.75,3.03,2.9000000000000004,0.0,8.75,8.75,0.0033378601074218,8.746662139892578,3.026662139892578,8.746662139892578,3.026662139892578,True,1,false_alarm,9,monsoon,5.720000000000001,2.7955271565495208,2.7955271565495208,3.03
Chennai,13.0827,80.2707,2000-09-27,2000-10-01 03:00:00,96,96,99,2.4,3.576,2.4,0.0,11.1,11.1,0.0805854797363281,2.319414520263672,3.495414520263672,2.319414520263672,3.495414520263672,True,1,false_alarm,10,post_monsoon,-1.1760000000000002,3.0195865070729053,3.0195865070729053,3.576
Chennai,13.0827,80.2707,2000-09-27,2000-10-01 09:00:00,102,102,105,0.0,1.08,0.0,0.0,4.6000000000000005,4.6000000000000005,0.4591941833496094,-0.4591941833496094,0.6208058166503907,0.4591941833496094,0.6208058166503907,False,0,normal,10,post_monsoon,-1.08,3.8983050847457625,3.8983050847457625,1.08
Chennai,13.0827,80.2707,2000-09-27,2000-10-01 15:00:00,108,108,111,0.0,0.13,0.0,0.0,0.37,0.37,0.0934600830078125,-0.0934600830078125,0.0365399169921875,0.0934600830078125,0.0365399169921875,False,0,normal,10,post_monsoon,-0.13,1.6086956521739129,1.6086956521739129,0.13
Chennai,13.0827,80.2707,2000-09-27,2000-10-01 21:00:00,114,114,117,0.32,3.216,2.11,0.0,7.35,7.35,0.1540184020996093,0.1659815979003907,3.061981597900391,0.1659815979003907,3.061981597900391,False,0,normal,10,post_monsoon,-2.8960000000000004,2.2165259348612785,2.2165259348612785,3.216
Chennai,13.0827,80.2707,2000-09-27,2000-10-02 03:00:00,120,120,123,2.4000000000000004,2.248,2.4000000000000004,0.0,4.3,4.3,0.0,2.4000000000000004,2.248,2.4000000000000004,2.248,True,1,false_alarm,10,post_monsoon,0.15200000000000014,1.8313458262350935,1.8313458262350935,2.248
Chennai,13.0827,80.2707,2000-09-27,2000-10-02 09:00:00,126,126,129,1.0,0.56,0.1,0.0,1.6,1.6,0.1506805419921875,0.8493194580078125,0.4093194580078125,0.8493194580078125,0.4093194580078125,True,0,normal,10,post_monsoon,0.43999999999999995,2.4242424242424243,2.4242424242424243,0.56
Chennai,13.0827,80.2707,2000-09-27,2000-10-02 15:00:00,132,132,135,0.54,0.786,0.5,0.0,2.7,2.7,4.4460296630859375,-3.9060296630859375,-3.6600296630859375,3.9060296630859375,3.6600296630859375,True,1,missed_event,10,post_monsoon,-0.246,3.0474040632054176,3.0474040632054176,0.786
Chennai,13.0827,80.2707,2000-09-27,2000-10-02 21:00:00,138,138,141,3.95,1.6200000000000003,0.94,0.0,3.95,3.95,0.00762939453125,3.94237060546875,1.6123706054687503,3.94237060546875,1.6123706054687503,True,1,false_alarm,10,post_monsoon,2.33,2.2965116279069764,2.2965116279069764,1.6200000000000003
Chennai,13.0827,80.2707,2000-09-27,2000-10-03 03:00:00,144,144,147,3.87,1.2600000000000002,0.23,0.0,3.87,3.87,0.3976821899414062,3.472317810058594,0.862317810058594,3.472317810058594,0.862317810058594,True,1,false_alarm,10,post_monsoon,2.61,2.845588235294117,2.845588235294117,1.2600000000000002
Chennai,13.0827,80.2707,2000-09-27,2000-10-03 09:00:00,150,150,153,2.39,2.018,0.36,0.0,7.2,7.2,0.2951622009277344,2.0948377990722657,1.7228377990722654,2.0948377990722657,1.7228377990722654,True,1,false_alarm,10,post_monsoon,0.37200000000000033,3.3994334277620397,3.3994334277620397,2.018
Chennai,13.0827,80.2707,2000-09-27,2000-10-03 15:00:00,156,156,159,17.6,3.95,0.0,0.0,17.6,17.6,0.0715255737304687,17.528474426269533,3.878474426269531,17.528474426269533,3.878474426269531,True,1,false_alarm,10,post_monsoon,13.650000000000002,4.34567901234568,4.34567901234568,3.95
Chennai,13.0827,80.2707,2000-09-27,2000-10-03 21:00:00,162,162,165,0.87,0.494,0.5,0.0,1.1,1.1,0.3256797790527344,0.5443202209472656,0.1683202209472656,0.5443202209472656,0.1683202209472656,False,0,normal,10,post_monsoon,0.376,1.851851851851852,1.851851851851852,0.494
Chennai,13.0827,80.2707,2000-09-27,2000-10-04 03:00:00,168,168,171,0.0,0.0,0.0,0.0,0.0,0.0,0.1678466796875,-0.1678466796875,-0.1678466796875,0.1678466796875,0.1678466796875,False,0,normal,10,post_monsoon,0.0,0.0,0.0,0.0
Chennai,13.0827,80.2707,2000-09-27,2000-10-04 09:00:00,174,174,177,0.02,0.48,0.01,0.0,2.37,2.37,0.1974105834960937,-0.1774105834960937,0.2825894165039063,0.1774105834960937,0.2825894165039063,False,0,normal,10,post_monsoon,-0.45999999999999996,4.086206896551724,4.086206896551724,0.48
Chennai,13.0827,80.2707,2000-09-27,2000-10-04 15:00:00,180,180,183,0.0,0.8400000000000001,0.0,0.0,4.0,4.0,0.0066757202148437,-0.0066757202148437,0.8333242797851563,0.0066757202148437,0.8333242797851563,False,0,normal,10,post_monsoon,-0.8400000000000001,4.25531914893617,4.25531914893617,0.8400000000000001
Chennai,13.0827,80.2707,2000-09-27,2000-10-04 21:00:00,186,186,189,6.8500000000000005,1.7040000000000002,0.7000000000000001,0.0,6.8500000000000005,6.8500000000000005,4.477024078369141,2.37297592163086,-2.7730240783691404,2.37297592163086,2.7730240783691404,True,1,magnitude_error,10,post_monsoon,5.146000000000001,3.7971175166297115,3.7971175166297115,1.7040000000000002
Chennai,13.0827,80.2707,2000-09-27,2000-10-05 03:00:00,192,192,195,0.0,0.402,0.01,0.0,1.8,1.8,2.151012420654297,-2.151012420654297,-1.7490124206542967,2.151012420654297,1.7490124206542967,True,1,missed_event,10,post_monsoon,-0.402,3.585657370517928,3.585657370517928,0.402
Chennai,13.0827,80.2707,2000-09-27,2000-10-05 09:00:00,198,198,201,0.0,0.02,0.0,0.0,0.1,0.1,1.35040283203125,-1.35040283203125,-1.33040283203125,1.35040283203125,1.33040283203125,True,0,normal,10,post_monsoon,-0.02,0.8333333333333333,0.8333333333333333,0.02
Chennai,13.0827,80.2707,2000-09-27,2000-10-05 15:00:00,204,204,207,0.0,0.0,0.0,0.0,0.0,0.0,0.0014305114746093,-0.0014305114746093,-0.0014305114746093,0.0014305114746093,0.0014305114746093,False,0,normal,10,post_monsoon,0.0,0.0,0.0,0.0
Chennai,13.0827,80.2707,2000-09-27,2000-10-05 21:00:00,210,210,213,1.55,0.33,0.0,0.0,1.55,1.55,6.613254547119141,-5.063254547119141,-6.2832545471191406,5.063254547119141,6.2832545471191406,True,1,magnitude_error,10,post_monsoon,1.22,3.6046511627906974,3.6046511627906974,0.33
Chennai,13.0827,80.2707,2000-09-27,2000-10-06 03:00:00,216,216,219,0.02,1.128,0.02,0.0,4.72,4.72,0.0147819519042968,0.0052180480957032,1.113218048095703,0.0052180480957032,1.113218048095703,False,0,normal,10,post_monsoon,-1.1079999999999999,3.8436482084690553,3.8436482084690553,1.128
Chennai,13.0827,80.2707,2000-09-27,2000-10-06 09:00:00,222,222,225,3.51,0.702,0.0,0.0,3.51,3.51,0.2291202545166015,3.2808797454833982,0.4728797454833984,3.2808797454833982,0.4728797454833984,True,1,false_alarm,10,post_monsoon,2.808,4.376558603491272,4.376558603491272,0.702
Chennai,13.0827,80.2707,2000-09-27,2000-10-06 15:00:00,228,228,231,0.5,0.12,0.0,0.0,0.5,0.5,2.0270347595214844,-1.5270347595214844,-1.9070347595214845,1.5270347595214844,1.9070347595214845,True,1,missed_event,10,post_monsoon,0.38,2.272727272727273,2.272727272727273,0.12
Chennai,13.0827,80.2707,2000-09-27,2000-10-06 21:00:00,234,234,237,2.63,0.546,0.0,0.0,2.63,2.63,0.7700920104980469,1.859907989501953,-0.2240920104980468,1.859907989501953,0.2240920104980468,True,1,false_alarm,10,post_monsoon,2.0839999999999996,4.071207430340557,4.071207430340557,0.546
Chennai,13.0827,80.2707,2000-10-15,2000-10-15 03:00:00,0,0,3,0.0,0.0,0.0,0.0,0.0,0.0,0.0,0.0,0.0,0.0,0.0,False,0,normal,10,post_monsoon,0.0,0.0,0.0,0.0
Chennai,13.0827,80.2707,2000-10-15,2000-10-15 09:00:00,6,6,9,0.0,0.0,0.0,0.0,0.0,0.0,0.0,0.0,0.0,0.0,0.0,False,0,normal,10,post_monsoon,0.0,0.0,0.0,0.0
Chennai,13.0827,80.2707,2000-10-15,2000-10-15 15:00:00,12,12,15,0.0,0.0,0.0,0.0,0.0,0.0,0.0,0.0,0.0,0.0,0.0,False,0,normal,10,post_monsoon,0.0,0.0,0.0,0.0
Chennai,13.0827,80.2707,2000-10-15,2000-10-15 21:00:00,18,18,21,0.0,0.0,0.0,0.0,0.0,0.0,0.0,0.0,0.0,0.0,0.0,False,0,normal,10,post_monsoon,0.0,0.0,0.0,0.0
Chennai,13.0827,80.2707,2000-10-15,2000-10-16 03:00:00,24,24,27,0.0,0.0,0.0,0.0,0.0,0.0,0.0019073486328125,-0.0019073486328125,-0.0019073486328125,0.0019073486328125,0.0019073486328125,False,0,normal,10,post_monsoon,0.0,0.0,0.0,0.0
Chennai,13.0827,80.2707,2000-10-15,2000-10-16 09:00:00,30,30,33,0.0,0.456,0.0,0.0,2.08,2.08,0.0128746032714843,-0.0128746032714843,0.4431253967285157,0.0128746032714843,0.4431253967285157,False,0,normal,10,post_monsoon,-0.456,3.741007194244604,3.741007194244604,0.456
Chennai,13.0827,80.2707,2000-10-15,2000-10-16 15:00:00,36,36,39,0.08,0.102,0.0,0.0,0.43,0.43,0.0,0.08,0.102,0.08,0.102,False,0,normal,10,post_monsoon,-0.021999999999999992,2.1287128712871284,2.1287128712871284,0.102
Chennai,13.0827,80.2707,2000-10-15,2000-10-16 21:00:00,42,42,45,1.16,1.138,0.04,0.0,4.49,4.49,0.0295639038085937,1.1304360961914062,1.1084360961914062,1.1304360961914062,1.1084360961914062,True,0,normal,10,post_monsoon,0.02200000000000002,3.6268174474959616,3.6268174474959616,1.138
Chennai,13.0827,80.2707,2000-10-15,2000-10-17 03:00:00,48,48,51,0.0,0.0,0.0,0.0,0.0,0.0,0.0224113464355468,-0.0224113464355468,-0.0224113464355468,0.0224113464355468,0.0224113464355468,False,0,normal,10,post_monsoon,0.0,0.0,0.0,0.0
Chennai,13.0827,80.2707,2000-10-15,2000-10-17 09:00:00,54,54,57,0.0,0.02,0.0,0.0,0.1,0.1,0.0,0.0,0.02,0.0,0.02,False,0,normal,10,post_monsoon,-0.02,0.8333333333333333,0.8333333333333333,0.02
Chennai,13.0827,80.2707,2000-10-15,2000-10-17 15:00:00,60,60,63,0.0,0.174,0.0,0.0,0.63,0.63,0.0,0.0,0.174,0.0,0.174,False,0,normal,10,post_monsoon,-0.174,2.2992700729927007,2.2992700729927007,0.174
Chennai,13.0827,80.2707,2000-10-15,2000-10-17 21:00:00,66,66,69,0.0,0.042,0.0,0.0,0.2,0.2,0.0,0.0,0.042,0.0,0.042,False,0,normal,10,post_monsoon,-0.042,1.408450704225352,1.408450704225352,0.042
Chennai,13.0827,80.2707,2000-10-15,2000-10-18 03:00:00,72,72,75,0.0,0.08,0.0,0.0,0.2,0.2,0.0357627868652343,-0.0357627868652343,0.0442372131347657,0.0357627868652343,0.0442372131347657,False,0,normal,10,post_monsoon,-0.08,1.1111111111111112,1.1111111111111112,0.08
Chennai,13.0827,80.2707,2000-10-15,2000-10-18 09:00:00,78,78,81,0.0,0.068,0.0,0.0,0.2,0.2,0.0,0.0,0.068,0.0,0.068,False,0,normal,10,post_monsoon,-0.068,1.1904761904761905,1.1904761904761905,0.068
Chennai,13.0827,80.2707,2000-10-15,2000-10-18 15:00:00,84,84,87,0.0,0.062,0.0,0.0,0.21,0.21,0.1592636108398437,-0.1592636108398437,-0.0972636108398437,0.1592636108398437,0.0972636108398437,False,0,normal,10,post_monsoon,-0.062,1.2962962962962963,1.2962962962962963,0.062
Chennai,13.0827,80.2707,2000-10-15,2000-10-18 21:00:00,90,90,93,0.0,1.986,0.0,0.0,9.8,9.8,2.734661102294922,-2.734661102294922,-0.7486611022949219,2.734661102294922,0.7486611022949219,True,1,missed_event,10,post_monsoon,-1.986,4.697986577181209,4.697986577181209,1.986
Chennai,13.0827,80.2707,2000-10-15,2000-10-19 03:00:00,96,96,99,0.0,0.8,0.0,0.0,4.0,4.0,0.1173019409179687,-0.1173019409179687,0.6826980590820313,0.1173019409179687,0.6826980590820313,False,0,normal,10,post_monsoon,-0.8,4.444444444444445,4.444444444444445,0.8
Chennai,13.0827,80.2707,2000-10-15,2000-10-19 09:00:00,102,102,105,0.0,0.04,0.0,0.0,0.2,0.2,0.2093315124511718,-0.2093315124511718,-0.1693315124511717,0.2093315124511718,0.1693315124511717,False,0,normal,10,post_monsoon,-0.04,1.4285714285714286,1.4285714285714286,0.04
Chennai,13.0827,80.2707,2000-10-15,2000-10-19 15:00:00,108,108,111,0.0,0.76,0.0,0.0,3.8,3.8,2.209663391113281,-2.209663391113281,-1.4496633911132808,2.209663391113281,1.4496633911132808,True,1,missed_event,10,post_monsoon,-0.76,4.4186046511627906,4.4186046511627906,0.76
Chennai,13.0827,80.2707,2000-10-15,2000-10-19 21:00:00,114,114,117,0.0,0.0,0.0,0.0,0.0,0.0,0.0028610229492187,-0.0028610229492187,-0.0028610229492187,0.0028610229492187,0.0028610229492187,False,0,normal,10,post_monsoon,0.0,0.0,0.0,0.0
Chennai,13.0827,80.2707,2000-10-15,2000-10-20 03:00:00,120,120,123,0.0,0.0,0.0,0.0,0.0,0.0,0.0162124633789062,-0.0162124633789062,-0.0162124633789062,0.0162124633789062,0.0162124633789062,False,0,normal,10,post_monsoon,0.0,0.0,0.0,0.0
Chennai,13.0827,80.2707,2000-10-15,2000-10-20 09:00:00,126,126,129,0.0,0.002,0.0,0.0,0.01,0.01,0.5393028259277344,-0.5393028259277344,-0.5373028259277344,0.5393028259277344,0.5373028259277344,False,0,normal,10,post_monsoon,-0.002,0.09803921568627451,0.09803921568627451,0.002
Chennai,13.0827,80.2707,2000-10-15,2000-10-20 15:00:00,132,132,135,0.0,0.118,0.0,0.0,0.3,0.3,1.884937286376953,-1.884937286376953,-1.7669372863769528,1.884937286376953,1.7669372863769528,True,1,missed_event,10,post_monsoon,-0.118,1.3761467889908257,1.3761467889908257,0.118
Chennai,13.0827,80.2707,2000-10-15,2000-10-20 21:00:00,138,138,141,0.0,1.12,0.2,0.0,3.3000000000000003,3.3000000000000003,0.2489089965820312,-0.2489089965820312,0.8710910034179689,0.2489089965820312,0.8710910034179689,False,0,normal,10,post_monsoon,-1.12,2.704918032786885,2.704918032786885,1.12
Chennai,13.0827,80.2707,2000-10-15,2000-10-21 03:00:00,144,144,147,0.0,0.16,0.0,0.0,0.5,0.5,0.3962516784667969,-0.3962516784667969,-0.2362516784667968,0.3962516784667969,0.2362516784667968,False,0,normal,10,post_monsoon,-0.16,1.923076923076923,1.923076923076923,0.16
Chennai,13.0827,80.2707,2000-10-15,2000-10-21 09:00:00,150,150,153,0.0,0.1339999999999999,0.0,0.0,0.37,0.37,0.2608299255371094,-0.2608299255371094,-0.1268299255371094,0.2608299255371094,0.1268299255371094,False,0,normal,10,post_monsoon,-0.1339999999999999,1.5811965811965818,1.5811965811965818,0.1339999999999999
Chennai,13.0827,80.2707,2000-10-15,2000-10-21 15:00:00,156,156,159,0.2,1.42,0.2,0.0,3.8,3.8,0.2593994140625,-0.0593994140624999,1.1606005859375,0.0593994140624999,1.1606005859375,False,0,normal,10,post_monsoon,-1.22,2.5,2.5,1.42
Chennai,13.0827,80.2707,2000-10-15,2000-10-21 21:00:00,162,162,165,0.1,0.02,0.0,0.0,0.1,0.1,2.643108367919922,-2.543108367919922,-2.623108367919922,2.543108367919922,2.623108367919922,True,1,missed_event,10,post_monsoon,0.08,0.8333333333333333,0.8333333333333333,0.02
Chennai,13.0827,80.2707,2000-10-15,2000-10-22 03:00:00,168,168,171,0.0,0.0,0.0,0.0,0.0,0.0,0.0166893005371093,-0.0166893005371093,-0.0166893005371093,0.0166893005371093,0.0166893005371093,False,0,normal,10,post_monsoon,0.0,0.0,0.0,0.0
Chennai,13.0827,80.2707,2000-10-15,2000-10-22 09:00:00,174,174,177,0.0,0.7,0.0,0.0,3.5,3.5,1.1396408081054688,-1.1396408081054688,-0.4396408081054688,1.1396408081054688,0.4396408081054688,True,0,normal,10,post_monsoon,-0.7,4.375,4.375,0.7
Chennai,13.0827,80.2707,2000-10-15,2000-10-22 15:00:00,180,180,183,0.09,1.144,0.0,0.0,5.63,5.63,0.1440048217773437,-0.0540048217773437,0.9999951782226562,0.0540048217773437,0.9999951782226562,False,0,normal,10,post_monsoon,-1.0539999999999998,4.52572347266881,4.52572347266881,1.144
Chennai,13.0827,80.2707,2000-10-15,2000-10-22 21:00:00,186,186,189,0.03,1.306,0.0,0.0,6.5,6.5,0.0023841857910156,0.0276158142089843,1.3036158142089844,0.0276158142089843,1.3036158142089844,False,0,normal,10,post_monsoon,-1.276,4.623044096728306,4.623044096728306,1.306
Chennai,13.0827,80.2707,2000-10-15,2000-10-23 03:00:00,192,192,195,0.0,0.0,0.0,0.0,0.0,0.0,0.0,0.0,0.0,0.0,0.0,False,0,normal,10,post_monsoon,0.0,0.0,0.0,0.0
Chennai,13.0827,80.2707,2000-10-15,2000-10-23 09:00:00,198,198,201,0.0,0.08,0.0,0.0,0.4,0.4,0.0143051147460937,-0.0143051147460937,0.0656948852539063,0.0143051147460937,0.0656948852539063,False,0,normal,10,post_monsoon,-0.08,2.2222222222222223,2.2222222222222223,0.08
Chennai,13.0827,80.2707,2000-10-15,2000-10-23 15:00:00,204,204,207,0.0,0.18,0.0,0.0,0.9,0.9,0.0,0.0,0.18,0.0,0.18,False,0,normal,10,post_monsoon,-0.18,3.214285714285714,3.214285714285714,0.18
Chennai,13.0827,80.2707,2000-10-15,2000-10-23 21:00:00,210,210,213,0.0,0.16,0.0,0.0,0.8,0.8,0.0014305114746093,-0.0014305114746093,0.1585694885253907,0.0014305114746093,0.1585694885253907,False,0,normal,10,post_monsoon,-0.16,3.076923076923077,3.076923076923077,0.16
Chennai,13.0827,80.2707,2000-10-15,2000-10-24 03:00:00,216,216,219,0.0,0.0,0.0,0.0,0.0,0.0,0.05340576171875,-0.05340576171875,-0.05340576171875,0.05340576171875,0.05340576171875,False,0,normal,10,post_monsoon,0.0,0.0,0.0,0.0
Chennai,13.0827,80.2707,2000-10-15,2000-10-24 09:00:00,222,222,225,0.0,0.0,0.0,0.0,0.0,0.0,0.0,0.0,0.0,0.0,0.0,False,0,normal,10,post_monsoon,0.0,0.0,0.0,0.0
Chennai,13.0827,80.2707,2000-10-15,2000-10-24 15:00:00,228,228,231,0.0,0.0,0.0,0.0,0.0,0.0,0.0,0.0,0.0,0.0,0.0,False,0,normal,10,post_monsoon,0.0,0.0,0.0,0.0
Chennai,13.0827,80.2707,2000-10-15,2000-10-24 21:00:00,234,234,237,0.0,0.0,0.0,0.0,0.0,0.0,0.0,0.0,0.0,0.0,0.0,False,0,normal,10,post_monsoon,0.0,0.0,0.0,0.0
Chennai,13.0827,80.2707,2000-11-02,2000-11-02 03:00:00,0,0,3,5.1000000000000005,5.1000000000000005,5.1000000000000005,5.1000000000000005,5.1000000000000005,0.0,0.4191398620605469,4.680860137939454,4.680860137939454,4.680860137939454,4.680860137939454,True,1,false_alarm,11,post_monsoon,0.0,0.0,0.0,5.1000000000000005
Chennai,13.0827,80.2707,2000-11-02,2000-11-02 09:00:00,6,6,9,0.0,0.08,0.0,0.0,0.4,0.4,0.2074241638183593,-0.2074241638183593,-0.1274241638183593,0.2074241638183593,0.1274241638183593,False,0,normal,11,post_monsoon,-0.08,2.2222222222222223,2.2222222222222223,0.08
Chennai,13.0827,80.2707,2000-11-02,2000-11-02 15:00:00,12,12,15,0.0,0.26,0.0,0.0,1.3,1.3,0.026702880859375,-0.026702880859375,0.233297119140625,0.026702880859375,0.233297119140625,False,0,normal,11,post_monsoon,-0.26,3.611111111111111,3.611111111111111,0.26
Chennai,13.0827,80.2707,2000-11-02,2000-11-02 21:00:00,18,18,21,0.0,0.02,0.0,0.0,0.1,0.1,0.225067138671875,-0.225067138671875,-0.205067138671875,0.225067138671875,0.205067138671875,False,0,normal,11,post_monsoon,-0.02,0.8333333333333333,0.8333333333333333,0.02
Chennai,13.0827,80.2707,2000-11-02,2000-11-03 03:00:00,24,24,27,0.0,0.576,0.0,0.0,2.48,2.48,0.0967979431152343,-0.0967979431152343,0.4792020568847656,0.0967979431152343,0.4792020568847656,False,0,normal,11,post_monsoon,-0.576,3.6686390532544384,3.6686390532544384,0.576
Chennai,13.0827,80.2707,2000-11-02,2000-11-03 09:00:00,30,30,33,0.06,0.068,0.08,0.0,0.1,0.1,0.1902580261230468,-0.1302580261230468,-0.1222580261230467,0.1302580261230468,0.1222580261230467,False,0,normal,11,post_monsoon,-0.008000000000000007,0.5952380952380952,0.5952380952380952,0.068
Chennai,13.0827,80.2707,2000-11-02,2000-11-03 15:00:00,36,36,39,0.0,0.0,0.0,0.0,0.0,0.0,0.1482963562011718,-0.1482963562011718,-0.1482963562011718,0.1482963562011718,0.1482963562011718,False,0,normal,11,post_monsoon,0.0,0.0,0.0,0.0
Chennai,13.0827,80.2707,2000-11-02,2000-11-03 21:00:00,42,42,45,0.3,0.52,0.3,0.0,1.4,1.4,0.1082420349121093,0.1917579650878906,0.4117579650878907,0.1917579650878906,0.4117579650878907,False,0,normal,11,post_monsoon,-0.22000000000000003,2.258064516129032,2.258064516129032,0.52
Chennai,13.0827,80.2707,2000-11-02,2000-11-04 03:00:00,48,48,51,0.1,0.386,0.2,0.0,0.8300000000000001,0.8300000000000001,0.5517005920410156,-0.4517005920410156,-0.1657005920410156,0.4517005920410156,0.1657005920410156,False,0,normal,11,post_monsoon,-0.28600000000000003,1.7078189300411524,1.7078189300411524,0.386
Chennai,13.0827,80.2707,2000-11-02,2000-11-04 09:00:00,54,54,57,0.0,0.1,0.0,0.0,0.4,0.4,1.270771026611328,-1.270771026611328,-1.1707710266113278,1.270771026611328,1.1707710266113278,True,0,normal,11,post_monsoon,-0.1,2.0,2.0,0.1
Chennai,13.0827,80.2707,2000-11-02,2000-11-04 15:00:00,60,60,63,0.8,0.402,0.5,0.0,0.8,0.8,0.1125335693359375,0.6874664306640625,0.2894664306640625,0.6874664306640625,0.2894664306640625,False,0,normal,11,post_monsoon,0.398,1.5936254980079683,1.5936254980079683,0.402
Chennai,13.0827,80.2707,2000-11-02,2000-11-04 21:00:00,66,66,69,1.5,0.6839999999999999,0.5,0.02,1.5,1.48,0.00762939453125,1.49237060546875,0.6763706054687499,1.49237060546875,0.6763706054687499,True,0,normal,11,post_monsoon,0.8160000000000001,1.8877551020408165,1.8877551020408165,0.6839999999999999
Chennai,13.0827,80.2707,2000-11-02,2000-11-05 03:00:00,72,72,75,0.0,0.16,0.1,0.0,0.6000000000000001,0.6000000000000001,0.1397132873535156,-0.1397132873535156,0.0202867126464844,0.1397132873535156,0.0202867126464844,False,0,normal,11,post_monsoon,-0.16,2.307692307692308,2.307692307692308,0.16
Chennai,13.0827,80.2707,2000-11-02,2000-11-05 09:00:00,78,78,81,0.0,0.094,0.0,0.0,0.47,0.47,0.0486373901367187,-0.0486373901367187,0.0453626098632813,0.0486373901367187,0.0453626098632813,False,0,normal,11,post_monsoon,-0.094,2.422680412371134,2.422680412371134,0.094
Chennai,13.0827,80.2707,2000-11-02,2000-11-05 15:00:00,84,84,87,0.13,0.206,0.0,0.0,0.9,0.9,0.0,0.13,0.206,0.13,0.206,False,0,normal,11,post_monsoon,-0.07599999999999998,2.9411764705882355,2.9411764705882355,0.206
Chennai,13.0827,80.2707,2000-11-02,2000-11-05 21:00:00,90,90,93,0.99,0.244,0.1,0.0,0.99,0.99,0.0004768371582031,0.9895231628417968,0.2435231628417969,0.9895231628417968,0.2435231628417969,False,0,normal,11,post_monsoon,0.746,2.8779069767441863,2.8779069767441863,0.244
Chennai,13.0827,80.2707,2000-11-02,2000-11-06 03:00:00,96,96,99,0.01,0.002,0.0,0.0,0.01,0.01,0.0443458557128906,-0.0343458557128905,-0.0423458557128905,0.0343458557128905,0.0423458557128905,False,0,normal,11,post_monsoon,0.008,0.09803921568627451,0.09803921568627451,0.002
Chennai,13.0827,80.2707,2000-11-02,2000-11-06 09:00:00,102,102,105,0.0,0.16,0.0,0.0,0.8,0.8,0.0090599060058593,-0.0090599060058593,0.1509400939941407,0.0090599060058593,0.1509400939941407,False,0,normal,11,post_monsoon,-0.16,3.076923076923077,3.076923076923077,0.16
Chennai,13.0827,80.2707,2000-11-02,2000-11-06 15:00:00,108,108,111,0.0,0.16,0.0,0.0,0.8,0.8,0.0009536743164062,-0.0009536743164062,0.1590463256835938,0.0009536743164062,0.1590463256835938,False,0,normal,11,post_monsoon,-0.16,3.076923076923077,3.076923076923077,0.16
Chennai,13.0827,80.2707,2000-11-02,2000-11-06 21:00:00,114,114,117,0.01,0.4019999999999999,0.0,0.0,2.0,2.0,0.0171661376953125,-0.0071661376953125,0.3848338623046874,0.0071661376953125,0.3848338623046874,False,0,normal,11,post_monsoon,-0.3919999999999999,3.984063745019921,3.984063745019921,0.4019999999999999
Chennai,13.0827,80.2707,2000-11-02,2000-11-07 03:00:00,120,120,123,0.02,0.324,0.02,0.0,1.5,1.5,0.1430511474609375,-0.1230511474609375,0.1809488525390625,0.1230511474609375,0.1809488525390625,False,0,normal,11,post_monsoon,-0.304,3.5377358490566033,3.5377358490566033,0.324
Chennai,13.0827,80.2707,2000-11-02,2000-11-07 09:00:00,126,126,129,0.0,0.0,0.0,0.0,0.0,0.0,0.0195503234863281,-0.0195503234863281,-0.0195503234863281,0.0195503234863281,0.0195503234863281,False,0,normal,11,post_monsoon,0.0,0.0,0.0,0.0
Chennai,13.0827,80.2707,2000-11-02,2000-11-07 15:00:00,132,132,135,0.0,0.12,0.0,0.0,0.6000000000000001,0.6000000000000001,0.0,0.0,0.12,0.0,0.12,False,0,normal,11,post_monsoon,-0.12,2.7272727272727275,2.7272727272727275,0.12
Chennai,13.0827,80.2707,2000-11-02,2000-11-07 21:00:00,138,138,141,0.0,0.386,0.3,0.0,1.3,1.3,0.0233650207519531,-0.0233650207519531,0.3626349792480469,0.0233650207519531,0.3626349792480469,False,0,normal,11,post_monsoon,-0.386,2.674897119341564,2.674897119341564,0.386
Chennai,13.0827,80.2707,2000-11-02,2000-11-08 03:00:00,144,144,147,0.03,1.466,0.5,0.03,6.2,6.17,0.1802444458007812,-0.1502444458007812,1.2857555541992187,0.1502444458007812,1.2857555541992187,False,0,normal,11,post_monsoon,-1.436,3.939974457215836,3.939974457215836,1.466
Chennai,13.0827,80.2707,2000-11-02,2000-11-08 09:00:00,150,150,153,0.0,0.91,0.1,0.0,2.95,2.95,0.0004768371582031,-0.0004768371582031,0.9095231628417968,0.0004768371582031,0.9095231628417968,False,0,normal,11,post_monsoon,-0.91,2.9207920792079207,2.9207920792079207,0.91
Chennai,13.0827,80.2707,2000-11-02,2000-11-08 15:00:00,156,156,159,0.09,0.158,0.1,0.0,0.5,0.5,0.0014305114746093,0.0885694885253906,0.1565694885253907,0.0885694885253906,0.1565694885253907,False,0,normal,11,post_monsoon,-0.068,1.937984496124031,1.937984496124031,0.158
Chennai,13.0827,80.2707,2000-11-02,2000-11-08 21:00:00,162,162,165,0.03,0.5860000000000001,0.0,0.0,2.9000000000000004,2.9000000000000004,0.0653266906738281,-0.0353266906738281,0.520673309326172,0.0353266906738281,0.520673309326172,False,0,normal,11,post_monsoon,-0.556,4.227405247813412,4.227405247813412,0.5860000000000001
Chennai,13.0827,80.2707,2000-11-02,2000-11-09 03:00:00,168,168,171,0.0,1.6,0.6000000000000001,0.0,4.800000000000001,4.800000000000001,0.1745223999023437,-0.1745223999023437,1.4254776000976563,0.1745223999023437,1.4254776000976563,False,0,normal,11,post_monsoon,-1.6,2.823529411764706,2.823529411764706,1.6
Chennai,13.0827,80.2707,2000-11-02,2000-11-09 09:00:00,174,174,177,0.0,1.6800000000000002,0.4,0.0,4.2,4.2,0.125885009765625,-0.125885009765625,1.5541149902343752,0.125885009765625,1.5541149902343752,False,0,normal,11,post_monsoon,-1.6800000000000002,2.359550561797753,2.359550561797753,1.6800000000000002
Chennai,13.0827,80.2707,2000-11-02,2000-11-09 15:00:00,180,180,183,0.02,0.8640000000000001,0.8,0.0,2.3000000000000003,2.3000000000000003,0.1325607299804687,-0.1125607299804686,0.7314392700195314,0.1125607299804686,0.7314392700195314,False,0,normal,11,post_monsoon,-0.8440000000000001,2.3858921161825726,2.3858921161825726,0.8640000000000001
Chennai,13.0827,80.2707,2000-11-02,2000-11-09 21:00:00,186,186,189,0.03,0.206,0.03,0.0,0.5,0.5,0.640869140625,-0.610869140625,-0.434869140625,0.610869140625,0.434869140625,False,0,normal,11,post_monsoon,-0.176,1.6339869281045751,1.6339869281045751,0.206
Chennai,13.0827,80.2707,2000-11-02,2000-11-10 03:00:00,192,192,195,0.1,0.6000000000000001,0.1,0.0,2.8000000000000003,2.8000000000000003,0.0901222229003906,0.0098777770996094,0.5098777770996095,0.0098777770996094,0.5098777770996095,False,0,normal,11,post_monsoon,-0.5000000000000001,4.0,4.0,0.6000000000000001
Chennai,13.0827,80.2707,2000-11-02,2000-11-10 09:00:00,198,198,201,0.0,0.24,0.0,0.0,0.7000000000000001,0.7000000000000001,0.0162124633789062,-0.0162124633789062,0.2237875366210938,0.0162124633789062,0.2237875366210938,False,0,normal,11,post_monsoon,-0.24,2.058823529411765,2.058823529411765,0.24
Chennai,13.0827,80.2707,2000-11-02,2000-11-10 15:00:00,204,204,207,0.11,0.6559999999999999,0.11,0.0,2.77,2.77,0.0238418579101562,0.0861581420898437,0.6321581420898437,0.0861581420898437,0.6321581420898437,False,0,normal,11,post_monsoon,-0.5459999999999999,3.6640211640211646,3.6640211640211646,0.6559999999999999
Chennai,13.0827,80.2707,2000-11-02,2000-11-10 21:00:00,210,210,213,0.47,0.434,0.47,0.0,1.0,1.0,0.1807212829589843,0.2892787170410157,0.2532787170410157,0.2892787170410157,0.2532787170410157,False,0,normal,11,post_monsoon,0.035999999999999976,1.8726591760299625,1.8726591760299625,0.434
Chennai,13.0827,80.2707,2000-11-02,2000-11-11 03:00:00,216,216,219,0.6000000000000001,0.2,0.1,0.0,0.6000000000000001,0.6000000000000001,0.5450248718261719,0.0549751281738282,-0.3450248718261718,0.0549751281738282,0.3450248718261718,False,0,normal,11,post_monsoon,0.4000000000000001,2.0,2.0,0.2
Chennai,13.0827,80.2707,2000-11-02,2000-11-11 09:00:00,222,222,225,0.74,0.148,0.0,0.0,0.74,0.74,1.0929107666015625,-0.3529107666015625,-0.9449107666015624,0.3529107666015625,0.9449107666015624,True,0,normal,11,post_monsoon,0.592,2.9838709677419355,2.9838709677419355,0.148
Chennai,13.0827,80.2707,2000-11-02,2000-11-11 15:00:00,228,228,231,0.04,0.052,0.02,0.0,0.2,0.2,0.3385543823242187,-0.2985543823242187,-0.2865543823242187,0.2985543823242187,0.2865543823242187,False,0,normal,11,post_monsoon,-0.011999999999999997,1.3157894736842106,1.3157894736842106,0.052
Chennai,13.0827,80.2707,2000-11-02,2000-11-11 21:00:00,234,234,237,0.3,0.32,0.0,0.0,1.3,1.3,0.1835823059082031,0.1164176940917968,0.1364176940917969,0.1164176940917968,0.1364176940917969,False,0,normal,11,post_monsoon,-0.020000000000000018,3.095238095238095,3.095238095238095,0.32
Chennai,13.0827,80.2707,2000-11-20,2000-11-20 03:00:00,0,0,3,0.0,0.0,0.0,0.0,0.0,0.0,0.0,0.0,0.0,0.0,0.0,False,0,normal,11,post_monsoon,0.0,0.0,0.0,0.0
Chennai,13.0827,80.2707,2000-11-20,2000-11-20 09:00:00,6,6,9,0.0,0.0,0.0,0.0,0.0,0.0,0.0004768371582031,-0.0004768371582031,-0.0004768371582031,0.0004768371582031,0.0004768371582031,False,0,normal,11,post_monsoon,0.0,0.0,0.0,0.0
Chennai,13.0827,80.2707,2000-11-20,2000-11-20 15:00:00,12,12,15,0.0,0.0,0.0,0.0,0.0,0.0,0.0667572021484375,-0.0667572021484375,-0.0667572021484375,0.0667572021484375,0.0667572021484375,False,0,normal,11,post_monsoon,0.0,0.0,0.0,0.0
Chennai,13.0827,80.2707,2000-11-20,2000-11-20 21:00:00,18,18,21,0.5,0.8,0.7000000000000001,0.5,1.2000000000000002,0.7000000000000002,1.007080078125,-0.507080078125,-0.2070800781249999,0.507080078125,0.2070800781249999,True,0,normal,11,post_monsoon,-0.30000000000000004,0.7777777777777779,0.7777777777777779,0.8
Chennai,13.0827,80.2707,2000-11-20,2000-11-21 03:00:00,24,24,27,1.2000000000000002,1.334,1.2000000000000002,0.9,2.2,1.3000000000000005,0.2870559692382812,0.9129440307617188,1.0469440307617188,0.9129440307617188,1.0469440307617188,True,0,normal,11,post_monsoon,-0.1339999999999999,0.9065550906555093,0.9065550906555093,1.334
Chennai,13.0827,80.2707,2000-11-20,2000-11-21 09:00:00,30,30,33,0.0,0.156,0.06,0.0,0.4,0.4,0.4172325134277344,-0.4172325134277344,-0.2612325134277343,0.4172325134277344,0.2612325134277343,False,0,normal,11,post_monsoon,-0.156,1.5625,1.5625,0.156
Chennai,13.0827,80.2707,2000-11-20,2000-11-21 15:00:00,36,36,39,0.14,0.8940000000000001,0.4,0.14,2.2,2.06,0.0514984130859375,0.0885015869140625,0.8425015869140626,0.0885015869140625,0.8425015869140626,False,0,normal,11,post_monsoon,-0.7540000000000001,2.0724346076458753,2.0724346076458753,0.8940000000000001
Chennai,13.0827,80.2707,2000-11-20,2000-11-21 21:00:00,42,42,45,0.5,0.98,0.5,0.3,2.2,1.9,0.2889633178710937,0.2110366821289063,0.6910366821289062,0.2110366821289063,0.6910366821289062,False,0,normal,11,post_monsoon,-0.48,1.759259259259259,1.759259259259259,0.98
Chennai,13.0827,80.2707,2000-11-20,2000-11-22 03:00:00,48,48,51,0.9,1.148,0.9,0.4,2.63,2.23,0.9589195251464844,-0.0589195251464843,0.1890804748535155,0.0589195251464843,0.1890804748535155,False,0,normal,11,post_monsoon,-0.2479999999999999,1.7868589743589745,1.7868589743589745,1.148
Chennai,13.0827,80.2707,2000-11-20,2000-11-22 09:00:00,54,54,57,0.14,1.2739999999999998,0.14,0.02,3.8,3.78,1.109600067138672,-0.969600067138672,0.1643999328613277,0.969600067138672,0.1643999328613277,True,0,normal,11,post_monsoon,-1.134,2.7510917030567685,2.7510917030567685,1.2739999999999998
Chennai,13.0827,80.2707,2000-11-20,2000-11-22 15:00:00,60,60,63,0.2,0.8480000000000001,1.1,0.0,1.7000000000000002,1.7000000000000002,1.0838508605957031,-0.8838508605957032,-0.235850860595703,0.8838508605957032,0.235850860595703,True,0,normal,11,post_monsoon,-0.6480000000000001,1.7932489451476794,1.7932489451476794,0.8480000000000001
Chennai,13.0827,80.2707,2000-11-20,2000-11-22 21:00:00,66,66,69,0.15,1.35,0.5,0.0,3.4000000000000004,3.4000000000000004,1.2516975402832031,-1.1016975402832032,0.0983024597167969,1.1016975402832032,0.0983024597167969,True,0,normal,11,post_monsoon,-1.2000000000000002,2.3448275862068964,2.3448275862068964,1.35
Chennai,13.0827,80.2707,2000-11-20,2000-11-23 03:00:00,72,72,75,0.6000000000000001,2.24,1.2000000000000002,0.0,5.300000000000001,5.300000000000001,0.3132820129394531,0.2867179870605469,1.926717987060547,0.2867179870605469,1.926717987060547,False,0,normal,11,post_monsoon,-1.6400000000000001,2.264957264957265,2.264957264957265,2.24
Chennai,13.0827,80.2707,2000-11-20,2000-11-23 09:00:00,78,78,81,4.24,3.828,4.24,0.04,9.1,9.06,0.8292198181152344,3.410780181884766,2.998780181884765,3.410780181884766,2.998780181884765,True,1,false_alarm,11,post_monsoon,0.41200000000000037,2.3065173116089617,2.3065173116089617,3.828
Chennai,13.0827,80.2707,2000-11-20,2000-11-23 15:00:00,84,84,87,1.68,4.862,1.68,0.02,18.4,18.38,0.1926422119140625,1.4873577880859374,4.669357788085938,1.4873577880859374,4.669357788085938,True,0,normal,11,post_monsoon,-3.1820000000000004,3.7041515517936316,3.7041515517936316,4.862
Chennai,13.0827,80.2707,2000-11-20,2000-11-23 21:00:00,90,90,93,5.7700000000000005,3.4940000000000007,3.6,0.1,6.800000000000001,6.700000000000001,0.6861686706542969,5.083831329345704,2.807831329345704,5.083831329345704,2.807831329345704,True,1,false_alarm,11,post_monsoon,2.276,1.8642181413466887,1.8642181413466887,3.4940000000000007
Chennai,13.0827,80.2707,2000-11-20,2000-11-24 03:00:00,96,96,99,2.5,3.3,3.3000000000000003,2.5,4.3,1.7999999999999998,0.0720024108886718,2.427997589111328,3.227997589111328,2.427997589111328,3.227997589111328,True,1,false_alarm,11,post_monsoon,-0.7999999999999998,0.5294117647058824,0.5294117647058824,3.3
Chennai,13.0827,80.2707,2000-11-20,2000-11-24 09:00:00,102,102,105,5.49,1.942,1.5,0.04,5.49,5.45,0.0834465026855468,5.406553497314453,1.858553497314453,5.406553497314453,1.858553497314453,True,1,false_alarm,11,post_monsoon,3.548,2.668952007835456,2.668952007835456,1.942
Chennai,13.0827,80.2707,2000-11-20,2000-11-24 15:00:00,108,108,111,4.0600000000000005,2.2960000000000003,1.7000000000000002,0.7000000000000001,4.0600000000000005,3.3600000000000003,0.0,4.0600000000000005,2.2960000000000003,4.0600000000000005,2.2960000000000003,True,1,false_alarm,11,post_monsoon,1.7640000000000002,1.4023372287145242,1.4023372287145242,2.2960000000000003
Chennai,13.0827,80.2707,2000-11-20,2000-11-24 21:00:00,114,114,117,4.0,3.688,4.0,0.1,6.74,6.640000000000001,0.0,4.0,3.688,4.0,3.688,True,1,false_alarm,11,post_monsoon,0.31199999999999983,1.7529039070749737,1.7529039070749737,3.688
Chennai,13.0827,80.2707,2000-11-20,2000-11-25 03:00:00,120,120,123,5.3100000000000005,2.6580000000000004,2.23,0.1,5.3100000000000005,5.210000000000001,0.0472068786621093,5.262793121337891,2.610793121337891,5.262793121337891,2.610793121337891,True,1,false_alarm,11,post_monsoon,2.652,1.8890500362581581,1.8890500362581581,2.6580000000000004
Chennai,13.0827,80.2707,2000-11-20,2000-11-25 09:00:00,126,126,129,3.66,0.858,0.23,0.0,3.66,3.66,0.0,3.66,0.858,3.66,0.858,True,1,false_alarm,11,post_monsoon,2.802,3.8204592901878915,3.8204592901878915,0.858
Chennai,13.0827,80.2707,2000-11-20,2000-11-25 15:00:00,132,132,135,1.93,0.4639999999999999,0.1,0.0,1.93,1.93,0.0,1.93,0.4639999999999999,1.93,0.4639999999999999,True,1,false_alarm,11,post_monsoon,1.466,3.421985815602837,3.421985815602837,0.4639999999999999
Chennai,13.0827,80.2707,2000-11-20,2000-11-25 21:00:00,138,138,141,3.2,0.656,0.01,0.0,3.2,3.2,0.0,3.2,0.656,3.2,0.656,True,1,false_alarm,11,post_monsoon,2.544,4.232804232804233,4.232804232804233,0.656
Chennai,13.0827,80.2707,2000-11-20,2000-11-26 03:00:00,144,144,147,3.4000000000000004,0.7200000000000001,0.0,0.0,3.4000000000000004,3.4000000000000004,0.0,3.4000000000000004,0.7200000000000001,3.4000000000000004,0.7200000000000001,True,1,false_alarm,11,post_monsoon,2.68,4.146341463414634,4.146341463414634,0.7200000000000001
Chennai,13.0827,80.2707,2000-11-20,2000-11-26 09:00:00,150,150,153,7.0,1.54,0.0,0.0,7.0,7.0,0.0,7.0,1.54,7.0,1.54,True,1,false_alarm,11,post_monsoon,5.46,4.268292682926829,4.268292682926829,1.54
Chennai,13.0827,80.2707,2000-11-20,2000-11-26 15:00:00,156,156,159,5.300000000000001,1.6200000000000003,0.0,0.0,5.300000000000001,5.300000000000001,0.0,5.300000000000001,1.6200000000000003,5.300000000000001,1.6200000000000003,True,1,false_alarm,11,post_monsoon,3.6800000000000006,3.081395348837209,3.081395348837209,1.6200000000000003
Chennai,13.0827,80.2707,2000-11-20,2000-11-26 21:00:00,162,162,165,6.4,1.664,0.02,0.0,6.4,6.4,0.0,6.4,1.664,6.4,1.664,True,1,false_alarm,11,post_monsoon,4.736000000000001,3.6281179138321997,3.6281179138321997,1.664
Chennai,13.0827,80.2707,2000-11-20,2000-11-27 03:00:00,168,168,171,0.0,1.842,0.0,0.0,9.2,9.2,0.0,0.0,1.842,0.0,1.842,False,0,normal,11,post_monsoon,-1.842,4.737384140061791,4.737384140061791,1.842
Chennai,13.0827,80.2707,2000-11-20,2000-11-27 09:00:00,174,174,177,0.17,3.604000000000001,0.0,0.0,17.85,17.85,0.0,0.17,3.604000000000001,0.17,3.604000000000001,False,0,normal,11,post_monsoon,-3.434000000000001,4.819114470842331,4.819114470842331,3.604000000000001
Chennai,13.0827,80.2707,2000-11-20,2000-11-27 15:00:00,180,180,183,1.86,12.5,0.1,0.0,60.54,60.54,0.0009536743164062,1.8590463256835936,12.499046325683594,1.8590463256835936,12.499046325683594,True,1,false_alarm,11,post_monsoon,-10.64,4.804761904761905,4.804761904761905,12.5
Chennai,13.0827,80.2707,2000-11-20,2000-11-27 21:00:00,186,186,189,0.28,3.74,0.2,0.0,18.2,18.2,0.0,0.28,3.74,0.28,3.74,False,0,normal,11,post_monsoon,-3.46,4.739583333333333,4.739583333333333,3.74
Chennai,13.0827,80.2707,2000-11-20,2000-11-28 03:00:00,192,192,195,0.5,2.4400000000000004,0.5,0.0,10.8,10.8,0.0185966491699218,0.4814033508300782,2.4214033508300785,0.4814033508300782,2.4214033508300785,False,0,normal,11,post_monsoon,-1.9400000000000004,4.251968503937007,4.251968503937007,2.4400000000000004
Chennai,13.0827,80.2707,2000-11-20,2000-11-28 09:00:00,198,198,201,0.15,3.01,0.15,0.0,14.1,14.1,3.8809776306152335,-3.7309776306152336,-0.8709776306152337,3.7309776306152336,0.8709776306152337,True,1,missed_event,11,post_monsoon,-2.86,4.533762057877814,4.533762057877814,3.01
Chennai,13.0827,80.2707,2000-11-20,2000-11-28 15:00:00,204,204,207,0.48,1.7160000000000004,0.48,0.0,5.800000000000001,5.800000000000001,3.694534301757813,-3.214534301757813,-1.9785343017578123,3.214534301757813,1.9785343017578123,True,1,missed_event,11,post_monsoon,-1.2360000000000004,3.193832599118942,3.193832599118942,1.7160000000000004
Chennai,13.0827,80.2707,2000-11-20,2000-11-28 21:00:00,210,210,213,0.54,1.1880000000000002,0.7000000000000001,0.0,3.0,3.0,5.621433258056641,-5.081433258056641,-4.43343325805664,5.081433258056641,4.43343325805664,True,1,missed_event,11,post_monsoon,-0.6480000000000001,2.3291925465838506,2.3291925465838506,1.1880000000000002
Chennai,13.0827,80.2707,2000-11-20,2000-11-29 03:00:00,216,216,219,0.3,0.52,0.3,0.0,1.6,1.6,2.2382736206054688,-1.9382736206054687,-1.7182736206054687,1.9382736206054687,1.7182736206054687,True,1,missed_event,11,post_monsoon,-0.22000000000000003,2.580645161290323,2.580645161290323,0.52
Chennai,13.0827,80.2707,2000-11-20,2000-11-29 09:00:00,222,222,225,0.0,1.182,0.0,0.0,5.3100000000000005,5.3100000000000005,1.3666152954101562,-1.3666152954101562,-0.1846152954101563,1.3666152954101562,0.1846152954101563,True,0,normal,11,post_monsoon,-1.182,4.1419656786271455,4.1419656786271455,1.182
Chennai,13.0827,80.2707,2000-11-20,2000-11-29 15:00:00,228,228,231,0.0,1.38,0.4,0.0,3.9,3.9,2.9001235961914062,-2.9001235961914062,-1.5201235961914064,2.9001235961914062,1.5201235961914064,True,1,missed_event,11,post_monsoon,-1.38,2.635135135135135,2.635135135135135,1.38
Chennai,13.0827,80.2707,2000-11-20,2000-11-29 21:00:00,234,234,237,0.9,1.4600000000000002,0.9,0.0,3.5,3.5,5.3348541259765625,-4.434854125976562,-3.8748541259765625,4.434854125976562,3.8748541259765625,True,1,missed_event,11,post_monsoon,-0.5600000000000002,2.243589743589743,2.243589743589743,1.4600000000000002
Chennai,13.0827,80.2707,2000-12-08,2000-12-08 03:00:00,0,0,3,0.0,0.0,0.0,0.0,0.0,0.0,0.0023841857910156,-0.0023841857910156,-0.0023841857910156,0.0023841857910156,0.0023841857910156,False,0,normal,12,winter,0.0,0.0,0.0,0.0
Chennai,13.0827,80.2707,2000-12-08,2000-12-08 09:00:00,6,6,9,0.01,0.002,0.0,0.0,0.01,0.01,0.0,0.01,0.002,0.01,0.002,False,0,normal,12,winter,0.008,0.09803921568627451,0.09803921568627451,0.002
Chennai,13.0827,80.2707,2000-12-08,2000-12-08 15:00:00,12,12,15,0.0,0.0,0.0,0.0,0.0,0.0,0.0,0.0,0.0,0.0,0.0,False,0,normal,12,winter,0.0,0.0,0.0,0.0
Chennai,13.0827,80.2707,2000-12-08,2000-12-08 21:00:00,18,18,21,0.0,0.0,0.0,0.0,0.0,0.0,0.0,0.0,0.0,0.0,0.0,False,0,normal,12,winter,0.0,0.0,0.0,0.0
Chennai,13.0827,80.2707,2000-12-08,2000-12-09 03:00:00,24,24,27,0.0,0.0,0.0,0.0,0.0,0.0,0.0,0.0,0.0,0.0,0.0,False,0,normal,12,winter,0.0,0.0,0.0,0.0
Chennai,13.0827,80.2707,2000-12-08,2000-12-09 09:00:00,30,30,33,0.0,0.0,0.0,0.0,0.0,0.0,0.0,0.0,0.0,0.0,0.0,False,0,normal,12,winter,0.0,0.0,0.0,0.0
Chennai,13.0827,80.2707,2000-12-08,2000-12-09 15:00:00,36,36,39,0.0,0.0,0.0,0.0,0.0,0.0,0.0,0.0,0.0,0.0,0.0,False,0,normal,12,winter,0.0,0.0,0.0,0.0
Chennai,13.0827,80.2707,2000-12-08,2000-12-09 21:00:00,42,42,45,0.0,0.0,0.0,0.0,0.0,0.0,0.0,0.0,0.0,0.0,0.0,False,0,normal,12,winter,0.0,0.0,0.0,0.0
Chennai,13.0827,80.2707,2000-12-08,2000-12-10 03:00:00,48,48,51,0.0,0.0,0.0,0.0,0.0,0.0,0.0009536743164062,-0.0009536743164062,-0.0009536743164062,0.0009536743164062,0.0009536743164062,False,0,normal,12,winter,0.0,0.0,0.0,0.0
Chennai,13.0827,80.2707,2000-12-08,2000-12-10 09:00:00,54,54,57,0.0,0.0,0.0,0.0,0.0,0.0,0.0,0.0,0.0,0.0,0.0,False,0,normal,12,winter,0.0,0.0,0.0,0.0
Chennai,13.0827,80.2707,2000-12-08,2000-12-10 15:00:00,60,60,63,0.0,0.0,0.0,0.0,0.0,0.0,0.0,0.0,0.0,0.0,0.0,False,0,normal,12,winter,0.0,0.0,0.0,0.0
Chennai,13.0827,80.2707,2000-12-08,2000-12-10 21:00:00,66,66,69,0.0,0.0,0.0,0.0,0.0,0.0,0.0,0.0,0.0,0.0,0.0,False,0,normal,12,winter,0.0,0.0,0.0,0.0
Chennai,13.0827,80.2707,2000-12-08,2000-12-11 03:00:00,72,72,75,0.0,0.0,0.0,0.0,0.0,0.0,0.0,0.0,0.0,0.0,0.0,False,0,normal,12,winter,0.0,0.0,0.0,0.0
Chennai,13.0827,80.2707,2000-12-08,2000-12-11 09:00:00,78,78,81,0.0,0.0,0.0,0.0,0.0,0.0,0.0,0.0,0.0,0.0,0.0,False,0,normal,12,winter,0.0,0.0,0.0,0.0
Chennai,13.0827,80.2707,2000-12-08,2000-12-11 15:00:00,84,84,87,0.0,0.0,0.0,0.0,0.0,0.0,0.0,0.0,0.0,0.0,0.0,False,0,normal,12,winter,0.0,0.0,0.0,0.0
Chennai,13.0827,80.2707,2000-12-08,2000-12-11 21:00:00,90,90,93,0.0,0.0,0.0,0.0,0.0,0.0,0.0,0.0,0.0,0.0,0.0,False,0,normal,12,winter,0.0,0.0,0.0,0.0
Chennai,13.0827,80.2707,2000-12-08,2000-12-12 03:00:00,96,96,99,0.0,0.0,0.0,0.0,0.0,0.0,0.0,0.0,0.0,0.0,0.0,False,0,normal,12,winter,0.0,0.0,0.0,0.0
Chennai,13.0827,80.2707,2000-12-08,2000-12-12 09:00:00,102,102,105,0.0,0.0,0.0,0.0,0.0,0.0,0.0,0.0,0.0,0.0,0.0,False,0,normal,12,winter,0.0,0.0,0.0,0.0
Chennai,13.0827,80.2707,2000-12-08,2000-12-12 15:00:00,108,108,111,0.0,0.0,0.0,0.0,0.0,0.0,0.0,0.0,0.0,0.0,0.0,False,0,normal,12,winter,0.0,0.0,0.0,0.0
Chennai,13.0827,80.2707,2000-12-08,2000-12-12 21:00:00,114,114,117,0.0,0.0,0.0,0.0,0.0,0.0,0.0,0.0,0.0,0.0,0.0,False,0,normal,12,winter,0.0,0.0,0.0,0.0
Chennai,13.0827,80.2707,2000-12-08,2000-12-13 03:00:00,120,120,123,0.0,0.0,0.0,0.0,0.0,0.0,0.0,0.0,0.0,0.0,0.0,False,0,normal,12,winter,0.0,0.0,0.0,0.0
Chennai,13.0827,80.2707,2000-12-08,2000-12-13 09:00:00,126,126,129,0.0,0.0,0.0,0.0,0.0,0.0,0.0,0.0,0.0,0.0,0.0,False,0,normal,12,winter,0.0,0.0,0.0,0.0
Chennai,13.0827,80.2707,2000-12-08,2000-12-13 15:00:00,132,132,135,0.0,0.0,0.0,0.0,0.0,0.0,0.0,0.0,0.0,0.0,0.0,False,0,normal,12,winter,0.0,0.0,0.0,0.0
Chennai,13.0827,80.2707,2000-12-08,2000-12-13 21:00:00,138,138,141,0.0,0.0,0.0,0.0,0.0,0.0,0.0,0.0,0.0,0.0,0.0,False,0,normal,12,winter,0.0,0.0,0.0,0.0
Chennai,13.0827,80.2707,2000-12-08,2000-12-14 03:00:00,144,144,147,0.0,0.0,0.0,0.0,0.0,0.0,0.0,0.0,0.0,0.0,0.0,False,0,normal,12,winter,0.0,0.0,0.0,0.0
Chennai,13.0827,80.2707,2000-12-08,2000-12-14 09:00:00,150,150,153,0.0,0.0,0.0,0.0,0.0,0.0,0.0,0.0,0.0,0.0,0.0,False,0,normal,12,winter,0.0,0.0,0.0,0.0
Chennai,13.0827,80.2707,2000-12-08,2000-12-14 15:00:00,156,156,159,0.0,0.0,0.0,0.0,0.0,0.0,0.0,0.0,0.0,0.0,0.0,False,0,normal,12,winter,0.0,0.0,0.0,0.0
Chennai,13.0827,80.2707,2000-12-08,2000-12-14 21:00:00,162,162,165,0.0,0.0,0.0,0.0,0.0,0.0,0.0,0.0,0.0,0.0,0.0,False,0,normal,12,winter,0.0,0.0,0.0,0.0
Chennai,13.0827,80.2707,2000-12-08,2000-12-15 03:00:00,168,168,171,0.0,0.0,0.0,0.0,0.0,0.0,0.0,0.0,0.0,0.0,0.0,False,0,normal,12,winter,0.0,0.0,0.0,0.0
Chennai,13.0827,80.2707,2000-12-08,2000-12-15 09:00:00,174,174,177,0.0,0.0,0.0,0.0,0.0,0.0,0.0,0.0,0.0,0.0,0.0,False,0,normal,12,winter,0.0,0.0,0.0,0.0
Chennai,13.0827,80.2707,2000-12-08,2000-12-15 15:00:00,180,180,183,0.0,0.0,0.0,0.0,0.0,0.0,0.0,0.0,0.0,0.0,0.0,False,0,normal,12,winter,0.0,0.0,0.0,0.0
Chennai,13.0827,80.2707,2000-12-08,2000-12-15 21:00:00,186,186,189,0.0,0.0,0.0,0.0,0.0,0.0,0.0,0.0,0.0,0.0,0.0,False,0,normal,12,winter,0.0,0.0,0.0,0.0
Chennai,13.0827,80.2707,2000-12-08,2000-12-16 03:00:00,192,192,195,0.0,0.0,0.0,0.0,0.0,0.0,0.0,0.0,0.0,0.0,0.0,False,0,normal,12,winter,0.0,0.0,0.0,0.0
Chennai,13.0827,80.2707,2000-12-08,2000-12-16 09:00:00,198,198,201,0.0,0.0,0.0,0.0,0.0,0.0,0.0,0.0,0.0,0.0,0.0,False,0,normal,12,winter,0.0,0.0,0.0,0.0
Chennai,13.0827,80.2707,2000-12-08,2000-12-16 15:00:00,204,204,207,0.0,0.0,0.0,0.0,0.0,0.0,0.0,0.0,0.0,0.0,0.0,False,0,normal,12,winter,0.0,0.0,0.0,0.0
Chennai,13.0827,80.2707,2000-12-08,2000-12-16 21:00:00,210,210,213,0.0,0.002,0.0,0.0,0.01,0.01,0.0,0.0,0.002,0.0,0.002,False,0,normal,12,winter,-0.002,0.09803921568627451,0.09803921568627451,0.002
Chennai,13.0827,80.2707,2000-12-08,2000-12-17 03:00:00,216,216,219,0.0,0.0,0.0,0.0,0.0,0.0,0.0,0.0,0.0,0.0,0.0,False,0,normal,12,winter,0.0,0.0,0.0,0.0
Chennai,13.0827,80.2707,2000-12-08,2000-12-17 09:00:00,222,222,225,0.0,0.002,0.0,0.0,0.01,0.01,0.0,0.0,0.002,0.0,0.002,False,0,normal,12,winter,-0.002,0.09803921568627451,0.09803921568627451,0.002
Chennai,13.0827,80.2707,2000-12-08,2000-12-17 15:00:00,228,228,231,0.0,0.0,0.0,0.0,0.0,0.0,0.0,0.0,0.0,0.0,0.0,False,0,normal,12,winter,0.0,0.0,0.0,0.0
Chennai,13.0827,80.2707,2000-12-08,2000-12-17 21:00:00,234,234,237,0.0,0.0,0.0,0.0,0.0,0.0,0.0,0.0,0.0,0.0,0.0,False,0,normal,12,winter,0.0,0.0,0.0,0.0
