location,latitude,longitude,forecast_issue_time,target_time,forecast_time_hours,start_step_hours,end_step_hours,control_forecast,ensemble_mean,ensemble_median,ensemble_min,ensemble_max,ensemble_spread,observed_rainfall_mm,control_error,ensemble_mean_error,absolute_control_error,absolute_ensemble_mean_error
Chennai,13.0827,80.2707,2000-01-01,2000-01-01 03:00:00,0,0,3,0.19,0.19,0.19,0.19,0.19,0.0,0.0028610229492187,0.1871389770507813,0.1871389770507813,0.1871389770507813,0.1871389770507813
Chennai,13.0827,80.2707,2000-01-01,2000-01-01 09:00:00,6,6,9,0.1,0.04,0.0,0.0,0.1,0.1,0.0,0.1,0.04,0.1,0.04
Chennai,13.0827,80.2707,2000-01-01,2000-01-01 15:00:00,12,12,15,0.03,0.01,0.0,0.0,0.03,0.03,0.0,0.03,0.01,0.03,0.01
Chennai,13.0827,80.2707,2000-01-01,2000-01-01 21:00:00,18,18,21,0.13,0.066,0.1,0.0,0.13,0.13,0.0,0.13,0.066,0.13,0.066
Chennai,13.0827,80.2707,2000-01-01,2000-01-02 03:00:00,24,24,27,0.1,0.08,0.1,0.0,0.2,0.2,0.0066757202148437,0.09332427978515631,0.07332427978515631,0.09332427978515631,0.07332427978515631
Chennai,13.0827,80.2707,2000-01-01,2000-01-02 09:00:00,30,30,33,0.01,0.086,0.01,0.0,0.29,0.29,0.0,0.01,0.086,0.01,0.086
Chennai,13.0827,80.2707,2000-01-01,2000-01-02 15:00:00,36,36,39,0.0,0.074,0.0,0.0,0.37,0.37,0.0181198120117187,-0.0181198120117187,0.055880187988281295,0.0181198120117187,0.055880187988281295
Chennai,13.0827,80.2707,2000-01-01,2000-01-02 21:00:00,42,42,45,0.0,0.0,0.0,0.0,0.0,0.0,0.0,0.0,0.0,0.0,0.0
Chennai,13.0827,80.2707,2000-01-01,2000-01-03 03:00:00,48,48,51,0.0,0.0,0.0,0.0,0.0,0.0,0.0,0.0,0.0,0.0,0.0
Chennai,13.0827,80.2707,2000-01-01,2000-01-03 09:00:00,54,54,57,0.0,0.052,0.0,0.0,0.26,0.26,0.0,0.0,0.052,0.0,0.052
Chennai,13.0827,80.2707,2000-01-01,2000-01-03 15:00:00,60,60,63,0.0,0.0,0.0,0.0,0.0,0.0,0.0,0.0,0.0,0.0,0.0
Chennai,13.0827,80.2707,2000-01-01,2000-01-03 21:00:00,66,66,69,0.0,0.0,0.0,0.0,0.0,0.0,0.0,0.0,0.0,0.0,0.0
Chennai,13.0827,80.2707,2000-01-01,2000-01-04 03:00:00,72,72,75,0.0,0.0,0.0,0.0,0.0,0.0,0.0,0.0,0.0,0.0,0.0
Chennai,13.0827,80.2707,2000-01-01,2000-01-04 09:00:00,78,78,81,0.0,0.004,0.0,0.0,0.02,0.02,0.0,0.0,0.004,0.0,0.004
Chennai,13.0827,80.2707,2000-01-01,2000-01-04 15:00:00,84,84,87,0.0,0.0,0.0,0.0,0.0,0.0,0.0,0.0,0.0,0.0,0.0
Chennai,13.0827,80.2707,2000-01-01,2000-01-04 21:00:00,90,90,93,0.0,0.0,0.0,0.0,0.0,0.0,0.0810623168945312,-0.0810623168945312,-0.0810623168945312,0.0810623168945312,0.0810623168945312
Chennai,13.0827,80.2707,2000-01-01,2000-01-05 03:00:00,96,96,99,0.0,0.0,0.0,0.0,0.0,0.0,0.1368522644042968,-0.1368522644042968,-0.1368522644042968,0.1368522644042968,0.1368522644042968
Chennai,13.0827,80.2707,2000-01-01,2000-01-05 09:00:00,102,102,105,0.0,0.0,0.0,0.0,0.0,0.0,0.347137451171875,-0.347137451171875,-0.347137451171875,0.347137451171875,0.347137451171875
Chennai,13.0827,80.2707,2000-01-01,2000-01-05 15:00:00,108,108,111,0.0,0.0,0.0,0.0,0.0,0.0,0.0195503234863281,-0.0195503234863281,-0.0195503234863281,0.0195503234863281,0.0195503234863281
Chennai,13.0827,80.2707,2000-01-01,2000-01-05 21:00:00,114,114,117,0.0,0.0,0.0,0.0,0.0,0.0,0.3414154052734375,-0.3414154052734375,-0.3414154052734375,0.3414154052734375,0.3414154052734375
Chennai,13.0827,80.2707,2000-01-01,2000-01-06 03:00:00,120,120,123,0.0,0.0,0.0,0.0,0.0,0.0,0.0872611999511718,-0.0872611999511718,-0.0872611999511718,0.0872611999511718,0.0872611999511718
Chennai,13.0827,80.2707,2000-01-01,2000-01-06 09:00:00,126,126,129,0.0,0.4639999999999999,0.0,0.0,2.32,2.32,0.3180503845214844,-0.3180503845214844,0.14594961547851554,0.3180503845214844,0.14594961547851554
Chennai,13.0827,80.2707,2000-01-01,2000-01-06 15:00:00,132,132,135,0.0,0.098,0.0,0.0,0.49,0.49,0.0,0.0,0.098,0.0,0.098
Chennai,13.0827,80.2707,2000-01-01,2000-01-06 21:00:00,138,138,141,0.0,0.03,0.0,0.0,0.15,0.15,0.0009536743164062,-0.0009536743164062,0.029046325683593797,0.0009536743164062,0.029046325683593797
Chennai,13.0827,80.2707,2000-01-01,2000-01-07 03:00:00,144,144,147,0.0,1.64,0.0,0.0,8.200000000000001,8.200000000000001,0.0,0.0,1.64,0.0,1.64
Chennai,13.0827,80.2707,2000-01-01,2000-01-07 09:00:00,150,150,153,0.0,0.726,0.0,0.0,3.6,3.6,0.0,0.0,0.726,0.0,0.726
Chennai,13.0827,80.2707,2000-01-01,2000-01-07 15:00:00,156,156,159,0.0,0.03,0.0,0.0,0.1,0.1,0.0,0.0,0.03,0.0,0.03
Chennai,13.0827,80.2707,2000-01-01,2000-01-07 21:00:00,162,162,165,0.0,0.122,0.0,0.0,0.6000000000000001,0.6000000000000001,0.0009536743164062,-0.0009536743164062,0.1210463256835938,0.0009536743164062,0.1210463256835938
Chennai,13.0827,80.2707,2000-01-01,2000-01-08 03:00:00,168,168,171,0.0,0.228,0.0,0.0,1.1,1.1,0.00762939453125,-0.00762939453125,0.22037060546875,0.00762939453125,0.22037060546875
Chennai,13.0827,80.2707,2000-01-01,2000-01-08 09:00:00,174,174,177,0.01,0.124,0.04,0.0,0.52,0.52,0.0028610229492187,0.0071389770507813005,0.1211389770507813,0.0071389770507813005,0.1211389770507813
Chennai,13.0827,80.2707,2000-01-01,2000-01-08 15:00:00,180,180,183,0.0,0.06,0.0,0.0,0.3,0.3,0.0,0.0,0.06,0.0,0.06
Chennai,13.0827,80.2707,2000-01-01,2000-01-08 21:00:00,186,186,189,0.0,0.49,0.0,0.0,2.45,2.45,0.0157356262207031,-0.0157356262207031,0.47426437377929687,0.0157356262207031,0.47426437377929687
Chennai,13.0827,80.2707,2000-01-01,2000-01-09 03:00:00,192,192,195,0.0,1.862,2.1,0.0,3.71,3.71,0.0147819519042968,-0.0147819519042968,1.8472180480957032,0.0147819519042968,1.8472180480957032
Chennai,13.0827,80.2707,2000-01-01,2000-01-09 09:00:00,198,198,201,0.0,1.644,0.75,0.0,4.67,4.67,0.0715255737304687,-0.0715255737304687,1.5724744262695312,0.0715255737304687,1.5724744262695312
Chennai,13.0827,80.2707,2000-01-01,2000-01-09 15:00:00,204,204,207,0.0,1.56,0.4,0.0,5.5,5.5,0.0,0.0,1.56,0.0,1.56
Chennai,13.0827,80.2707,2000-01-01,2000-01-09 21:00:00,210,210,213,0.0,0.388,0.02,0.0,1.42,1.42,0.0,0.0,0.388,0.0,0.388
Chennai,13.0827,80.2707,2000-01-01,2000-01-10 03:00:00,216,216,219,0.0,3.296,0.0,0.0,15.78,15.78,1.0390281677246094,-1.0390281677246094,2.2569718322753904,1.0390281677246094,2.2569718322753904
Chennai,13.0827,80.2707,2000-01-01,2000-01-10 09:00:00,222,222,225,0.0,4.25,0.0,0.0,21.0,21.0,0.2055168151855468,-0.2055168151855468,4.044483184814453,0.2055168151855468,4.044483184814453
Chennai,13.0827,80.2707,2000-01-01,2000-01-10 15:00:00,228,228,231,0.0,2.66,0.0,0.0,13.2,13.2,0.0,0.0,2.66,0.0,2.66
Chennai,13.0827,80.2707,2000-01-01,2000-01-10 21:00:00,234,234,237,0.0,1.238,0.0,0.0,5.26,5.26,0.0019073486328125,-0.0019073486328125,1.2360926513671875,0.0019073486328125,1.2360926513671875
Chennai,13.0827,80.2707,2000-01-19,2000-01-19 03:00:00,0,0,3,0.0,0.0,0.0,0.0,0.0,0.0,0.0,0.0,0.0,0.0,0.0
Chennai,13.0827,80.2707,2000-01-19,2000-01-19 09:00:00,6,6,9,0.0,0.0,0.0,0.0,0.0,0.0,0.00762939453125,-0.00762939453125,-0.00762939453125,0.00762939453125,0.00762939453125
Chennai,13.0827,80.2707,2000-01-19,2000-01-19 15:00:00,12,12,15,0.0,0.0,0.0,0.0,0.0,0.0,0.0,0.0,0.0,0.0,0.0
Chennai,13.0827,80.2707,2000-01-19,2000-01-19 21:00:00,18,18,21,0.0,0.0,0.0,0.0,0.0,0.0,0.0,0.0,0.0,0.0,0.0
Chennai,13.0827,80.2707,2000-01-19,2000-01-20 03:00:00,24,24,27,0.0,0.0,0.0,0.0,0.0,0.0,0.0162124633789062,-0.0162124633789062,-0.0162124633789062,0.0162124633789062,0.0162124633789062
Chennai,13.0827,80.2707,2000-01-19,2000-01-20 09:00:00,30,30,33,0.0,0.0,0.0,0.0,0.0,0.0,0.0,0.0,0.0,0.0,0.0
Chennai,13.0827,80.2707,2000-01-19,2000-01-20 15:00:00,36,36,39,0.0,0.0,0.0,0.0,0.0,0.0,0.0,0.0,0.0,0.0,0.0
Chennai,13.0827,80.2707,2000-01-19,2000-01-20 21:00:00,42,42,45,0.0,0.0,0.0,0.0,0.0,0.0,0.0,0.0,0.0,0.0,0.0
Chennai,13.0827,80.2707,2000-01-19,2000-01-21 03:00:00,48,48,51,0.0,0.0,0.0,0.0,0.0,0.0,0.0052452087402343,-0.0052452087402343,-0.0052452087402343,0.0052452087402343,0.0052452087402343
Chennai,13.0827,80.2707,2000-01-19,2000-01-21 09:00:00,54,54,57,0.0,0.0,0.0,0.0,0.0,0.0,0.0,0.0,0.0,0.0,0.0
Chennai,13.0827,80.2707,2000-01-19,2000-01-21 15:00:00,60,60,63,0.0,0.0,0.0,0.0,0.0,0.0,0.0,0.0,0.0,0.0,0.0
Chennai,13.0827,80.2707,2000-01-19,2000-01-21 21:00:00,66,66,69,0.0,0.0,0.0,0.0,0.0,0.0,0.0,0.0,0.0,0.0,0.0
Chennai,13.0827,80.2707,2000-01-19,2000-01-22 03:00:00,72,72,75,0.0,0.0,0.0,0.0,0.0,0.0,0.026702880859375,-0.026702880859375,-0.026702880859375,0.026702880859375,0.026702880859375
Chennai,13.0827,80.2707,2000-01-19,2000-01-22 09:00:00,78,78,81,0.0,0.0,0.0,0.0,0.0,0.0,0.0,0.0,0.0,0.0,0.0
Chennai,13.0827,80.2707,2000-01-19,2000-01-22 15:00:00,84,84,87,0.0,0.0,0.0,0.0,0.0,0.0,0.0,0.0,0.0,0.0,0.0
Chennai,13.0827,80.2707,2000-01-19,2000-01-22 21:00:00,90,90,93,0.0,0.0,0.0,0.0,0.0,0.0,0.0,0.0,0.0,0.0,0.0
Chennai,13.0827,80.2707,2000-01-19,2000-01-23 03:00:00,96,96,99,0.0,0.0,0.0,0.0,0.0,0.0,0.0069141387939453,-0.0069141387939453,-0.0069141387939453,0.0069141387939453,0.0069141387939453
Chennai,13.0827,80.2707,2000-01-19,2000-01-23 09:00:00,102,102,105,0.0,0.0,0.0,0.0,0.0,0.0,0.0,0.0,0.0,0.0,0.0
Chennai,13.0827,80.2707,2000-01-19,2000-01-23 15:00:00,108,108,111,0.0,0.0,0.0,0.0,0.0,0.0,0.0,0.0,0.0,0.0,0.0
Chennai,13.0827,80.2707,2000-01-19,2000-01-23 21:00:00,114,114,117,0.0,0.0,0.0,0.0,0.0,0.0,0.0,0.0,0.0,0.0,0.0
Chennai,13.0827,80.2707,2000-01-19,2000-01-24 03:00:00,120,120,123,0.0,0.0,0.0,0.0,0.0,0.0,0.0,0.0,0.0,0.0,0.0
Chennai,13.0827,80.2707,2000-01-19,2000-01-24 09:00:00,126,126,129,0.0,0.0,0.0,0.0,0.0,0.0,0.0,0.0,0.0,0.0,0.0
Chennai,13.0827,80.2707,2000-01-19,2000-01-24 15:00:00,132,132,135,0.0,0.0,0.0,0.0,0.0,0.0,0.0,0.0,0.0,0.0,0.0
Chennai,13.0827,80.2707,2000-01-19,2000-01-24 21:00:00,138,138,141,0.0,0.0,0.0,0.0,0.0,0.0,0.0,0.0,0.0,0.0,0.0
Chennai,13.0827,80.2707,2000-01-19,2000-01-25 03:00:00,144,144,147,0.0,0.0,0.0,0.0,0.0,0.0,0.0004768371582031,-0.0004768371582031,-0.0004768371582031,0.0004768371582031,0.0004768371582031
Chennai,13.0827,80.2707,2000-01-19,2000-01-25 09:00:00,150,150,153,0.0,0.0,0.0,0.0,0.0,0.0,0.003814697265625,-0.003814697265625,-0.003814697265625,0.003814697265625,0.003814697265625
Chennai,13.0827,80.2707,2000-01-19,2000-01-25 15:00:00,156,156,159,0.0,0.0,0.0,0.0,0.0,0.0,0.0,0.0,0.0,0.0,0.0
Chennai,13.0827,80.2707,2000-01-19,2000-01-25 21:00:00,162,162,165,0.0,0.0,0.0,0.0,0.0,0.0,0.0,0.0,0.0,0.0,0.0
Chennai,13.0827,80.2707,2000-01-19,2000-01-26 03:00:00,168,168,171,0.0,0.0,0.0,0.0,0.0,0.0,0.0324249267578125,-0.0324249267578125,-0.0324249267578125,0.0324249267578125,0.0324249267578125
Chennai,13.0827,80.2707,2000-01-19,2000-01-26 09:00:00,174,174,177,0.0,0.0,0.0,0.0,0.0,0.0,0.0,0.0,0.0,0.0,0.0
Chennai,13.0827,80.2707,2000-01-19,2000-01-26 15:00:00,180,180,183,0.0,0.0,0.0,0.0,0.0,0.0,0.0,0.0,0.0,0.0,0.0
Chennai,13.0827,80.2707,2000-01-19,2000-01-26 21:00:00,186,186,189,0.0,0.0,0.0,0.0,0.0,0.0,0.0619888305664062,-0.0619888305664062,-0.0619888305664062,0.0619888305664062,0.0619888305664062
Chennai,13.0827,80.2707,2000-01-19,2000-01-27 03:00:00,192,192,195,0.0,0.0,0.0,0.0,0.0,0.0,0.0524520874023437,-0.0524520874023437,-0.0524520874023437,0.0524520874023437,0.0524520874023437
Chennai,13.0827,80.2707,2000-01-19,2000-01-27 09:00:00,198,198,201,0.0,0.004,0.0,0.0,0.02,0.02,0.0,0.0,0.004,0.0,0.004
Chennai,13.0827,80.2707,2000-01-19,2000-01-27 15:00:00,204,204,207,0.0,0.0,0.0,0.0,0.0,0.0,0.0,0.0,0.0,0.0,0.0
Chennai,13.0827,80.2707,2000-01-19,2000-01-27 21:00:00,210,210,213,0.0,0.0,0.0,0.0,0.0,0.0,0.0,0.0,0.0,0.0,0.0
Chennai,13.0827,80.2707,2000-01-19,2000-01-28 03:00:00,216,216,219,0.0,0.0,0.0,0.0,0.0,0.0,0.0,0.0,0.0,0.0,0.0
Chennai,13.0827,80.2707,2000-01-19,2000-01-28 09:00:00,222,222,225,0.0,0.0,0.0,0.0,0.0,0.0,0.0,0.0,0.0,0.0,0.0
Chennai,13.0827,80.2707,2000-01-19,2000-01-28 15:00:00,228,228,231,0.0,0.0,0.0,0.0,0.0,0.0,0.0014305114746093,-0.0014305114746093,-0.0014305114746093,0.0014305114746093,0.0014305114746093
Chennai,13.0827,80.2707,2000-01-19,2000-01-28 21:00:00,234,234,237,0.0,0.0,0.0,0.0,0.0,0.0,0.0,0.0,0.0,0.0,0.0
Chennai,13.0827,80.2707,2000-01-30,2000-01-30 03:00:00,0,0,3,0.0,0.0,0.0,0.0,0.0,0.0,0.0066757202148437,-0.0066757202148437,-0.0066757202148437,0.0066757202148437,0.0066757202148437
Chennai,13.0827,80.2707,2000-01-30,2000-01-30 09:00:00,6,6,9,0.0,0.0,0.0,0.0,0.0,0.0,0.0,0.0,0.0,0.0,0.0
Chennai,13.0827,80.2707,2000-01-30,2000-01-30 15:00:00,12,12,15,0.0,0.0,0.0,0.0,0.0,0.0,0.0,0.0,0.0,0.0,0.0
Chennai,13.0827,80.2707,2000-01-30,2000-01-30 21:00:00,18,18,21,0.0,0.0,0.0,0.0,0.0,0.0,0.0,0.0,0.0,0.0,0.0
Chennai,13.0827,80.2707,2000-01-30,2000-01-31 03:00:00,24,24,27,0.0,0.0,0.0,0.0,0.0,0.0,0.0009536743164062,-0.0009536743164062,-0.0009536743164062,0.0009536743164062,0.0009536743164062
Chennai,13.0827,80.2707,2000-01-30,2000-01-31 09:00:00,30,30,33,0.0,0.0,0.0,0.0,0.0,0.0,0.0,0.0,0.0,0.0,0.0
Chennai,13.0827,80.2707,2000-01-30,2000-01-31 15:00:00,36,36,39,0.0,0.0,0.0,0.0,0.0,0.0,0.0,0.0,0.0,0.0,0.0
Chennai,13.0827,80.2707,2000-01-30,2000-01-31 21:00:00,42,42,45,0.0,0.004,0.0,0.0,0.02,0.02,0.0,0.0,0.004,0.0,0.004
Chennai,13.0827,80.2707,2000-01-30,2000-02-01 03:00:00,48,48,51,0.0,0.038,0.0,0.0,0.18,0.18,0.0,0.0,0.038,0.0,0.038
Chennai,13.0827,80.2707,2000-01-30,2000-02-01 09:00:00,54,54,57,0.0,0.0,0.0,0.0,0.0,0.0,0.0,0.0,0.0,0.0,0.0
Chennai,13.0827,80.2707,2000-01-30,2000-02-01 15:00:00,60,60,63,0.0,0.0,0.0,0.0,0.0,0.0,0.0,0.0,0.0,0.0,0.0
Chennai,13.0827,80.2707,2000-01-30,2000-02-01 21:00:00,66,66,69,0.0,0.01,0.0,0.0,0.05,0.05,0.0,0.0,0.01,0.0,0.01
Chennai,13.0827,80.2707,2000-01-30,2000-02-02 03:00:00,72,72,75,0.0,0.06,0.0,0.0,0.3,0.3,0.0,0.0,0.06,0.0,0.06
Chennai,13.0827,80.2707,2000-01-30,2000-02-02 09:00:00,78,78,81,0.0,0.008,0.0,0.0,0.02,0.02,0.0,0.0,0.008,0.0,0.008
Chennai,13.0827,80.2707,2000-01-30,2000-02-02 15:00:00,84,84,87,0.0,0.01,0.0,0.0,0.05,0.05,0.0,0.0,0.01,0.0,0.01
Chennai,13.0827,80.2707,2000-01-30,2000-02-02 21:00:00,90,90,93,0.0,0.392,0.0,0.0,1.94,1.94,0.0972747802734375,-0.0972747802734375,0.2947252197265625,0.0972747802734375,0.2947252197265625
Chennai,13.0827,80.2707,2000-01-30,2000-02-03 03:00:00,96,96,99,0.4,0.084,0.0,0.0,0.4,0.4,0.2322196960449218,0.16778030395507823,-0.1482196960449218,0.16778030395507823,0.1482196960449218
Chennai,13.0827,80.2707,2000-01-30,2000-02-03 09:00:00,102,102,105,0.06,0.012,0.0,0.0,0.06,0.06,0.1759529113769531,-0.1159529113769531,-0.1639529113769531,0.1159529113769531,0.1639529113769531
Chennai,13.0827,80.2707,2000-01-30,2000-02-03 15:00:00,108,108,111,0.0,0.0,0.0,0.0,0.0,0.0,0.0338554382324218,-0.0338554382324218,-0.0338554382324218,0.0338554382324218,0.0338554382324218
Chennai,13.0827,80.2707,2000-01-30,2000-02-03 21:00:00,114,114,117,0.22,0.224,0.1,0.0,0.8,0.8,0.1578330993652343,0.06216690063476571,0.06616690063476571,0.06216690063476571,0.06616690063476571
Chennai,13.0827,80.2707,2000-01-30,2000-02-04 03:00:00,120,120,123,0.75,0.19,0.0,0.0,0.75,0.75,0.2942085266113281,0.4557914733886719,-0.10420852661132812,0.4557914733886719,0.10420852661132812
Chennai,13.0827,80.2707,2000-01-30,2000-02-04 09:00:00,126,126,129,0.0,0.0,0.0,0.0,0.0,0.0,0.2107620239257812,-0.2107620239257812,-0.2107620239257812,0.2107620239257812,0.2107620239257812
Chennai,13.0827,80.2707,2000-01-30,2000-02-04 15:00:00,132,132,135,0.0,0.0,0.0,0.0,0.0,0.0,0.0009536743164062,-0.0009536743164062,-0.0009536743164062,0.0009536743164062,0.0009536743164062
Chennai,13.0827,80.2707,2000-01-30,2000-02-04 21:00:00,138,138,141,0.17,0.094,0.0,0.0,0.3,0.3,0.0700950622558593,0.0999049377441407,0.023904937744140695,0.0999049377441407,0.023904937744140695
Chennai,13.0827,80.2707,2000-01-30,2000-02-05 03:00:00,144,144,147,0.0,0.01,0.0,0.0,0.03,0.03,0.0944137573242187,-0.0944137573242187,-0.0844137573242187,0.0944137573242187,0.0844137573242187
Chennai,13.0827,80.2707,2000-01-30,2000-02-05 09:00:00,150,150,153,0.0,0.06,0.0,0.0,0.2,0.2,0.1361370086669922,-0.1361370086669922,-0.07613700866699219,0.1361370086669922,0.07613700866699219
Chennai,13.0827,80.2707,2000-01-30,2000-02-05 15:00:00,156,156,159,0.0,0.0,0.0,0.0,0.0,0.0,0.0004768371582031,-0.0004768371582031,-0.0004768371582031,0.0004768371582031,0.0004768371582031
Chennai,13.0827,80.2707,2000-01-30,2000-02-05 21:00:00,162,162,165,0.0,0.0,0.0,0.0,0.0,0.0,0.0033378601074218,-0.0033378601074218,-0.0033378601074218,0.0033378601074218,0.0033378601074218
Chennai,13.0827,80.2707,2000-01-30,2000-02-06 03:00:00,168,168,171,0.0,0.018,0.0,0.0,0.09,0.09,0.0548362731933593,-0.0548362731933593,-0.036836273193359304,0.0548362731933593,0.036836273193359304
Chennai,13.0827,80.2707,2000-01-30,2000-02-06 09:00:00,174,174,177,0.0,0.0,0.0,0.0,0.0,0.0,1.0352134704589844,-1.0352134704589844,-1.0352134704589844,1.0352134704589844,1.0352134704589844
Chennai,13.0827,80.2707,2000-01-30,2000-02-06 15:00:00,180,180,183,0.0,0.006,0.0,0.0,0.03,0.03,0.0,0.0,0.006,0.0,0.006
Chennai,13.0827,80.2707,2000-01-30,2000-02-06 21:00:00,186,186,189,0.0,0.0,0.0,0.0,0.0,0.0,0.0033378601074218,-0.0033378601074218,-0.0033378601074218,0.0033378601074218,0.0033378601074218
Chennai,13.0827,80.2707,2000-01-30,2000-02-07 03:00:00,192,192,195,0.3,0.06,0.0,0.0,0.3,0.3,0.0748634338378906,0.2251365661621094,-0.0148634338378906,0.2251365661621094,0.0148634338378906
Chennai,13.0827,80.2707,2000-01-30,2000-02-07 09:00:00,198,198,201,0.0,0.428,0.0,0.0,2.14,2.14,0.0286102294921875,-0.0286102294921875,0.3993897705078125,0.0286102294921875,0.3993897705078125
Chennai,13.0827,80.2707,2000-01-30,2000-02-07 15:00:00,204,204,207,0.0,0.04,0.0,0.0,0.2,0.2,0.0,0.0,0.04,0.0,0.04
Chennai,13.0827,80.2707,2000-01-30,2000-02-07 21:00:00,210,210,213,0.01,0.106,0.0,0.0,0.52,0.52,0.02288818359375,-0.01288818359375,0.08311181640625,0.01288818359375,0.08311181640625
Chennai,13.0827,80.2707,2000-01-30,2000-02-08 03:00:00,216,216,219,0.0,0.0,0.0,0.0,0.0,0.0,0.7238388061523438,-0.7238388061523438,-0.7238388061523438,0.7238388061523438,0.7238388061523438
Chennai,13.0827,80.2707,2000-01-30,2000-02-08 09:00:00,222,222,225,0.0,0.2,0.0,0.0,1.0,1.0,0.2121925354003906,-0.2121925354003906,-0.012192535400390586,0.2121925354003906,0.012192535400390586
Chennai,13.0827,80.2707,2000-01-30,2000-02-08 15:00:00,228,228,231,0.01,0.002,0.0,0.0,0.01,0.01,0.0,0.01,0.002,0.01,0.002
Chennai,13.0827,80.2707,2000-01-30,2000-02-08 21:00:00,234,234,237,0.0,0.0,0.0,0.0,0.0,0.0,0.0052452087402343,-0.0052452087402343,-0.0052452087402343,0.0052452087402343,0.0052452087402343
Chennai,13.0827,80.2707,2000-02-06,2000-02-06 03:00:00,0,0,3,0.12,0.12,0.12,0.12,0.12,0.0,0.0548362731933593,0.0651637268066407,0.0651637268066407,0.0651637268066407,0.0651637268066407
Chennai,13.0827,80.2707,2000-02-06,2000-02-06 09:00:00,6,6,9,0.15,0.1,0.1,0.0,0.2,0.2,1.0352134704589844,-0.8852134704589844,-0.9352134704589844,0.8852134704589844,0.9352134704589844
Chennai,13.0827,80.2707,2000-02-06,2000-02-06 15:00:00,12,12,15,0.0,0.0,0.0,0.0,0.0,0.0,0.0,0.0,0.0,0.0,0.0
Chennai,13.0827,80.2707,2000-02-06,2000-02-06 21:00:00,18,18,21,0.0,0.0,0.0,0.0,0.0,0.0,0.0033378601074218,-0.0033378601074218,-0.0033378601074218,0.0033378601074218,0.0033378601074218
Chennai,13.0827,80.2707,2000-02-06,2000-02-07 03:00:00,24,24,27,0.01,0.226,0.01,0.0,1.1,1.1,0.0748634338378906,-0.0648634338378906,0.1511365661621094,0.0648634338378906,0.1511365661621094
Chennai,13.0827,80.2707,2000-02-06,2000-02-07 09:00:00,30,30,33,0.07,0.12,0.07,0.0,0.39,0.39,0.0286102294921875,0.04138977050781251,0.0913897705078125,0.04138977050781251,0.0913897705078125
Chennai,13.0827,80.2707,2000-02-06,2000-02-07 15:00:00,36,36,39,0.0,0.0,0.0,0.0,0.0,0.0,0.0,0.0,0.0,0.0,0.0
Chennai,13.0827,80.2707,2000-02-06,2000-02-07 21:00:00,42,42,45,0.0,0.0,0.0,0.0,0.0,0.0,0.02288818359375,-0.02288818359375,-0.02288818359375,0.02288818359375,0.02288818359375
Chennai,13.0827,80.2707,2000-02-06,2000-02-08 03:00:00,48,48,51,0.0,0.0,0.0,0.0,0.0,0.0,0.7238388061523438,-0.7238388061523438,-0.7238388061523438,0.7238388061523438,0.7238388061523438
Chennai,13.0827,80.2707,2000-02-06,2000-02-08 09:00:00,54,54,57,0.01,0.22,0.04,0.0,1.0,1.0,0.2121925354003906,-0.2021925354003906,0.007807464599609404,0.2021925354003906,0.007807464599609404
Chennai,13.0827,80.2707,2000-02-06,2000-02-08 15:00:00,60,60,63,0.0,0.0,0.0,0.0,0.0,0.0,0.0,0.0,0.0,0.0,0.0
Chennai,13.0827,80.2707,2000-02-06,2000-02-08 21:00:00,66,66,69,0.0,0.0,0.0,0.0,0.0,0.0,0.0052452087402343,-0.0052452087402343,-0.0052452087402343,0.0052452087402343,0.0052452087402343
Chennai,13.0827,80.2707,2000-02-06,2000-02-09 03:00:00,72,72,75,0.0,0.002,0.0,0.0,0.01,0.01,0.0514984130859375,-0.0514984130859375,-0.0494984130859375,0.0514984130859375,0.0494984130859375
Chennai,13.0827,80.2707,2000-02-06,2000-02-09 09:00:00,78,78,81,0.0,0.124,0.0,0.0,0.6000000000000001,0.6000000000000001,0.0104904174804687,-0.0104904174804687,0.1135095825195313,0.0104904174804687,0.1135095825195313
Chennai,13.0827,80.2707,2000-02-06,2000-02-09 15:00:00,84,84,87,0.0,0.0,0.0,0.0,0.0,0.0,0.0,0.0,0.0,0.0,0.0
Chennai,13.0827,80.2707,2000-02-06,2000-02-09 21:00:00,90,90,93,0.0,0.0,0.0,0.0,0.0,0.0,0.0,0.0,0.0,0.0,0.0
Chennai,13.0827,80.2707,2000-02-06,2000-02-10 03:00:00,96,96,99,0.0,0.006,0.0,0.0,0.03,0.03,0.0,0.0,0.006,0.0,0.006
Chennai,13.0827,80.2707,2000-02-06,2000-02-10 09:00:00,102,102,105,0.0,0.02,0.0,0.0,0.1,0.1,0.0152587890625,-0.0152587890625,0.0047412109375,0.0152587890625,0.0047412109375
Chennai,13.0827,80.2707,2000-02-06,2000-02-10 15:00:00,108,108,111,0.0,0.0,0.0,0.0,0.0,0.0,0.0,0.0,0.0,0.0,0.0
Chennai,13.0827,80.2707,2000-02-06,2000-02-10 21:00:00,114,114,117,0.0,0.0,0.0,0.0,0.0,0.0,0.0,0.0,0.0,0.0,0.0
Chennai,13.0827,80.2707,2000-02-06,2000-02-11 03:00:00,120,120,123,0.0,0.0,0.0,0.0,0.0,0.0,0.0119209289550781,-0.0119209289550781,-0.0119209289550781,0.0119209289550781,0.0119209289550781
Chennai,13.0827,80.2707,2000-02-06,2000-02-11 09:00:00,126,126,129,0.0,0.0,0.0,0.0,0.0,0.0,0.0276565551757812,-0.0276565551757812,-0.0276565551757812,0.0276565551757812,0.0276565551757812
Chennai,13.0827,80.2707,2000-02-06,2000-02-11 15:00:00,132,132,135,0.0,0.0,0.0,0.0,0.0,0.0,0.0,0.0,0.0,0.0,0.0
Chennai,13.0827,80.2707,2000-02-06,2000-02-11 21:00:00,138,138,141,0.0,0.0,0.0,0.0,0.0,0.0,0.0,0.0,0.0,0.0,0.0
Chennai,13.0827,80.2707,2000-02-06,2000-02-12 03:00:00,144,144,147,0.0,0.0,0.0,0.0,0.0,0.0,0.0,0.0,0.0,0.0,0.0
Chennai,13.0827,80.2707,2000-02-06,2000-02-12 09:00:00,150,150,153,0.0,0.0,0.0,0.0,0.0,0.0,0.1139640808105468,-0.1139640808105468,-0.1139640808105468,0.1139640808105468,0.1139640808105468
Chennai,13.0827,80.2707,2000-02-06,2000-02-12 15:00:00,156,156,159,0.0,0.0,0.0,0.0,0.0,0.0,0.0,0.0,0.0,0.0,0.0
Chennai,13.0827,80.2707,2000-02-06,2000-02-12 21:00:00,162,162,165,0.0,0.0,0.0,0.0,0.0,0.0,0.0,0.0,0.0,0.0,0.0
Chennai,13.0827,80.2707,2000-02-06,2000-02-13 03:00:00,168,168,171,0.0,0.0,0.0,0.0,0.0,0.0,0.0,0.0,0.0,0.0,0.0
Chennai,13.0827,80.2707,2000-02-06,2000-02-13 09:00:00,174,174,177,0.0,0.0,0.0,0.0,0.0,0.0,0.0,0.0,0.0,0.0,0.0
Chennai,13.0827,80.2707,2000-02-06,2000-02-13 15:00:00,180,180,183,0.0,0.0,0.0,0.0,0.0,0.0,0.0,0.0,0.0,0.0,0.0
Chennai,13.0827,80.2707,2000-02-06,2000-02-13 21:00:00,186,186,189,0.0,0.0,0.0,0.0,0.0,0.0,0.0,0.0,0.0,0.0,0.0
Chennai,13.0827,80.2707,2000-02-06,2000-02-14 03:00:00,192,192,195,0.0,0.0,0.0,0.0,0.0,0.0,0.0,0.0,0.0,0.0,0.0
Chennai,13.0827,80.2707,2000-02-06,2000-02-14 09:00:00,198,198,201,0.0,0.0,0.0,0.0,0.0,0.0,0.0,0.0,0.0,0.0,0.0
Chennai,13.0827,80.2707,2000-02-06,2000-02-14 15:00:00,204,204,207,0.0,0.0,0.0,0.0,0.0,0.0,0.0,0.0,0.0,0.0,0.0
Chennai,13.0827,80.2707,2000-02-06,2000-02-14 21:00:00,210,210,213,0.0,0.0,0.0,0.0,0.0,0.0,0.0,0.0,0.0,0.0,0.0
Chennai,13.0827,80.2707,2000-02-06,2000-02-15 03:00:00,216,216,219,0.0,0.01,0.0,0.0,0.05,0.05,0.0014305114746093,-0.0014305114746093,0.0085694885253907,0.0014305114746093,0.0085694885253907
Chennai,13.0827,80.2707,2000-02-06,2000-02-15 09:00:00,222,222,225,0.0,0.0,0.0,0.0,0.0,0.0,0.0,0.0,0.0,0.0,0.0
Chennai,13.0827,80.2707,2000-02-06,2000-02-15 15:00:00,228,228,231,0.0,0.0,0.0,0.0,0.0,0.0,0.0,0.0,0.0,0.0,0.0
Chennai,13.0827,80.2707,2000-02-06,2000-02-15 21:00:00,234,234,237,0.0,0.036,0.0,0.0,0.18,0.18,0.0209808349609375,-0.0209808349609375,0.015019165039062497,0.0209808349609375,0.015019165039062497
Chennai,13.0827,80.2707,2000-02-24,2000-02-24 03:00:00,0,0,3,9.52,9.52,9.52,9.52,9.52,0.0,1.7862319946289062,7.733768005371093,7.733768005371093,7.733768005371093,7.733768005371093
Chennai,13.0827,80.2707,2000-02-24,2000-02-24 09:00:00,6,6,9,6.2,6.88,6.2,2.9000000000000004,10.9,8.0,2.7561187744140625,3.4438812255859377,4.123881225585937,3.4438812255859377,4.123881225585937
Chennai,13.0827,80.2707,2000-02-24,2000-02-24 15:00:00,12,12,15,4.3500000000000005,3.516,2.1,0.6000000000000001,9.2,8.6,1.1043548583984375,3.245645141601563,2.4116451416015625,3.245645141601563,2.4116451416015625
Chennai,13.0827,80.2707,2000-02-24,2000-02-24 21:00:00,18,18,21,0.12,0.644,0.1,0.0,3.0,3.0,1.0709762573242188,-0.9509762573242188,-0.42697625732421873,0.9509762573242188,0.42697625732421873
Chennai,13.0827,80.2707,2000-02-24,2000-02-25 03:00:00,24,24,27,2.03,3.306,3.4000000000000004,1.5,5.2,3.7,0.7724761962890625,1.2575238037109373,2.5335238037109375,1.2575238037109373,2.5335238037109375
Chennai,13.0827,80.2707,2000-02-24,2000-02-25 09:00:00,30,30,33,0.8,0.664,0.8,0.06,1.06,1.0,0.7042884826660156,0.09571151733398442,-0.04028848266601559,0.09571151733398442,0.04028848266601559
Chennai,13.0827,80.2707,2000-02-24,2000-02-25 15:00:00,36,36,39,0.67,0.518,0.67,0.02,1.0,0.98,0.3066062927246094,0.36339370727539066,0.21139370727539064,0.36339370727539066,0.21139370727539064
Chennai,13.0827,80.2707,2000-02-24,2000-02-25 21:00:00,42,42,45,2.85,2.228,2.85,0.0,3.88,3.88,1.002788543701172,1.847211456298828,1.225211456298828,1.847211456298828,1.225211456298828
Chennai,13.0827,80.2707,2000-02-24,2000-02-26 03:00:00,48,48,51,1.52,0.996,0.96,0.0,1.8,1.8,0.9746551513671876,0.5453448486328124,0.021344848632812385,0.5453448486328124,0.021344848632812385
Chennai,13.0827,80.2707,2000-02-24,2000-02-26 09:00:00,54,54,57,0.01,0.248,0.01,0.0,1.19,1.19,2.323150634765625,-2.313150634765625,-2.075150634765625,2.313150634765625,2.075150634765625
Chennai,13.0827,80.2707,2000-02-24,2000-02-26 15:00:00,60,60,63,0.01,0.008,0.0,0.0,0.03,0.03,0.049591064453125,-0.039591064453125,-0.041591064453125,0.039591064453125,0.041591064453125
Chennai,13.0827,80.2707,2000-02-24,2000-02-26 21:00:00,66,66,69,0.07,0.254,0.0,0.0,1.2000000000000002,1.2000000000000002,1.194000244140625,-1.124000244140625,-0.940000244140625,1.124000244140625,0.940000244140625
Chennai,13.0827,80.2707,2000-02-24,2000-02-27 03:00:00,72,72,75,0.04,0.29,0.1,0.01,1.1,1.09,0.6089210510253906,-0.5689210510253906,-0.31892105102539064,0.5689210510253906,0.31892105102539064
Chennai,13.0827,80.2707,2000-02-24,2000-02-27 09:00:00,78,78,81,0.0,0.186,0.0,0.0,0.92,0.92,1.3213157653808594,-1.3213157653808594,-1.1353157653808594,1.3213157653808594,1.1353157653808594
Chennai,13.0827,80.2707,2000-02-24,2000-02-27 15:00:00,84,84,87,0.01,0.004,0.0,0.0,0.01,0.01,1.6856193542480469,-1.6756193542480469,-1.6816193542480469,1.6756193542480469,1.6816193542480469
Chennai,13.0827,80.2707,2000-02-24,2000-02-27 21:00:00,90,90,93,0.0,0.366,0.0,0.0,1.73,1.73,0.3490447998046875,-0.3490447998046875,0.016955200195312492,0.3490447998046875,0.016955200195312492
Chennai,13.0827,80.2707,2000-02-24,2000-02-28 03:00:00,96,96,99,0.0,0.02,0.0,0.0,0.1,0.1,0.3352165222167969,-0.3352165222167969,-0.31521652221679686,0.3352165222167969,0.31521652221679686
Chennai,13.0827,80.2707,2000-02-24,2000-02-28 09:00:00,102,102,105,0.0,0.0,0.0,0.0,0.0,0.0,0.225067138671875,-0.225067138671875,-0.225067138671875,0.225067138671875,0.225067138671875
Chennai,13.0827,80.2707,2000-02-24,2000-02-28 15:00:00,108,108,111,0.0,0.0,0.0,0.0,0.0,0.0,0.0,0.0,0.0,0.0,0.0
Chennai,13.0827,80.2707,2000-02-24,2000-02-28 21:00:00,114,114,117,0.0,0.0,0.0,0.0,0.0,0.0,0.0,0.0,0.0,0.0,0.0
Chennai,13.0827,80.2707,2000-02-24,2000-02-29 03:00:00,120,120,123,0.0,0.0,0.0,0.0,0.0,0.0,0.0014305114746093,-0.0014305114746093,-0.0014305114746093,0.0014305114746093,0.0014305114746093
Chennai,13.0827,80.2707,2000-02-24,2000-02-29 09:00:00,126,126,129,0.0,0.0,0.0,0.0,0.0,0.0,0.0,0.0,0.0,0.0,0.0
Chennai,13.0827,80.2707,2000-02-24,2000-02-29 15:00:00,132,132,135,0.0,0.0,0.0,0.0,0.0,0.0,0.0,0.0,0.0,0.0,0.0
Chennai,13.0827,80.2707,2000-02-24,2000-02-29 21:00:00,138,138,141,0.0,0.0,0.0,0.0,0.0,0.0,0.0,0.0,0.0,0.0,0.0
Chennai,13.0827,80.2707,2000-02-24,2000-03-01 03:00:00,144,144,147,0.0,0.0,0.0,0.0,0.0,0.0,0.0,0.0,0.0,0.0,0.0
Chennai,13.0827,80.2707,2000-02-24,2000-03-01 09:00:00,150,150,153,0.0,0.0,0.0,0.0,0.0,0.0,0.0,0.0,0.0,0.0,0.0
Chennai,13.0827,80.2707,2000-02-24,2000-03-01 15:00:00,156,156,159,0.0,0.0,0.0,0.0,0.0,0.0,0.0,0.0,0.0,0.0,0.0
Chennai,13.0827,80.2707,2000-02-24,2000-03-01 21:00:00,162,162,165,0.0,0.0,0.0,0.0,0.0,0.0,0.0,0.0,0.0,0.0,0.0
Chennai,13.0827,80.2707,2000-02-24,2000-03-02 03:00:00,168,168,171,0.0,0.0,0.0,0.0,0.0,0.0,0.003814697265625,-0.003814697265625,-0.003814697265625,0.003814697265625,0.003814697265625
Chennai,13.0827,80.2707,2000-02-24,2000-03-02 09:00:00,174,174,177,0.0,0.0,0.0,0.0,0.0,0.0,0.0,0.0,0.0,0.0,0.0
Chennai,13.0827,80.2707,2000-02-24,2000-03-02 15:00:00,180,180,183,0.0,0.0,0.0,0.0,0.0,0.0,0.0,0.0,0.0,0.0,0.0
Chennai,13.0827,80.2707,2000-02-24,2000-03-02 21:00:00,186,186,189,0.0,0.0,0.0,0.0,0.0,0.0,0.0,0.0,0.0,0.0,0.0
Chennai,13.0827,80.2707,2000-02-24,2000-03-03 03:00:00,192,192,195,0.0,0.006,0.0,0.0,0.03,0.03,0.0,0.0,0.006,0.0,0.006
Chennai,13.0827,80.2707,2000-02-24,2000-03-03 09:00:00,198,198,201,0.0,0.0,0.0,0.0,0.0,0.0,0.0,0.0,0.0,0.0,0.0
Chennai,13.0827,80.2707,2000-02-24,2000-03-03 15:00:00,204,204,207,0.0,0.0,0.0,0.0,0.0,0.0,0.0,0.0,0.0,0.0,0.0
Chennai,13.0827,80.2707,2000-02-24,2000-03-03 21:00:00,210,210,213,0.0,0.0,0.0,0.0,0.0,0.0,0.0,0.0,0.0,0.0,0.0
Chennai,13.0827,80.2707,2000-02-24,2000-03-04 03:00:00,216,216,219,0.0,0.008,0.0,0.0,0.04,0.04,0.0,0.0,0.008,0.0,0.008
Chennai,13.0827,80.2707,2000-02-24,2000-03-04 09:00:00,222,222,225,0.0,0.0,0.0,0.0,0.0,0.0,0.0,0.0,0.0,0.0,0.0
Chennai,13.0827,80.2707,2000-02-24,2000-03-04 15:00:00,228,228,231,0.0,0.0,0.0,0.0,0.0,0.0,0.0,0.0,0.0,0.0,0.0
Chennai,13.0827,80.2707,2000-02-24,2000-03-04 21:00:00,234,234,237,0.0,0.0,0.0,0.0,0.0,0.0,0.0,0.0,0.0,0.0,0.0
Chennai,13.0827,80.2707,2000-03-13,2000-03-13 03:00:00,0,0,3,0.0,0.0,0.0,0.0,0.0,0.0,0.0,0.0,0.0,0.0,0.0
Chennai,13.0827,80.2707,2000-03-13,2000-03-13 09:00:00,6,6,9,0.0,0.0,0.0,0.0,0.0,0.0,0.0,0.0,0.0,0.0,0.0
Chennai,13.0827,80.2707,2000-03-13,2000-03-13 15:00:00,12,12,15,0.0,0.0,0.0,0.0,0.0,0.0,0.0,0.0,0.0,0.0,0.0
Chennai,13.0827,80.2707,2000-03-13,2000-03-13 21:00:00,18,18,21,0.0,0.0,0.0,0.0,0.0,0.0,0.0,0.0,0.0,0.0,0.0
Chennai,13.0827,80.2707,2000-03-13,2000-03-14 03:00:00,24,24,27,0.0,0.0,0.0,0.0,0.0,0.0,0.003814697265625,-0.003814697265625,-0.003814697265625,0.003814697265625,0.003814697265625
Chennai,13.0827,80.2707,2000-03-13,2000-03-14 09:00:00,30,30,33,0.0,0.0,0.0,0.0,0.0,0.0,0.0,0.0,0.0,0.0,0.0
Chennai,13.0827,80.2707,2000-03-13,2000-03-14 15:00:00,36,36,39,0.0,0.0,0.0,0.0,0.0,0.0,0.0,0.0,0.0,0.0,0.0
Chennai,13.0827,80.2707,2000-03-13,2000-03-14 21:00:00,42,42,45,0.0,0.0,0.0,0.0,0.0,0.0,0.0,0.0,0.0,0.0,0.0
Chennai,13.0827,80.2707,2000-03-13,2000-03-15 03:00:00,48,48,51,0.0,0.0,0.0,0.0,0.0,0.0,0.0033378601074218,-0.0033378601074218,-0.0033378601074218,0.0033378601074218,0.0033378601074218
Chennai,13.0827,80.2707,2000-03-13,2000-03-15 09:00:00,54,54,57,0.0,0.0,0.0,0.0,0.0,0.0,0.0,0.0,0.0,0.0,0.0
Chennai,13.0827,80.2707,2000-03-13,2000-03-15 15:00:00,60,60,63,0.0,0.0,0.0,0.0,0.0,0.0,0.0,0.0,0.0,0.0,0.0
Chennai,13.0827,80.2707,2000-03-13,2000-03-15 21:00:00,66,66,69,0.0,0.0,0.0,0.0,0.0,0.0,0.0,0.0,0.0,0.0,0.0
Chennai,13.0827,80.2707,2000-03-13,2000-03-16 03:00:00,72,72,75,0.0,0.0,0.0,0.0,0.0,0.0,0.0019073486328125,-0.0019073486328125,-0.0019073486328125,0.0019073486328125,0.0019073486328125
Chennai,13.0827,80.2707,2000-03-13,2000-03-16 09:00:00,78,78,81,0.0,0.0,0.0,0.0,0.0,0.0,0.0,0.0,0.0,0.0,0.0
Chennai,13.0827,80.2707,2000-03-13,2000-03-16 15:00:00,84,84,87,0.0,0.0,0.0,0.0,0.0,0.0,0.0,0.0,0.0,0.0,0.0
Chennai,13.0827,80.2707,2000-03-13,2000-03-16 21:00:00,90,90,93,0.0,0.0,0.0,0.0,0.0,0.0,0.0,0.0,0.0,0.0,0.0
Chennai,13.0827,80.2707,2000-03-13,2000-03-17 03:00:00,96,96,99,0.0,0.0,0.0,0.0,0.0,0.0,0.0014305114746093,-0.0014305114746093,-0.0014305114746093,0.0014305114746093,0.0014305114746093
Chennai,13.0827,80.2707,2000-03-13,2000-03-17 09:00:00,102,102,105,0.0,0.0,0.0,0.0,0.0,0.0,0.0,0.0,0.0,0.0,0.0
Chennai,13.0827,80.2707,2000-03-13,2000-03-17 15:00:00,108,108,111,0.0,0.0,0.0,0.0,0.0,0.0,0.0,0.0,0.0,0.0,0.0
Chennai,13.0827,80.2707,2000-03-13,2000-03-17 21:00:00,114,114,117,0.0,0.0,0.0,0.0,0.0,0.0,0.0,0.0,0.0,0.0,0.0
Chennai,13.0827,80.2707,2000-03-13,2000-03-18 03:00:00,120,120,123,0.0,0.0,0.0,0.0,0.0,0.0,0.0,0.0,0.0,0.0,0.0
Chennai,13.0827,80.2707,2000-03-13,2000-03-18 09:00:00,126,126,129,0.0,0.0,0.0,0.0,0.0,0.0,0.0,0.0,0.0,0.0,0.0
Chennai,13.0827,80.2707,2000-03-13,2000-03-18 15:00:00,132,132,135,0.0,0.0,0.0,0.0,0.0,0.0,0.0,0.0,0.0,0.0,0.0
Chennai,13.0827,80.2707,2000-03-13,2000-03-18 21:00:00,138,138,141,0.0,0.0,0.0,0.0,0.0,0.0,0.0,0.0,0.0,0.0,0.0
Chennai,13.0827,80.2707,2000-03-13,2000-03-19 03:00:00,144,144,147,0.0,0.0,0.0,0.0,0.0,0.0,0.0,0.0,0.0,0.0,0.0
Chennai,13.0827,80.2707,2000-03-13,2000-03-19 09:00:00,150,150,153,0.0,0.0,0.0,0.0,0.0,0.0,0.0,0.0,0.0,0.0,0.0
Chennai,13.0827,80.2707,2000-03-13,2000-03-19 15:00:00,156,156,159,0.0,0.0,0.0,0.0,0.0,0.0,0.0,0.0,0.0,0.0,0.0
Chennai,13.0827,80.2707,2000-03-13,2000-03-19 21:00:00,162,162,165,0.0,0.0,0.0,0.0,0.0,0.0,0.0,0.0,0.0,0.0,0.0
Chennai,13.0827,80.2707,2000-03-13,2000-03-20 03:00:00,168,168,171,0.0,0.0,0.0,0.0,0.0,0.0,0.0,0.0,0.0,0.0,0.0
Chennai,13.0827,80.2707,2000-03-13,2000-03-20 09:00:00,174,174,177,0.0,0.0,0.0,0.0,0.0,0.0,0.0,0.0,0.0,0.0,0.0
Chennai,13.0827,80.2707,2000-03-13,2000-03-20 15:00:00,180,180,183,0.0,0.0,0.0,0.0,0.0,0.0,0.0,0.0,0.0,0.0,0.0
Chennai,13.0827,80.2707,2000-03-13,2000-03-20 21:00:00,186,186,189,0.0,0.0,0.0,0.0,0.0,0.0,0.0,0.0,0.0,0.0,0.0
Chennai,13.0827,80.2707,2000-03-13,2000-03-21 03:00:00,192,192,195,0.0,0.002,0.0,0.0,0.01,0.01,0.0,0.0,0.002,0.0,0.002
Chennai,13.0827,80.2707,2000-03-13,2000-03-21 09:00:00,198,198,201,0.0,0.0,0.0,0.0,0.0,0.0,0.0,0.0,0.0,0.0,0.0
Chennai,13.0827,80.2707,2000-03-13,2000-03-21 15:00:00,204,204,207,0.0,0.0,0.0,0.0,0.0,0.0,0.0,0.0,0.0,0.0,0.0
Chennai,13.0827,80.2707,2000-03-13,2000-03-21 21:00:00,210,210,213,0.0,0.004,0.0,0.0,0.02,0.02,0.0009536743164062,-0.0009536743164062,0.0030463256835938,0.0009536743164062,0.0030463256835938
Chennai,13.0827,80.2707,2000-03-13,2000-03-22 03:00:00,216,216,219,0.0,0.02,0.0,0.0,0.1,0.1,0.0009536743164062,-0.0009536743164062,0.0190463256835938,0.0009536743164062,0.0190463256835938
Chennai,13.0827,80.2707,2000-03-13,2000-03-22 09:00:00,222,222,225,0.0,0.002,0.0,0.0,0.01,0.01,0.0,0.0,0.002,0.0,0.002
Chennai,13.0827,80.2707,2000-03-13,2000-03-22 15:00:00,228,228,231,0.0,0.0,0.0,0.0,0.0,0.0,0.0,0.0,0.0,0.0,0.0
Chennai,13.0827,80.2707,2000-03-13,2000-03-22 21:00:00,234,234,237,0.0,0.006,0.0,0.0,0.03,0.03,0.0,0.0,0.006,0.0,0.006
Chennai,13.0827,80.2707,2000-03-31,2000-03-31 03:00:00,0,0,3,0.0,0.0,0.0,0.0,0.0,0.0,0.0,0.0,0.0,0.0,0.0
Chennai,13.0827,80.2707,2000-03-31,2000-03-31 09:00:00,6,6,9,0.0,0.0,0.0,0.0,0.0,0.0,0.0,0.0,0.0,0.0,0.0
Chennai,13.0827,80.2707,2000-03-31,2000-03-31 15:00:00,12,12,15,0.0,0.0,0.0,0.0,0.0,0.0,0.0104904174804687,-0.0104904174804687,-0.0104904174804687,0.0104904174804687,0.0104904174804687
Chennai,13.0827,80.2707,2000-03-31,2000-03-31 21:00:00,18,18,21,0.01,0.03,0.0,0.0,0.14,0.14,0.0600814819335937,-0.0500814819335937,-0.030081481933593703,0.0500814819335937,0.030081481933593703
Chennai,13.0827,80.2707,2000-03-31,2000-04-01 03:00:00,24,24,27,0.25,0.8240000000000001,0.25,0.0,3.54,3.54,1.2946128845214844,-1.0446128845214844,-0.4706128845214843,1.0446128845214844,0.4706128845214843
Chennai,13.0827,80.2707,2000-03-31,2000-04-01 09:00:00,30,30,33,0.11,0.062,0.0,0.0,0.2,0.2,1.033782958984375,-0.923782958984375,-0.971782958984375,0.923782958984375,0.971782958984375
Chennai,13.0827,80.2707,2000-03-31,2000-04-01 15:00:00,36,36,39,0.0,0.0,0.0,0.0,0.0,0.0,0.0324249267578125,-0.0324249267578125,-0.0324249267578125,0.0324249267578125,0.0324249267578125
Chennai,13.0827,80.2707,2000-03-31,2000-04-01 21:00:00,42,42,45,0.0,0.0,0.0,0.0,0.0,0.0,0.0805854797363281,-0.0805854797363281,-0.0805854797363281,0.0805854797363281,0.0805854797363281
Chennai,13.0827,80.2707,2000-03-31,2000-04-02 03:00:00,48,48,51,0.03,0.006,0.0,0.0,0.03,0.03,0.0061988830566406,0.023801116943359398,-0.00019888305664059972,0.023801116943359398,0.00019888305664059972
Chennai,13.0827,80.2707,2000-03-31,2000-04-02 09:00:00,54,54,57,0.0,0.0,0.0,0.0,0.0,0.0,0.0052452087402343,-0.0052452087402343,-0.0052452087402343,0.0052452087402343,0.0052452087402343
Chennai,13.0827,80.2707,2000-03-31,2000-04-02 15:00:00,60,60,63,0.0,0.0,0.0,0.0,0.0,0.0,0.0,0.0,0.0,0.0,0.0
Chennai,13.0827,80.2707,2000-03-31,2000-04-02 21:00:00,66,66,69,0.0,0.01,0.0,0.0,0.05,0.05,0.0810623168945312,-0.0810623168945312,-0.0710623168945312,0.0810623168945312,0.0710623168945312
Chennai,13.0827,80.2707,2000-03-31,2000-04-03 03:00:00,72,72,75,0.01,0.002,0.0,0.0,0.01,0.01,0.0538825988769531,-0.043882598876953095,-0.051882598876953095,0.043882598876953095,0.051882598876953095
Chennai,13.0827,80.2707,2000-03-31,2000-04-03 09:00:00,78,78,81,0.0,0.0,0.0,0.0,0.0,0.0,0.0524520874023437,-0.0524520874023437,-0.0524520874023437,0.0524520874023437,0.0524520874023437
Chennai,13.0827,80.2707,2000-03-31,2000-04-03 15:00:00,84,84,87,0.0,0.0,0.0,0.0,0.0,0.0,0.0,0.0,0.0,0.0,0.0
Chennai,13.0827,80.2707,2000-03-31,2000-04-03 21:00:00,90,90,93,0.0,0.0,0.0,0.0,0.0,0.0,0.0133514404296875,-0.0133514404296875,-0.0133514404296875,0.0133514404296875,0.0133514404296875
Chennai,13.0827,80.2707,2000-03-31,2000-04-04 03:00:00,96,96,99,0.03,0.01,0.0,0.0,0.03,0.03,0.1616477966308593,-0.1316477966308593,-0.15164779663085928,0.1316477966308593,0.15164779663085928
Chennai,13.0827,80.2707,2000-03-31,2000-04-04 09:00:00,102,102,105,0.0,0.0,0.0,0.0,0.0,0.0,0.0371932983398437,-0.0371932983398437,-0.0371932983398437,0.0371932983398437,0.0371932983398437
Chennai,13.0827,80.2707,2000-03-31,2000-04-04 15:00:00,108,108,111,0.0,0.0,0.0,0.0,0.0,0.0,0.0,0.0,0.0,0.0,0.0
Chennai,13.0827,80.2707,2000-03-31,2000-04-04 21:00:00,114,114,117,0.01,0.008,0.0,0.0,0.03,0.03,0.0,0.01,0.008,0.01,0.008
Chennai,13.0827,80.2707,2000-03-31,2000-04-05 03:00:00,120,120,123,0.0,0.032,0.0,0.0,0.09,0.09,0.0429153442382812,-0.0429153442382812,-0.0109153442382812,0.0429153442382812,0.0109153442382812
Chennai,13.0827,80.2707,2000-03-31,2000-04-05 09:00:00,126,126,129,0.0,0.0,0.0,0.0,0.0,0.0,0.0352859497070312,-0.0352859497070312,-0.0352859497070312,0.0352859497070312,0.0352859497070312
Chennai,13.0827,80.2707,2000-03-31,2000-04-05 15:00:00,132,132,135,0.0,0.0,0.0,0.0,0.0,0.0,0.0,0.0,0.0,0.0,0.0
Chennai,13.0827,80.2707,2000-03-31,2000-04-05 21:00:00,138,138,141,0.0,0.0,0.0,0.0,0.0,0.0,0.0052452087402343,-0.0052452087402343,-0.0052452087402343,0.0052452087402343,0.0052452087402343
Chennai,13.0827,80.2707,2000-03-31,2000-04-06 03:00:00,144,144,147,0.03,0.006,0.0,0.0,0.03,0.03,0.0514984130859375,-0.0214984130859375,-0.0454984130859375,0.0214984130859375,0.0454984130859375
Chennai,13.0827,80.2707,2000-03-31,2000-04-06 09:00:00,150,150,153,0.0,0.0,0.0,0.0,0.0,0.0,0.003814697265625,-0.003814697265625,-0.003814697265625,0.003814697265625,0.003814697265625
Chennai,13.0827,80.2707,2000-03-31,2000-04-06 15:00:00,156,156,159,0.0,0.0,0.0,0.0,0.0,0.0,0.0,0.0,0.0,0.0,0.0
Chennai,13.0827,80.2707,2000-03-31,2000-04-06 21:00:00,162,162,165,0.0,0.0,0.0,0.0,0.0,0.0,0.0061988830566406,-0.0061988830566406,-0.0061988830566406,0.0061988830566406,0.0061988830566406
Chennai,13.0827,80.2707,2000-03-31,2000-04-07 03:00:00,168,168,171,0.05,0.03,0.0,0.0,0.1,0.1,0.1115798950195312,-0.06157989501953119,-0.0815798950195312,0.06157989501953119,0.0815798950195312
Chennai,13.0827,80.2707,2000-03-31,2000-04-07 09:00:00,174,174,177,0.0,0.06,0.0,0.0,0.3,0.3,0.03814697265625,-0.03814697265625,0.021853027343749998,0.03814697265625,0.021853027343749998
Chennai,13.0827,80.2707,2000-03-31,2000-04-07 15:00:00,180,180,183,0.0,0.0,0.0,0.0,0.0,0.0,0.0,0.0,0.0,0.0,0.0
Chennai,13.0827,80.2707,2000-03-31,2000-04-07 21:00:00,186,186,189,0.0,0.0,0.0,0.0,0.0,0.0,0.0019073486328125,-0.0019073486328125,-0.0019073486328125,0.0019073486328125,0.0019073486328125
Chennai,13.0827,80.2707,2000-03-31,2000-04-08 03:00:00,192,192,195,0.1,0.02,0.0,0.0,0.1,0.1,0.1153945922851562,-0.015394592285156189,-0.09539459228515619,0.015394592285156189,0.09539459228515619
Chennai,13.0827,80.2707,2000-03-31,2000-04-08 09:00:00,198,198,201,0.0,0.0,0.0,0.0,0.0,0.0,0.0019073486328125,-0.0019073486328125,-0.0019073486328125,0.0019073486328125,0.0019073486328125
Chennai,13.0827,80.2707,2000-03-31,2000-04-08 15:00:00,204,204,207,0.0,0.0,0.0,0.0,0.0,0.0,0.0,0.0,0.0,0.0,0.0
Chennai,13.0827,80.2707,2000-03-31,2000-04-08 21:00:00,210,210,213,0.0,0.0,0.0,0.0,0.0,0.0,0.0,0.0,0.0,0.0,0.0
Chennai,13.0827,80.2707,2000-03-31,2000-04-09 03:00:00,216,216,219,0.0,0.0,0.0,0.0,0.0,0.0,0.0133514404296875,-0.0133514404296875,-0.0133514404296875,0.0133514404296875,0.0133514404296875
Chennai,13.0827,80.2707,2000-03-31,2000-04-09 09:00:00,222,222,225,0.0,0.0,0.0,0.0,0.0,0.0,0.0,0.0,0.0,0.0,0.0
Chennai,13.0827,80.2707,2000-03-31,2000-04-09 15:00:00,228,228,231,0.0,0.0,0.0,0.0,0.0,0.0,0.0,0.0,0.0,0.0,0.0
Chennai,13.0827,80.2707,2000-03-31,2000-04-09 21:00:00,234,234,237,0.0,0.0,0.0,0.0,0.0,0.0,0.0,0.0,0.0,0.0,0.0
Chennai,13.0827,80.2707,2000-04-18,2000-04-18 03:00:00,0,0,3,0.0,0.0,0.0,0.0,0.0,0.0,0.0939369201660156,-0.0939369201660156,-0.0939369201660156,0.0939369201660156,0.0939369201660156
Chennai,13.0827,80.2707,2000-04-18,2000-04-18 09:00:00,6,6,9,0.0,0.0,0.0,0.0,0.0,0.0,0.5373954772949219,-0.5373954772949219,-0.5373954772949219,0.5373954772949219,0.5373954772949219
Chennai,13.0827,80.2707,2000-04-18,2000-04-18 15:00:00,12,12,15,0.0,0.0,0.0,0.0,0.0,0.0,0.0,0.0,0.0,0.0,0.0
Chennai,13.0827,80.2707,2000-04-18,2000-04-18 21:00:00,18,18,21,0.0,0.0,0.0,0.0,0.0,0.0,0.0,0.0,0.0,0.0,0.0
Chennai,13.0827,80.2707,2000-04-18,2000-04-19 03:00:00,24,24,27,0.02,0.004,0.0,0.0,0.02,0.02,0.0004768371582031,0.0195231628417969,0.0035231628417969002,0.0195231628417969,0.0035231628417969002
Chennai,13.0827,80.2707,2000-04-18,2000-04-19 09:00:00,30,30,33,0.0,0.0,0.0,0.0,0.0,0.0,0.0,0.0,0.0,0.0,0.0
Chennai,13.0827,80.2707,2000-04-18,2000-04-19 15:00:00,36,36,39,0.0,0.0,0.0,0.0,0.0,0.0,0.0,0.0,0.0,0.0,0.0
Chennai,13.0827,80.2707,2000-04-18,2000-04-19 21:00:00,42,42,45,0.0,0.0,0.0,0.0,0.0,0.0,0.0,0.0,0.0,0.0,0.0
Chennai,13.0827,80.2707,2000-04-18,2000-04-20 03:00:00,48,48,51,0.0,0.0,0.0,0.0,0.0,0.0,0.0119209289550781,-0.0119209289550781,-0.0119209289550781,0.0119209289550781,0.0119209289550781
Chennai,13.0827,80.2707,2000-04-18,2000-04-20 09:00:00,54,54,57,0.0,0.0,0.0,0.0,0.0,0.0,0.0009536743164062,-0.0009536743164062,-0.0009536743164062,0.0009536743164062,0.0009536743164062
Chennai,13.0827,80.2707,2000-04-18,2000-04-20 15:00:00,60,60,63,0.0,0.0,0.0,0.0,0.0,0.0,0.0,0.0,0.0,0.0,0.0
Chennai,13.0827,80.2707,2000-04-18,2000-04-20 21:00:00,66,66,69,0.0,0.0,0.0,0.0,0.0,0.0,0.0,0.0,0.0,0.0,0.0
Chennai,13.0827,80.2707,2000-04-18,2000-04-21 03:00:00,72,72,75,0.0,0.002,0.0,0.0,0.01,0.01,0.0109672546386718,-0.0109672546386718,-0.0089672546386718,0.0109672546386718,0.0089672546386718
Chennai,13.0827,80.2707,2000-04-18,2000-04-21 09:00:00,78,78,81,0.0,0.0,0.0,0.0,0.0,0.0,0.0,0.0,0.0,0.0,0.0
Chennai,13.0827,80.2707,2000-04-18,2000-04-21 15:00:00,84,84,87,0.0,0.0,0.0,0.0,0.0,0.0,0.0,0.0,0.0,0.0,0.0
Chennai,13.0827,80.2707,2000-04-18,2000-04-21 21:00:00,90,90,93,0.0,0.0,0.0,0.0,0.0,0.0,0.0014305114746093,-0.0014305114746093,-0.0014305114746093,0.0014305114746093,0.0014305114746093
Chennai,13.0827,80.2707,2000-04-18,2000-04-22 03:00:00,96,96,99,0.0,0.0,0.0,0.0,0.0,0.0,0.0,0.0,0.0,0.0,0.0
Chennai,13.0827,80.2707,2000-04-18,2000-04-22 09:00:00,102,102,105,0.0,0.0,0.0,0.0,0.0,0.0,0.0,0.0,0.0,0.0,0.0
Chennai,13.0827,80.2707,2000-04-18,2000-04-22 15:00:00,108,108,111,0.0,0.0,0.0,0.0,0.0,0.0,0.0,0.0,0.0,0.0,0.0
Chennai,13.0827,80.2707,2000-04-18,2000-04-22 21:00:00,114,114,117,0.0,0.0,0.0,0.0,0.0,0.0,0.0028610229492187,-0.0028610229492187,-0.0028610229492187,0.0028610229492187,0.0028610229492187
Chennai,13.0827,80.2707,2000-04-18,2000-04-23 03:00:00,120,120,123,0.0,0.0,0.0,0.0,0.0,0.0,0.0,0.0,0.0,0.0,0.0
Chennai,13.0827,80.2707,2000-04-18,2000-04-23 09:00:00,126,126,129,0.0,0.0,0.0,0.0,0.0,0.0,0.0,0.0,0.0,0.0,0.0
Chennai,13.0827,80.2707,2000-04-18,2000-04-23 15:00:00,132,132,135,0.0,0.0,0.0,0.0,0.0,0.0,0.0,0.0,0.0,0.0,0.0
Chennai,13.0827,80.2707,2000-04-18,2000-04-23 21:00:00,138,138,141,0.0,0.0,0.0,0.0,0.0,0.0,0.0,0.0,0.0,0.0,0.0
Chennai,13.0827,80.2707,2000-04-18,2000-04-24 03:00:00,144,144,147,0.0,0.014,0.0,0.0,0.07,0.07,0.0095367431640625,-0.0095367431640625,0.0044632568359375,0.0095367431640625,0.0044632568359375
Chennai,13.0827,80.2707,2000-04-18,2000-04-24 09:00:00,150,150,153,0.0,0.0,0.0,0.0,0.0,0.0,0.0,0.0,0.0,0.0,0.0
Chennai,13.0827,80.2707,2000-04-18,2000-04-24 15:00:00,156,156,159,0.0,0.0,0.0,0.0,0.0,0.0,0.0,0.0,0.0,0.0,0.0
Chennai,13.0827,80.2707,2000-04-18,2000-04-24 21:00:00,162,162,165,0.0,0.0,0.0,0.0,0.0,0.0,0.0,0.0,0.0,0.0,0.0
Chennai,13.0827,80.2707,2000-04-18,2000-04-25 03:00:00,168,168,171,0.0,0.0,0.0,0.0,0.0,0.0,0.0,0.0,0.0,0.0,0.0
Chennai,13.0827,80.2707,2000-04-18,2000-04-25 09:00:00,174,174,177,0.0,0.0,0.0,0.0,0.0,0.0,1.3017654418945312,-1.3017654418945312,-1.3017654418945312,1.3017654418945312,1.3017654418945312
Chennai,13.0827,80.2707,2000-04-18,2000-04-25 15:00:00,180,180,183,0.0,0.0,0.0,0.0,0.0,0.0,0.0,0.0,0.0,0.0,0.0
Chennai,13.0827,80.2707,2000-04-18,2000-04-25 21:00:00,186,186,189,0.0,0.0,0.0,0.0,0.0,0.0,0.0,0.0,0.0,0.0,0.0
Chennai,13.0827,80.2707,2000-04-18,2000-04-26 03:00:00,192,192,195,0.0,0.02,0.0,0.0,0.1,0.1,0.0,0.0,0.02,0.0,0.02
Chennai,13.0827,80.2707,2000-04-18,2000-04-26 09:00:00,198,198,201,0.0,0.0,0.0,0.0,0.0,0.0,0.0047683715820312,-0.0047683715820312,-0.0047683715820312,0.0047683715820312,0.0047683715820312
Chennai,13.0827,80.2707,2000-04-18,2000-04-26 15:00:00,204,204,207,0.0,0.0,0.0,0.0,0.0,0.0,0.0,0.0,0.0,0.0,0.0
Chennai,13.0827,80.2707,2000-04-18,2000-04-26 21:00:00,210,210,213,0.0,0.0,0.0,0.0,0.0,0.0,0.0,0.0,0.0,0.0,0.0
Chennai,13.0827,80.2707,2000-04-18,2000-04-27 03:00:00,216,216,219,0.0,0.16,0.0,0.0,0.8,0.8,0.0,0.0,0.16,0.0,0.16
Chennai,13.0827,80.2707,2000-04-18,2000-04-27 09:00:00,222,222,225,0.0,0.0,0.0,0.0,0.0,0.0,0.0152587890625,-0.0152587890625,-0.0152587890625,0.0152587890625,0.0152587890625
Chennai,13.0827,80.2707,2000-04-18,2000-04-27 15:00:00,228,228,231,0.0,0.0,0.0,0.0,0.0,0.0,0.0,0.0,0.0,0.0,0.0
Chennai,13.0827,80.2707,2000-04-18,2000-04-27 21:00:00,234,234,237,0.0,0.0,0.0,0.0,0.0,0.0,0.0,0.0,0.0,0.0,0.0
Chennai,13.0827,80.2707,2000-05-06,2000-05-06 03:00:00,0,0,3,0.0,0.0,0.0,0.0,0.0,0.0,0.0152587890625,-0.0152587890625,-0.0152587890625,0.0152587890625,0.0152587890625
Chennai,13.0827,80.2707,2000-05-06,2000-05-06 09:00:00,6,6,9,0.0,0.0,0.0,0.0,0.0,0.0,0.0019073486328125,-0.0019073486328125,-0.0019073486328125,0.0019073486328125,0.0019073486328125
Chennai,13.0827,80.2707,2000-05-06,2000-05-06 15:00:00,12,12,15,0.0,0.0,0.0,0.0,0.0,0.0,0.0,0.0,0.0,0.0,0.0
Chennai,13.0827,80.2707,2000-05-06,2000-05-06 21:00:00,18,18,21,0.0,0.0,0.0,0.0,0.0,0.0,0.0524520874023437,-0.0524520874023437,-0.0524520874023437,0.0524520874023437,0.0524520874023437
Chennai,13.0827,80.2707,2000-05-06,2000-05-07 03:00:00,24,24,27,1.9,1.238,1.2000000000000002,0.0,2.3000000000000003,2.3000000000000003,0.0,1.9,1.238,1.9,1.238
Chennai,13.0827,80.2707,2000-05-06,2000-05-07 09:00:00,30,30,33,0.0,0.0,0.0,0.0,0.0,0.0,0.0033378601074218,-0.0033378601074218,-0.0033378601074218,0.0033378601074218,0.0033378601074218
Chennai,13.0827,80.2707,2000-05-06,2000-05-07 15:00:00,36,36,39,0.0,0.0,0.0,0.0,0.0,0.0,0.0,0.0,0.0,0.0,0.0
Chennai,13.0827,80.2707,2000-05-06,2000-05-07 21:00:00,42,42,45,0.0,0.0,0.0,0.0,0.0,0.0,0.0085830688476562,-0.0085830688476562,-0.0085830688476562,0.0085830688476562,0.0085830688476562
Chennai,13.0827,80.2707,2000-05-06,2000-05-08 03:00:00,48,48,51,0.0,0.24,0.0,0.0,0.9,0.9,0.1664161682128906,-0.1664161682128906,0.0735838317871094,0.1664161682128906,0.0735838317871094
Chennai,13.0827,80.2707,2000-05-06,2000-05-08 09:00:00,54,54,57,0.0,0.0,0.0,0.0,0.0,0.0,0.1020431518554687,-0.1020431518554687,-0.1020431518554687,0.1020431518554687,0.1020431518554687
Chennai,13.0827,80.2707,2000-05-06,2000-05-08 15:00:00,60,60,63,0.0,0.0,0.0,0.0,0.0,0.0,0.0,0.0,0.0,0.0,0.0
Chennai,13.0827,80.2707,2000-05-06,2000-05-08 21:00:00,66,66,69,0.0,0.0,0.0,0.0,0.0,0.0,0.1273155212402343,-0.1273155212402343,-0.1273155212402343,0.1273155212402343,0.1273155212402343
Chennai,13.0827,80.2707,2000-05-06,2000-05-09 03:00:00,72,72,75,0.0,0.0,0.0,0.0,0.0,0.0,0.3528594970703125,-0.3528594970703125,-0.3528594970703125,0.3528594970703125,0.3528594970703125
Chennai,13.0827,80.2707,2000-05-06,2000-05-09 09:00:00,78,78,81,0.0,0.0,0.0,0.0,0.0,0.0,0.0667572021484375,-0.0667572021484375,-0.0667572021484375,0.0667572021484375,0.0667572021484375
Chennai,13.0827,80.2707,2000-05-06,2000-05-09 15:00:00,84,84,87,0.0,0.0,0.0,0.0,0.0,0.0,0.0,0.0,0.0,0.0,0.0
Chennai,13.0827,80.2707,2000-05-06,2000-05-09 21:00:00,90,90,93,0.0,0.0,0.0,0.0,0.0,0.0,0.0,0.0,0.0,0.0,0.0
Chennai,13.0827,80.2707,2000-05-06,2000-05-10 03:00:00,96,96,99,0.0,0.12,0.0,0.0,0.6000000000000001,0.6000000000000001,0.0,0.0,0.12,0.0,0.12
Chennai,13.0827,80.2707,2000-05-06,2000-05-10 09:00:00,102,102,105,0.0,0.0,0.0,0.0,0.0,0.0,0.1659393310546875,-0.1659393310546875,-0.1659393310546875,0.1659393310546875,0.1659393310546875
Chennai,13.0827,80.2707,2000-05-06,2000-05-10 15:00:00,108,108,111,0.0,0.0,0.0,0.0,0.0,0.0,0.0,0.0,0.0,0.0,0.0
Chennai,13.0827,80.2707,2000-05-06,2000-05-10 21:00:00,114,114,117,0.0,0.0,0.0,0.0,0.0,0.0,0.0,0.0,0.0,0.0,0.0
Chennai,13.0827,80.2707,2000-05-06,2000-05-11 03:00:00,120,120,123,0.0,0.02,0.0,0.0,0.1,0.1,0.0,0.0,0.02,0.0,0.02
Chennai,13.0827,80.2707,2000-05-06,2000-05-11 09:00:00,126,126,129,0.0,0.06,0.0,0.0,0.3,0.3,0.2522468566894531,-0.2522468566894531,-0.19224685668945313,0.2522468566894531,0.19224685668945313
Chennai,13.0827,80.2707,2000-05-06,2000-05-11 15:00:00,132,132,135,0.0,0.56,0.0,0.0,2.6,2.6,0.0,0.0,0.56,0.0,0.56
Chennai,13.0827,80.2707,2000-05-06,2000-05-11 21:00:00,138,138,141,0.0,0.306,0.0,0.0,1.1,1.1,0.0,0.0,0.306,0.0,0.306
Chennai,13.0827,80.2707,2000-05-06,2000-05-12 03:00:00,144,144,147,0.0,0.002,0.0,0.0,0.01,0.01,0.0,0.0,0.002,0.0,0.002
Chennai,13.0827,80.2707,2000-05-06,2000-05-12 09:00:00,150,150,153,0.0,0.0,0.0,0.0,0.0,0.0,0.0,0.0,0.0,0.0,0.0
Chennai,13.0827,80.2707,2000-05-06,2000-05-12 15:00:00,156,156,159,0.0,3.7,0.0,0.0,18.5,18.5,0.0,0.0,3.7,0.0,3.7
Chennai,13.0827,80.2707,2000-05-06,2000-05-12 21:00:00,162,162,165,0.0,0.0,0.0,0.0,0.0,0.0,0.0,0.0,0.0,0.0,0.0
Chennai,13.0827,80.2707,2000-05-06,2000-05-13 03:00:00,168,168,171,0.0,0.02,0.0,0.0,0.1,0.1,0.0,0.0,0.02,0.0,0.02
Chennai,13.0827,80.2707,2000-05-06,2000-05-13 09:00:00,174,174,177,0.0,0.06,0.0,0.0,0.3,0.3,0.0,0.0,0.06,0.0,0.06
Chennai,13.0827,80.2707,2000-05-06,2000-05-13 15:00:00,180,180,183,0.0,0.0,0.0,0.0,0.0,0.0,0.0,0.0,0.0,0.0,0.0
Chennai,13.0827,80.2707,2000-05-06,2000-05-13 21:00:00,186,186,189,0.0,0.922,0.0,0.0,4.6000000000000005,4.6000000000000005,0.0,0.0,0.922,0.0,0.922
Chennai,13.0827,80.2707,2000-05-06,2000-05-14 03:00:00,192,192,195,0.0,0.0,0.0,0.0,0.0,0.0,0.0,0.0,0.0,0.0,0.0
Chennai,13.0827,80.2707,2000-05-06,2000-05-14 09:00:00,198,198,201,0.0,0.0,0.0,0.0,0.0,0.0,0.0,0.0,0.0,0.0,0.0
Chennai,13.0827,80.2707,2000-05-06,2000-05-14 15:00:00,204,204,207,0.0,0.2319999999999999,0.0,0.0,1.16,1.16,0.0,0.0,0.2319999999999999,0.0,0.2319999999999999
Chennai,13.0827,80.2707,2000-05-06,2000-05-14 21:00:00,210,210,213,0.0,0.0,0.0,0.0,0.0,0.0,0.0,0.0,0.0,0.0,0.0
Chennai,13.0827,80.2707,2000-05-06,2000-05-15 03:00:00,216,216,219,0.0,0.02,0.0,0.0,0.1,0.1,0.0,0.0,0.02,0.0,0.02
Chennai,13.0827,80.2707,2000-05-06,2000-05-15 09:00:00,222,222,225,0.0,0.0,0.0,0.0,0.0,0.0,0.0,0.0,0.0,0.0,0.0
Chennai,13.0827,80.2707,2000-05-06,2000-05-15 15:00:00,228,228,231,0.0,0.0,0.0,0.0,0.0,0.0,0.0,0.0,0.0,0.0,0.0
Chennai,13.0827,80.2707,2000-05-06,2000-05-15 21:00:00,234,234,237,0.0,0.182,0.0,0.0,0.91,0.91,0.0,0.0,0.182,0.0,0.182
Chennai,13.0827,80.2707,2000-05-24,2000-05-24 03:00:00,0,0,3,0.0,0.0,0.0,0.0,0.0,0.0,0.1511573791503906,-0.1511573791503906,-0.1511573791503906,0.1511573791503906,0.1511573791503906
Chennai,13.0827,80.2707,2000-05-24,2000-05-24 09:00:00,6,6,9,0.1,0.13,0.1,0.0,0.45,0.45,0.9675025939941406,-0.8675025939941406,-0.8375025939941406,0.8675025939941406,0.8375025939941406
Chennai,13.0827,80.2707,2000-05-24,2000-05-24 15:00:00,12,12,15,0.0,0.4800000000000001,0.0,0.0,1.7000000000000002,1.7000000000000002,0.0,0.0,0.4800000000000001,0.0,0.4800000000000001
Chennai,13.0827,80.2707,2000-05-24,2000-05-24 21:00:00,18,18,21,0.0,0.0,0.0,0.0,0.0,0.0,2.8820037841796875,-2.8820037841796875,-2.8820037841796875,2.8820037841796875,2.8820037841796875
Chennai,13.0827,80.2707,2000-05-24,2000-05-25 03:00:00,24,24,27,0.0,0.002,0.0,0.0,0.01,0.01,0.0,0.0,0.002,0.0,0.002
Chennai,13.0827,80.2707,2000-05-24,2000-05-25 09:00:00,30,30,33,0.02,0.084,0.0,0.0,0.4,0.4,0.0090599060058593,0.0109400939941407,0.0749400939941407,0.0109400939941407,0.0749400939941407
Chennai,13.0827,80.2707,2000-05-24,2000-05-25 15:00:00,36,36,39,0.0,0.18,0.0,0.0,0.9,0.9,2.4290084838867188,-2.4290084838867188,-2.2490084838867186,2.4290084838867188,2.2490084838867186
Chennai,13.0827,80.2707,2000-05-24,2000-05-25 21:00:00,42,42,45,0.0,0.2,0.0,0.0,1.0,1.0,0.0071525573730468,-0.0071525573730468,0.19284744262695322,0.0071525573730468,0.19284744262695322
Chennai,13.0827,80.2707,2000-05-24,2000-05-26 03:00:00,48,48,51,0.0,0.004,0.0,0.0,0.01,0.01,0.0,0.0,0.004,0.0,0.004
Chennai,13.0827,80.2707,2000-05-24,2000-05-26 09:00:00,54,54,57,0.0,0.06,0.0,0.0,0.3,0.3,0.2703666687011719,-0.2703666687011719,-0.21036666870117188,0.2703666687011719,0.21036666870117188
Chennai,13.0827,80.2707,2000-05-24,2000-05-26 15:00:00,60,60,63,1.13,0.466,0.0,0.0,1.2000000000000002,1.2000000000000002,0.7357597351074219,0.394240264892578,-0.26975973510742185,0.394240264892578,0.26975973510742185
Chennai,13.0827,80.2707,2000-05-24,2000-05-26 21:00:00,66,66,69,10.6,2.218,0.0,0.0,10.6,10.6,0.0,10.6,2.218,10.6,2.218
Chennai,13.0827,80.2707,2000-05-24,2000-05-27 03:00:00,72,72,75,0.24,0.074,0.0,0.0,0.24,0.24,0.0,0.24,0.074,0.24,0.074
Chennai,13.0827,80.2707,2000-05-24,2000-05-27 09:00:00,78,78,81,0.0,0.224,0.0,0.0,1.12,1.12,0.0028610229492187,-0.0028610229492187,0.2211389770507813,0.0028610229492187,0.2211389770507813
Chennai,13.0827,80.2707,2000-05-24,2000-05-27 15:00:00,84,84,87,0.0,3.98,0.0,0.0,19.9,19.9,0.0,0.0,3.98,0.0,3.98
Chennai,13.0827,80.2707,2000-05-24,2000-05-27 21:00:00,90,90,93,1.79,0.654,0.6000000000000001,0.0,1.79,1.79,0.0,1.79,0.654,1.79,0.654
Chennai,13.0827,80.2707,2000-05-24,2000-05-28 03:00:00,96,96,99,1.82,0.852,0.74,0.0,1.82,1.82,0.0,1.82,0.852,1.82,0.852
Chennai,13.0827,80.2707,2000-05-24,2000-05-28 09:00:00,102,102,105,0.0,0.0,0.0,0.0,0.0,0.0,0.0061988830566406,-0.0061988830566406,-0.0061988830566406,0.0061988830566406,0.0061988830566406
Chennai,13.0827,80.2707,2000-05-24,2000-05-28 15:00:00,108,108,111,0.0,0.718,0.68,0.0,1.5,1.5,0.0,0.0,0.718,0.0,0.718
Chennai,13.0827,80.2707,2000-05-24,2000-05-28 21:00:00,114,114,117,0.0,0.01,0.01,0.0,0.03,0.03,0.0,0.0,0.01,0.0,0.01
Chennai,13.0827,80.2707,2000-05-24,2000-05-29 03:00:00,120,120,123,0.0,0.0,0.0,0.0,0.0,0.0,0.0,0.0,0.0,0.0,0.0
Chennai,13.0827,80.2707,2000-05-24,2000-05-29 09:00:00,126,126,129,0.0,0.0,0.0,0.0,0.0,0.0,0.0009536743164062,-0.0009536743164062,-0.0009536743164062,0.0009536743164062,0.0009536743164062
Chennai,13.0827,80.2707,2000-05-24,2000-05-29 15:00:00,132,132,135,0.0,0.51,0.0,0.0,2.35,2.35,0.1773834228515625,-0.1773834228515625,0.3326165771484375,0.1773834228515625,0.3326165771484375
Chennai,13.0827,80.2707,2000-05-24,2000-05-29 21:00:00,138,138,141,0.1,0.12,0.0,0.0,0.5,0.5,0.0009536743164062,0.09904632568359381,0.1190463256835938,0.09904632568359381,0.1190463256835938
Chennai,13.0827,80.2707,2000-05-24,2000-05-30 03:00:00,144,144,147,0.0,0.106,0.0,0.0,0.53,0.53,0.0,0.0,0.106,0.0,0.106
Chennai,13.0827,80.2707,2000-05-24,2000-05-30 09:00:00,150,150,153,0.0,0.064,0.0,0.0,0.32,0.32,0.0314712524414062,-0.0314712524414062,0.0325287475585938,0.0314712524414062,0.0325287475585938
Chennai,13.0827,80.2707,2000-05-24,2000-05-30 15:00:00,156,156,159,0.0,0.0,0.0,0.0,0.0,0.0,3.5276412963867188,-3.5276412963867188,-3.5276412963867188,3.5276412963867188,3.5276412963867188
Chennai,13.0827,80.2707,2000-05-24,2000-05-30 21:00:00,162,162,165,0.5,0.104,0.0,0.0,0.5,0.5,0.0,0.5,0.104,0.5,0.104
Chennai,13.0827,80.2707,2000-05-24,2000-05-31 03:00:00,168,168,171,0.0,0.0,0.0,0.0,0.0,0.0,0.0,0.0,0.0,0.0,0.0
Chennai,13.0827,80.2707,2000-05-24,2000-05-31 09:00:00,174,174,177,0.0,0.002,0.0,0.0,0.01,0.01,0.9131431579589844,-0.9131431579589844,-0.9111431579589844,0.9131431579589844,0.9111431579589844
Chennai,13.0827,80.2707,2000-05-24,2000-05-31 15:00:00,180,180,183,0.0,0.02,0.0,0.0,0.1,0.1,0.0,0.0,0.02,0.0,0.02
Chennai,13.0827,80.2707,2000-05-24,2000-05-31 21:00:00,186,186,189,0.6,0.24,0.2,0.0,0.6,0.6,0.0448226928710937,0.5551773071289062,0.1951773071289063,0.5551773071289062,0.1951773071289063
Chennai,13.0827,80.2707,2000-05-24,2000-06-01 03:00:00,192,192,195,1.02,0.204,0.0,0.0,1.02,1.02,0.1244544982910156,0.8955455017089844,0.07954550170898439,0.8955455017089844,0.07954550170898439
Chennai,13.0827,80.2707,2000-05-24,2000-06-01 09:00:00,198,198,201,0.0,0.118,0.0,0.0,0.59,0.59,0.0324249267578125,-0.0324249267578125,0.0855750732421875,0.0324249267578125,0.0855750732421875
Chennai,13.0827,80.2707,2000-05-24,2000-06-01 15:00:00,204,204,207,0.0,1.764,0.0,0.0,5.9,5.9,1.0762214660644531,-1.0762214660644531,0.6877785339355469,1.0762214660644531,0.6877785339355469
Chennai,13.0827,80.2707,2000-05-24,2000-06-01 21:00:00,210,210,213,0.0,2.336,0.0,0.0,11.4,11.4,0.0066757202148437,-0.0066757202148437,2.329324279785156,0.0066757202148437,2.329324279785156
Chennai,13.0827,80.2707,2000-05-24,2000-06-02 03:00:00,216,216,219,2.9000000000000004,1.086,0.5,0.0,2.9000000000000004,2.9000000000000004,0.0,2.9000000000000004,1.086,2.9000000000000004,1.086
Chennai,13.0827,80.2707,2000-05-24,2000-06-02 09:00:00,222,222,225,0.0,1.068,0.0,0.0,3.94,3.94,0.0443458557128906,-0.0443458557128906,1.0236541442871094,0.0443458557128906,1.0236541442871094
Chennai,13.0827,80.2707,2000-05-24,2000-06-02 15:00:00,228,228,231,1.7000000000000002,0.52,0.0,0.0,1.7000000000000002,1.7000000000000002,2.993106842041016,-1.293106842041016,-2.473106842041016,1.293106842041016,2.473106842041016
Chennai,13.0827,80.2707,2000-05-24,2000-06-02 21:00:00,234,234,237,0.0,1.044,0.4,0.0,4.3,4.3,0.0,0.0,1.044,0.0,1.044
Chennai,13.0827,80.2707,2000-06-11,2000-06-11 03:00:00,0,0,3,0.0,0.0,0.0,0.0,0.0,0.0,0.0,0.0,0.0,0.0,0.0
Chennai,13.0827,80.2707,2000-06-11,2000-06-11 09:00:00,6,6,9,0.0,0.0,0.0,0.0,0.0,0.0,0.0176429748535156,-0.0176429748535156,-0.0176429748535156,0.0176429748535156,0.0176429748535156
Chennai,13.0827,80.2707,2000-06-11,2000-06-11 15:00:00,12,12,15,0.6000000000000001,2.06,2.3000000000000003,0.6000000000000001,3.3000000000000003,2.7,2.040863037109375,-1.440863037109375,0.019136962890625053,1.440863037109375,0.019136962890625053
Chennai,13.0827,80.2707,2000-06-11,2000-06-11 21:00:00,18,18,21,0.0,1.948,0.6000000000000001,0.0,5.6000000000000005,5.6000000000000005,0.0,0.0,1.948,0.0,1.948
Chennai,13.0827,80.2707,2000-06-11,2000-06-12 03:00:00,24,24,27,0.0,0.0,0.0,0.0,0.0,0.0,0.0028610229492187,-0.0028610229492187,-0.0028610229492187,0.0028610229492187,0.0028610229492187
Chennai,13.0827,80.2707,2000-06-11,2000-06-12 09:00:00,30,30,33,0.0,0.042,0.0,0.0,0.2,0.2,0.011444091796875,-0.011444091796875,0.030555908203125003,0.011444091796875,0.030555908203125003
Chennai,13.0827,80.2707,2000-06-11,2000-06-12 15:00:00,36,36,39,0.03,0.764,0.03,0.0,3.25,3.25,0.0009536743164062,0.029046325683593797,0.7630463256835938,0.029046325683593797,0.7630463256835938
Chennai,13.0827,80.2707,2000-06-11,2000-06-12 21:00:00,42,42,45,0.0,0.0,0.0,0.0,0.0,0.0,0.0,0.0,0.0,0.0,0.0
Chennai,13.0827,80.2707,2000-06-11,2000-06-13 03:00:00,48,48,51,0.0,0.0,0.0,0.0,0.0,0.0,0.0,0.0,0.0,0.0,0.0
Chennai,13.0827,80.2707,2000-06-11,2000-06-13 09:00:00,54,54,57,0.0,0.0,0.0,0.0,0.0,0.0,0.0,0.0,0.0,0.0,0.0
Chennai,13.0827,80.2707,2000-06-11,2000-06-13 15:00:00,60,60,63,1.48,0.296,0.0,0.0,1.48,1.48,0.0452995300292968,1.434700469970703,0.25070046997070317,1.434700469970703,0.25070046997070317
Chennai,13.0827,80.2707,2000-06-11,2000-06-13 21:00:00,66,66,69,0.0,0.0,0.0,0.0,0.0,0.0,0.0,0.0,0.0,0.0,0.0
Chennai,13.0827,80.2707,2000-06-11,2000-06-14 03:00:00,72,72,75,0.0,0.002,0.0,0.0,0.01,0.01,0.0,0.0,0.002,0.0,0.002
Chennai,13.0827,80.2707,2000-06-11,2000-06-14 09:00:00,78,78,81,0.0,0.0,0.0,0.0,0.0,0.0,0.0,0.0,0.0,0.0,0.0
Chennai,13.0827,80.2707,2000-06-11,2000-06-14 15:00:00,84,84,87,0.0,0.008,0.0,0.0,0.04,0.04,0.0,0.0,0.008,0.0,0.008
Chennai,13.0827,80.2707,2000-06-11,2000-06-14 21:00:00,90,90,93,0.0,0.04,0.0,0.0,0.2,0.2,0.0104904174804687,-0.0104904174804687,0.0295095825195313,0.0104904174804687,0.0295095825195313
Chennai,13.0827,80.2707,2000-06-11,2000-06-15 03:00:00,96,96,99,0.0,0.002,0.0,0.0,0.01,0.01,0.0,0.0,0.002,0.0,0.002
Chennai,13.0827,80.2707,2000-06-11,2000-06-15 09:00:00,102,102,105,0.0,0.0,0.0,0.0,0.0,0.0,0.0023841857910156,-0.0023841857910156,-0.0023841857910156,0.0023841857910156,0.0023841857910156
Chennai,13.0827,80.2707,2000-06-11,2000-06-15 15:00:00,108,108,111,2.91,0.612,0.02,0.0,2.91,2.91,0.0,2.91,0.612,2.91,0.612
Chennai,13.0827,80.2707,2000-06-11,2000-06-15 21:00:00,114,114,117,0.0,0.006,0.0,0.0,0.02,0.02,0.0,0.0,0.006,0.0,0.006
Chennai,13.0827,80.2707,2000-06-11,2000-06-16 03:00:00,120,120,123,0.0,0.0,0.0,0.0,0.0,0.0,0.0,0.0,0.0,0.0,0.0
Chennai,13.0827,80.2707,2000-06-11,2000-06-16 09:00:00,126,126,129,0.0,0.242,0.01,0.0,0.6000000000000001,0.6000000000000001,0.0,0.0,0.242,0.0,0.242
Chennai,13.0827,80.2707,2000-06-11,2000-06-16 15:00:00,132,132,135,0.9,0.4599999999999999,0.0,0.0,1.4,1.4,0.0047683715820312,0.8952316284179688,0.4552316284179687,0.8952316284179688,0.4552316284179687
Chennai,13.0827,80.2707,2000-06-11,2000-06-16 21:00:00,138,138,141,0.0,0.466,0.0,0.0,2.33,2.33,0.209808349609375,-0.209808349609375,0.256191650390625,0.209808349609375,0.256191650390625
Chennai,13.0827,80.2707,2000-06-11,2000-06-17 03:00:00,144,144,147,0.0,0.122,0.0,0.0,0.6000000000000001,0.6000000000000001,0.0,0.0,0.122,0.0,0.122
Chennai,13.0827,80.2707,2000-06-11,2000-06-17 09:00:00,150,150,153,0.0,0.0,0.0,0.0,0.0,0.0,0.0061988830566406,-0.0061988830566406,-0.0061988830566406,0.0061988830566406,0.0061988830566406
Chennai,13.0827,80.2707,2000-06-11,2000-06-17 15:00:00,156,156,159,0.26,0.072,0.02,0.0,0.26,0.26,0.011444091796875,0.248555908203125,0.060555908203124995,0.248555908203125,0.060555908203124995
Chennai,13.0827,80.2707,2000-06-11,2000-06-17 21:00:00,162,162,165,0.0,6.176,0.2,0.0,27.18,27.18,0.0,0.0,6.176,0.0,6.176
Chennai,13.0827,80.2707,2000-06-11,2000-06-18 03:00:00,168,168,171,0.0,0.0,0.0,0.0,0.0,0.0,0.0,0.0,0.0,0.0,0.0
Chennai,13.0827,80.2707,2000-06-11,2000-06-18 09:00:00,174,174,177,0.0,0.0,0.0,0.0,0.0,0.0,0.0,0.0,0.0,0.0,0.0
Chennai,13.0827,80.2707,2000-06-11,2000-06-18 15:00:00,180,180,183,0.0,0.012,0.0,0.0,0.06,0.06,0.0090599060058593,-0.0090599060058593,0.0029400939941407,0.0090599060058593,0.0029400939941407
Chennai,13.0827,80.2707,2000-06-11,2000-06-18 21:00:00,186,186,189,0.78,0.762,0.78,0.0,1.69,1.69,0.0014305114746093,0.7785694885253908,0.7605694885253907,0.7785694885253908,0.7605694885253907
Chennai,13.0827,80.2707,2000-06-11,2000-06-19 03:00:00,192,192,195,0.0,0.0,0.0,0.0,0.0,0.0,0.0,0.0,0.0,0.0,0.0
Chennai,13.0827,80.2707,2000-06-11,2000-06-19 09:00:00,198,198,201,0.0,0.0,0.0,0.0,0.0,0.0,0.0138282775878906,-0.0138282775878906,-0.0138282775878906,0.0138282775878906,0.0138282775878906
Chennai,13.0827,80.2707,2000-06-11,2000-06-19 15:00:00,204,204,207,1.2000000000000002,0.4720000000000001,0.4,0.0,1.2000000000000002,1.2000000000000002,0.888824462890625,0.3111755371093752,-0.4168244628906249,0.3111755371093752,0.4168244628906249
Chennai,13.0827,80.2707,2000-06-11,2000-06-19 21:00:00,210,210,213,1.4,1.106,1.4,0.0,2.33,2.33,0.0,1.4,1.106,1.4,1.106
Chennai,13.0827,80.2707,2000-06-11,2000-06-20 03:00:00,216,216,219,0.0,0.0,0.0,0.0,0.0,0.0,0.0,0.0,0.0,0.0,0.0
Chennai,13.0827,80.2707,2000-06-11,2000-06-20 09:00:00,222,222,225,0.0,0.0,0.0,0.0,0.0,0.0,0.0448226928710937,-0.0448226928710937,-0.0448226928710937,0.0448226928710937,0.0448226928710937
Chennai,13.0827,80.2707,2000-06-11,2000-06-20 15:00:00,228,228,231,0.0,0.0,0.0,0.0,0.0,0.0,0.0166893005371093,-0.0166893005371093,-0.0166893005371093,0.0166893005371093,0.0166893005371093
Chennai,13.0827,80.2707,2000-06-11,2000-06-20 21:00:00,234,234,237,0.1,0.8400000000000001,0.0,0.0,4.1000000000000005,4.1000000000000005,0.0,0.1,0.8400000000000001,0.1,0.8400000000000001
Chennai,13.0827,80.2707,2000-06-29,2000-06-29 03:00:00,0,0,3,0.0,0.0,0.0,0.0,0.0,0.0,0.0,0.0,0.0,0.0,0.0
Chennai,13.0827,80.2707,2000-06-29,2000-06-29 09:00:00,6,6,9,0.01,0.002,0.0,0.0,0.01,0.01,0.1840591430664062,-0.17405914306640619,-0.1820591430664062,0.17405914306640619,0.1820591430664062
Chennai,13.0827,80.2707,2000-06-29,2000-06-29 15:00:00,12,12,15,5.76,1.5,0.5,0.0,5.76,5.76,0.2264976501464843,5.533502349853515,1.2735023498535156,5.533502349853515,1.2735023498535156
Chennai,13.0827,80.2707,2000-06-29,2000-06-29 21:00:00,18,18,21,0.0,0.02,0.0,0.0,0.1,0.1,0.0,0.0,0.02,0.0,0.02
Chennai,13.0827,80.2707,2000-06-29,2000-06-30 03:00:00,24,24,27,0.0,0.0,0.0,0.0,0.0,0.0,0.0,0.0,0.0,0.0,0.0
Chennai,13.0827,80.2707,2000-06-29,2000-06-30 09:00:00,30,30,33,0.0,0.0,0.0,0.0,0.0,0.0,0.0019073486328125,-0.0019073486328125,-0.0019073486328125,0.0019073486328125,0.0019073486328125
Chennai,13.0827,80.2707,2000-06-29,2000-06-30 15:00:00,36,36,39,0.0,0.2719999999999999,0.0,0.0,0.86,0.86,0.0,0.0,0.2719999999999999,0.0,0.2719999999999999
Chennai,13.0827,80.2707,2000-06-29,2000-06-30 21:00:00,42,42,45,0.0,0.0,0.0,0.0,0.0,0.0,0.0004768371582031,-0.0004768371582031,-0.0004768371582031,0.0004768371582031,0.0004768371582031
Chennai,13.0827,80.2707,2000-06-29,2000-07-01 03:00:00,48,48,51,0.0,0.0,0.0,0.0,0.0,0.0,0.0,0.0,0.0,0.0,0.0
Chennai,13.0827,80.2707,2000-06-29,2000-07-01 09:00:00,54,54,57,0.0,0.0,0.0,0.0,0.0,0.0,0.0,0.0,0.0,0.0,0.0
Chennai,13.0827,80.2707,2000-06-29,2000-07-01 15:00:00,60,60,63,2.07,1.188,0.64,0.0,3.23,3.23,0.1482963562011718,1.921703643798828,1.039703643798828,1.921703643798828,1.039703643798828
Chennai,13.0827,80.2707,2000-06-29,2000-07-01 21:00:00,66,66,69,0.01,0.664,0.3,0.0,1.8,1.8,0.0,0.01,0.664,0.01,0.664
Chennai,13.0827,80.2707,2000-06-29,2000-07-02 03:00:00,72,72,75,0.0,0.42,0.0,0.0,2.1,2.1,0.0,0.0,0.42,0.0,0.42
Chennai,13.0827,80.2707,2000-06-29,2000-07-02 09:00:00,78,78,81,0.0,0.3399999999999999,0.0,0.0,1.7,1.7,0.0,0.0,0.3399999999999999,0.0,0.3399999999999999
Chennai,13.0827,80.2707,2000-06-29,2000-07-02 15:00:00,84,84,87,0.05,0.114,0.02,0.0,0.5,0.5,0.0219345092773437,0.0280654907226563,0.0920654907226563,0.0280654907226563,0.0920654907226563
Chennai,13.0827,80.2707,2000-06-29,2000-07-02 21:00:00,90,90,93,0.0,1.0,0.4,0.0,3.1,3.1,0.0,0.0,1.0,0.0,1.0
Chennai,13.0827,80.2707,2000-06-29,2000-07-03 03:00:00,96,96,99,0.03,0.836,0.03,0.0,3.35,3.35,0.6494522094726562,-0.6194522094726562,0.18654779052734372,0.6194522094726562,0.18654779052734372
Chennai,13.0827,80.2707,2000-06-29,2000-07-03 09:00:00,102,102,105,0.0,0.022,0.0,0.0,0.1,0.1,2.526283264160156,-2.526283264160156,-2.504283264160156,2.526283264160156,2.504283264160156
Chennai,13.0827,80.2707,2000-06-29,2000-07-03 15:00:00,108,108,111,0.14,0.068,0.1,0.0,0.14,0.14,0.2794265747070312,-0.13942657470703118,-0.2114265747070312,0.13942657470703118,0.2114265747070312
Chennai,13.0827,80.2707,2000-06-29,2000-07-03 21:00:00,114,114,117,0.7000000000000001,3.096,1.4,0.0,11.98,11.98,4.318714141845703,-3.618714141845703,-1.222714141845703,3.618714141845703,1.222714141845703
Chennai,13.0827,80.2707,2000-06-29,2000-07-04 03:00:00,120,120,123,7.800000000000001,1.64,0.0,0.0,7.800000000000001,7.800000000000001,2.84576416015625,4.954235839843751,-1.20576416015625,4.954235839843751,1.20576416015625
Chennai,13.0827,80.2707,2000-06-29,2000-07-04 09:00:00,126,126,129,0.4,2.498,0.4,0.0,11.49,11.49,3.01504135131836,-2.61504135131836,-0.5170413513183596,2.61504135131836,0.5170413513183596
Chennai,13.0827,80.2707,2000-06-29,2000-07-04 15:00:00,132,132,135,0.1,0.178,0.2,0.0,0.39,0.39,0.8282661437988281,-0.7282661437988281,-0.6502661437988282,0.7282661437988281,0.6502661437988282
Chennai,13.0827,80.2707,2000-06-29,2000-07-04 21:00:00,138,138,141,4.800000000000001,0.9840000000000002,0.02,0.0,4.800000000000001,4.800000000000001,5.156517028808594,-0.35651702880859304,-4.172517028808594,0.35651702880859304,4.172517028808594
Chennai,13.0827,80.2707,2000-06-29,2000-07-05 03:00:00,144,144,147,0.9,0.24,0.0,0.0,0.9,0.9,3.634929656982422,-2.734929656982422,-3.3949296569824217,2.734929656982422,3.3949296569824217
Chennai,13.0827,80.2707,2000-06-29,2000-07-05 09:00:00,150,150,153,5.2,1.04,0.0,0.0,5.2,5.2,0.0696182250976562,5.130381774902344,0.9703817749023438,5.130381774902344,0.9703817749023438
Chennai,13.0827,80.2707,2000-06-29,2000-07-05 15:00:00,156,156,159,0.0,0.0,0.0,0.0,0.0,0.0,1.190185546875,-1.190185546875,-1.190185546875,1.190185546875,1.190185546875
Chennai,13.0827,80.2707,2000-06-29,2000-07-05 21:00:00,162,162,165,0.5,0.22,0.0,0.0,0.6000000000000001,0.6000000000000001,0.2017021179199218,0.29829788208007824,0.01829788208007821,0.29829788208007824,0.01829788208007821
Chennai,13.0827,80.2707,2000-06-29,2000-07-06 03:00:00,168,168,171,0.2,0.44,0.0,0.0,2.0,2.0,1.4090538024902344,-1.2090538024902344,-0.9690538024902344,1.2090538024902344,0.9690538024902344
Chennai,13.0827,80.2707,2000-06-29,2000-07-06 09:00:00,174,174,177,0.5,0.2319999999999999,0.3,0.0,0.5,0.5,0.8416175842285156,-0.3416175842285156,-0.6096175842285158,0.3416175842285156,0.6096175842285158
Chennai,13.0827,80.2707,2000-06-29,2000-07-06 15:00:00,180,180,183,0.0,0.2,0.0,0.0,0.8,0.8,0.034332275390625,-0.034332275390625,0.165667724609375,0.034332275390625,0.165667724609375
Chennai,13.0827,80.2707,2000-06-29,2000-07-06 21:00:00,186,186,189,0.0,0.0,0.0,0.0,0.0,0.0,0.2651214599609375,-0.2651214599609375,-0.2651214599609375,0.2651214599609375,0.2651214599609375
Chennai,13.0827,80.2707,2000-06-29,2000-07-07 03:00:00,192,192,195,0.0,0.0,0.0,0.0,0.0,0.0,0.0,0.0,0.0,0.0,0.0
Chennai,13.0827,80.2707,2000-06-29,2000-07-07 09:00:00,198,198,201,0.1,0.02,0.0,0.0,0.1,0.1,0.0433921813964843,0.05660781860351571,-0.023392181396484298,0.05660781860351571,0.023392181396484298
Chennai,13.0827,80.2707,2000-06-29,2000-07-07 15:00:00,204,204,207,0.25,0.15,0.0,0.0,0.5,0.5,0.0185966491699218,0.2314033508300782,0.1314033508300782,0.2314033508300782,0.1314033508300782
Chennai,13.0827,80.2707,2000-06-29,2000-07-07 21:00:00,210,210,213,0.0,0.04,0.0,0.0,0.1,0.1,0.0,0.0,0.04,0.0,0.04
Chennai,13.0827,80.2707,2000-06-29,2000-07-08 03:00:00,216,216,219,0.0,0.02,0.0,0.0,0.1,0.1,0.0,0.0,0.02,0.0,0.02
Chennai,13.0827,80.2707,2000-06-29,2000-07-08 09:00:00,222,222,225,0.0,0.12,0.0,0.0,0.6000000000000001,0.6000000000000001,0.0948905944824218,-0.0948905944824218,0.02510940551757819,0.0948905944824218,0.02510940551757819
Chennai,13.0827,80.2707,2000-06-29,2000-07-08 15:00:00,228,228,231,0.0,0.24,0.0,0.0,1.2000000000000002,1.2000000000000002,0.0977516174316406,-0.0977516174316406,0.1422483825683594,0.0977516174316406,0.1422483825683594
Chennai,13.0827,80.2707,2000-06-29,2000-07-08 21:00:00,234,234,237,0.0,0.314,0.17,0.0,1.0,1.0,0.0,0.0,0.314,0.0,0.314
Chennai,13.0827,80.2707,2000-07-17,2000-07-17 03:00:00,0,0,3,0.0,0.0,0.0,0.0,0.0,0.0,0.0,0.0,0.0,0.0,0.0
Chennai,13.0827,80.2707,2000-07-17,2000-07-17 09:00:00,6,6,9,0.0,0.0,0.0,0.0,0.0,0.0,0.0,0.0,0.0,0.0,0.0
Chennai,13.0827,80.2707,2000-07-17,2000-07-17 15:00:00,12,12,15,0.45,0.262,0.0,0.0,0.86,0.86,0.2222061157226562,0.22779388427734382,0.039793884277343816,0.22779388427734382,0.039793884277343816
Chennai,13.0827,80.2707,2000-07-17,2000-07-17 21:00:00,18,18,21,0.0,0.0,0.0,0.0,0.0,0.0,0.0,0.0,0.0,0.0,0.0
Chennai,13.0827,80.2707,2000-07-17,2000-07-18 03:00:00,24,24,27,0.0,0.0,0.0,0.0,0.0,0.0,0.0,0.0,0.0,0.0,0.0
Chennai,13.0827,80.2707,2000-07-17,2000-07-18 09:00:00,30,30,33,0.0,0.0,0.0,0.0,0.0,0.0,0.0,0.0,0.0,0.0,0.0
Chennai,13.0827,80.2707,2000-07-17,2000-07-18 15:00:00,36,36,39,0.0,0.0699999999999999,0.0,0.0,0.35,0.35,0.0,0.0,0.0699999999999999,0.0,0.0699999999999999
Chennai,13.0827,80.2707,2000-07-17,2000-07-18 21:00:00,42,42,45,0.0,0.052,0.0,0.0,0.26,0.26,0.0,0.0,0.052,0.0,0.052
Chennai,13.0827,80.2707,2000-07-17,2000-07-19 03:00:00,48,48,51,0.0,0.0,0.0,0.0,0.0,0.0,0.0,0.0,0.0,0.0,0.0
Chennai,13.0827,80.2707,2000-07-17,2000-07-19 09:00:00,54,54,57,0.0,0.0,0.0,0.0,0.0,0.0,0.0,0.0,0.0,0.0,0.0
Chennai,13.0827,80.2707,2000-07-17,2000-07-19 15:00:00,60,60,63,0.0,0.006,0.0,0.0,0.03,0.03,0.0391006469726562,-0.0391006469726562,-0.0331006469726562,0.0391006469726562,0.0331006469726562
Chennai,13.0827,80.2707,2000-07-17,2000-07-19 21:00:00,66,66,69,0.25,0.092,0.01,0.0,0.25,0.25,0.0,0.25,0.092,0.25,0.092
Chennai,13.0827,80.2707,2000-07-17,2000-07-20 03:00:00,72,72,75,0.0,0.0,0.0,0.0,0.0,0.0,0.0,0.0,0.0,0.0,0.0
Chennai,13.0827,80.2707,2000-07-17,2000-07-20 09:00:00,78,78,81,0.0,0.0,0.0,0.0,0.0,0.0,0.0014305114746093,-0.0014305114746093,-0.0014305114746093,0.0014305114746093,0.0014305114746093
Chennai,13.0827,80.2707,2000-07-17,2000-07-20 15:00:00,84,84,87,0.0,0.4,0.1,0.0,1.5,1.5,0.0,0.0,0.4,0.0,0.4
Chennai,13.0827,80.2707,2000-07-17,2000-07-20 21:00:00,90,90,93,0.0,7.494,0.3,0.0,21.0,21.0,0.0,0.0,7.494,0.0,7.494
Chennai,13.0827,80.2707,2000-07-17,2000-07-21 03:00:00,96,96,99,0.67,1.848,0.0,0.0,8.57,8.57,0.1821517944335937,0.48784820556640635,1.6658482055664063,0.48784820556640635,1.6658482055664063
Chennai,13.0827,80.2707,2000-07-17,2000-07-21 09:00:00,102,102,105,1.79,0.5980000000000001,0.0,0.0,1.79,1.79,0.0028610229492187,1.7871389770507813,0.5951389770507813,1.7871389770507813,0.5951389770507813
Chennai,13.0827,80.2707,2000-07-17,2000-07-21 15:00:00,108,108,111,0.0,1.24,0.0,0.0,6.2,6.2,0.0,0.0,1.24,0.0,1.24
Chennai,13.0827,80.2707,2000-07-17,2000-07-21 21:00:00,114,114,117,0.1,0.072,0.1,0.0,0.16,0.16,0.0,0.1,0.072,0.1,0.072
Chennai,13.0827,80.2707,2000-07-17,2000-07-22 03:00:00,120,120,123,0.01,0.4679999999999999,0.03,0.0,1.3,1.3,0.2737045288085937,-0.2637045288085937,0.19429547119140622,0.2637045288085937,0.19429547119140622
Chennai,13.0827,80.2707,2000-07-17,2000-07-22 09:00:00,126,126,129,0.01,0.002,0.0,0.0,0.01,0.01,0.00762939453125,0.00237060546875,-0.00562939453125,0.00237060546875,0.00562939453125
Chennai,13.0827,80.2707,2000-07-17,2000-07-22 15:00:00,132,132,135,3.02,0.604,0.0,0.0,3.02,3.02,0.0042915344238281,3.015708465576172,0.5997084655761719,3.015708465576172,0.5997084655761719
Chennai,13.0827,80.2707,2000-07-17,2000-07-22 21:00:00,138,138,141,2.19,0.442,0.0,0.0,2.19,2.19,0.0,2.19,0.442,2.19,0.442
Chennai,13.0827,80.2707,2000-07-17,2000-07-23 03:00:00,144,144,147,1.96,0.412,0.0,0.0,1.96,1.96,0.0,1.96,0.412,1.96,0.412
Chennai,13.0827,80.2707,2000-07-17,2000-07-23 09:00:00,150,150,153,0.0,0.062,0.0,0.0,0.3,0.3,0.0,0.0,0.062,0.0,0.062
Chennai,13.0827,80.2707,2000-07-17,2000-07-23 15:00:00,156,156,159,0.0,0.04,0.0,0.0,0.2,0.2,0.3376007080078125,-0.3376007080078125,-0.2976007080078125,0.3376007080078125,0.2976007080078125
Chennai,13.0827,80.2707,2000-07-17,2000-07-23 21:00:00,162,162,165,0.01,0.192,0.2,0.01,0.4,0.39,0.1068115234375,-0.0968115234375,0.0851884765625,0.0968115234375,0.0851884765625
Chennai,13.0827,80.2707,2000-07-17,2000-07-24 03:00:00,168,168,171,0.0,0.422,0.0,0.0,2.0,2.0,0.0033378601074218,-0.0033378601074218,0.41866213989257817,0.0033378601074218,0.41866213989257817
Chennai,13.0827,80.2707,2000-07-17,2000-07-24 09:00:00,174,174,177,0.0,0.0,0.0,0.0,0.0,0.0,0.0042915344238281,-0.0042915344238281,-0.0042915344238281,0.0042915344238281,0.0042915344238281
Chennai,13.0827,80.2707,2000-07-17,2000-07-24 15:00:00,180,180,183,0.85,0.1699999999999999,0.0,0.0,0.85,0.85,0.0,0.85,0.1699999999999999,0.85,0.1699999999999999
Chennai,13.0827,80.2707,2000-07-17,2000-07-24 21:00:00,186,186,189,0.0,1.114,0.87,0.0,3.4000000000000004,3.4000000000000004,0.0095367431640625,-0.0095367431640625,1.1044632568359376,0.0095367431640625,1.1044632568359376
Chennai,13.0827,80.2707,2000-07-17,2000-07-25 03:00:00,192,192,195,0.0,0.24,0.0,0.0,1.2000000000000002,1.2000000000000002,0.026702880859375,-0.026702880859375,0.213297119140625,0.026702880859375,0.213297119140625
Chennai,13.0827,80.2707,2000-07-17,2000-07-25 09:00:00,198,198,201,0.0,0.026,0.0,0.0,0.13,0.13,0.0171661376953125,-0.0171661376953125,0.008833862304687499,0.0171661376953125,0.008833862304687499
Chennai,13.0827,80.2707,2000-07-17,2000-07-25 15:00:00,204,204,207,0.01,0.002,0.0,0.0,0.01,0.01,0.0,0.01,0.002,0.01,0.002
Chennai,13.0827,80.2707,2000-07-17,2000-07-25 21:00:00,210,210,213,0.5,0.432,0.26,0.0,1.4,1.4,0.0047683715820312,0.4952316284179688,0.4272316284179688,0.4952316284179688,0.4272316284179688
Chennai,13.0827,80.2707,2000-07-17,2000-07-26 03:00:00,216,216,219,0.0,0.7,0.0,0.0,3.5,3.5,0.0,0.0,0.7,0.0,0.7
Chennai,13.0827,80.2707,2000-07-17,2000-07-26 09:00:00,222,222,225,0.0,0.0,0.0,0.0,0.0,0.0,0.0,0.0,0.0,0.0,0.0
Chennai,13.0827,80.2707,2000-07-17,2000-07-26 15:00:00,228,228,231,0.1,0.02,0.0,0.0,0.1,0.1,0.0,0.1,0.02,0.1,0.02
Chennai,13.0827,80.2707,2000-07-17,2000-07-26 21:00:00,234,234,237,0.0,0.39,0.05,0.0,1.4,1.4,0.0,0.0,0.39,0.0,0.39
Chennai,13.0827,80.2707,2000-08-04,2000-08-04 03:00:00,0,0,3,0.0,0.0,0.0,0.0,0.0,0.0,0.0391006469726562,-0.0391006469726562,-0.0391006469726562,0.0391006469726562,0.0391006469726562
Chennai,13.0827,80.2707,2000-08-04,2000-08-04 09:00:00,6,6,9,0.0,0.0,0.0,0.0,0.0,0.0,0.011444091796875,-0.011444091796875,-0.011444091796875,0.011444091796875,0.011444091796875
Chennai,13.0827,80.2707,2000-08-04,2000-08-04 15:00:00,12,12,15,0.0,0.0,0.0,0.0,0.0,0.0,0.0,0.0,0.0,0.0,0.0
Chennai,13.0827,80.2707,2000-08-04,2000-08-04 21:00:00,18,18,21,0.8,0.2799999999999999,0.3,0.0,0.8,0.8,0.0782012939453125,0.7217987060546875,0.20179870605468742,0.7217987060546875,0.20179870605468742
Chennai,13.0827,80.2707,2000-08-04,2000-08-05 03:00:00,24,24,27,0.0,0.0,0.0,0.0,0.0,0.0,0.0004768371582031,-0.0004768371582031,-0.0004768371582031,0.0004768371582031,0.0004768371582031
Chennai,13.0827,80.2707,2000-08-04,2000-08-05 09:00:00,30,30,33,0.0,0.0,0.0,0.0,0.0,0.0,0.1478195190429687,-0.1478195190429687,-0.1478195190429687,0.1478195190429687,0.1478195190429687
Chennai,13.0827,80.2707,2000-08-04,2000-08-05 15:00:00,36,36,39,0.0,0.0,0.0,0.0,0.0,0.0,0.0066757202148437,-0.0066757202148437,-0.0066757202148437,0.0066757202148437,0.0066757202148437
Chennai,13.0827,80.2707,2000-08-04,2000-08-05 21:00:00,42,42,45,2.6,1.24,0.4,0.0,2.9000000000000004,2.9000000000000004,0.0033378601074218,2.596662139892578,1.2366621398925781,2.596662139892578,1.2366621398925781
Chennai,13.0827,80.2707,2000-08-04,2000-08-06 03:00:00,48,48,51,0.52,0.144,0.0,0.0,0.52,0.52,0.0,0.52,0.144,0.52,0.144
Chennai,13.0827,80.2707,2000-08-04,2000-08-06 09:00:00,54,54,57,0.0,0.1,0.0,0.0,0.5,0.5,0.0510215759277343,-0.0510215759277343,0.04897842407226571,0.0510215759277343,0.04897842407226571
Chennai,13.0827,80.2707,2000-08-04,2000-08-06 15:00:00,60,60,63,4.34,2.88,4.2,0.0,5.1000000000000005,5.1000000000000005,0.0028610229492187,4.337138977050781,2.877138977050781,4.337138977050781,2.877138977050781
Chennai,13.0827,80.2707,2000-08-04,2000-08-06 21:00:00,66,66,69,20.15,4.81,1.5,0.0,20.15,20.15,0.4596710205078125,19.690328979492186,4.350328979492187,19.690328979492186,4.350328979492187
Chennai,13.0827,80.2707,2000-08-04,2000-08-07 03:00:00,72,72,75,0.21,0.162,0.0,0.0,0.6000000000000001,0.6000000000000001,0.0004768371582031,0.2095231628417969,0.1615231628417969,0.2095231628417969,0.1615231628417969
Chennai,13.0827,80.2707,2000-08-04,2000-08-07 09:00:00,78,78,81,0.09,0.592,0.07,0.0,2.8000000000000003,2.8000000000000003,0.0233650207519531,0.0666349792480469,0.5686349792480468,0.0666349792480469,0.5686349792480468
Chennai,13.0827,80.2707,2000-08-04,2000-08-07 15:00:00,84,84,87,2.19,1.102,0.3,0.0,3.02,3.02,5.9680938720703125,-3.7780938720703126,-4.866093872070312,3.7780938720703126,4.866093872070312
Chennai,13.0827,80.2707,2000-08-04,2000-08-07 21:00:00,90,90,93,0.0,0.404,0.01,0.0,2.0,2.0,0.0,0.0,0.404,0.0,0.404
Chennai,13.0827,80.2707,2000-08-04,2000-08-08 03:00:00,96,96,99,0.0,0.06,0.0,0.0,0.2,0.2,0.0,0.0,0.06,0.0,0.06
Chennai,13.0827,80.2707,2000-08-04,2000-08-08 09:00:00,102,102,105,0.0,0.04,0.0,0.0,0.2,0.2,0.0119209289550781,-0.0119209289550781,0.0280790710449219,0.0119209289550781,0.0280790710449219
Chennai,13.0827,80.2707,2000-08-04,2000-08-08 15:00:00,108,108,111,0.05,1.6900000000000002,0.05,0.0,7.4,7.4,0.3404617309570312,-0.2904617309570312,1.349538269042969,0.2904617309570312,1.349538269042969
Chennai,13.0827,80.2707,2000-08-04,2000-08-08 21:00:00,114,114,117,0.2,0.68,0.0,0.0,3.2,3.2,0.0,0.2,0.68,0.2,0.68
Chennai,13.0827,80.2707,2000-08-04,2000-08-09 03:00:00,120,120,123,0.0,0.12,0.0,0.0,0.4,0.4,0.0057220458984375,-0.0057220458984375,0.1142779541015625,0.0057220458984375,0.1142779541015625
Chennai,13.0827,80.2707,2000-08-04,2000-08-09 09:00:00,126,126,129,0.0,0.0,0.0,0.0,0.0,0.0,0.1015663146972656,-0.1015663146972656,-0.1015663146972656,0.1015663146972656,0.1015663146972656
Chennai,13.0827,80.2707,2000-08-04,2000-08-09 15:00:00,132,132,135,0.5,0.1,0.0,0.0,0.5,0.5,0.0023841857910156,0.4976158142089844,0.09761581420898441,0.4976158142089844,0.09761581420898441
Chennai,13.0827,80.2707,2000-08-04,2000-08-09 21:00:00,138,138,141,0.0,0.06,0.0,0.0,0.3,0.3,0.0443458557128906,-0.0443458557128906,0.0156541442871094,0.0443458557128906,0.0156541442871094
Chennai,13.0827,80.2707,2000-08-04,2000-08-10 03:00:00,144,144,147,0.0,0.02,0.0,0.0,0.1,0.1,0.0,0.0,0.02,0.0,0.02
Chennai,13.0827,80.2707,2000-08-04,2000-08-10 09:00:00,150,150,153,1.6,0.36,0.0,0.0,1.6,1.6,0.0233650207519531,1.576634979248047,0.33663497924804686,1.576634979248047,0.33663497924804686
Chennai,13.0827,80.2707,2000-08-04,2000-08-10 15:00:00,156,156,159,0.1,0.8600000000000001,0.1,0.0,2.1,2.1,0.3833770751953125,-0.2833770751953125,0.4766229248046876,0.2833770751953125,0.4766229248046876
Chennai,13.0827,80.2707,2000-08-04,2000-08-10 21:00:00,162,162,165,0.0,0.006,0.0,0.0,0.03,0.03,0.0,0.0,0.006,0.0,0.006
Chennai,13.0827,80.2707,2000-08-04,2000-08-11 03:00:00,168,168,171,0.0,0.0,0.0,0.0,0.0,0.0,0.0,0.0,0.0,0.0,0.0
Chennai,13.0827,80.2707,2000-08-04,2000-08-11 09:00:00,174,174,177,0.0,0.0,0.0,0.0,0.0,0.0,0.0,0.0,0.0,0.0,0.0
Chennai,13.0827,80.2707,2000-08-04,2000-08-11 15:00:00,180,180,183,0.01,0.262,0.01,0.0,1.0,1.0,0.0619888305664062,-0.0519888305664062,0.20001116943359382,0.0519888305664062,0.20001116943359382
Chennai,13.0827,80.2707,2000-08-04,2000-08-11 21:00:00,186,186,189,0.0,0.18,0.0,0.0,0.8,0.8,0.0,0.0,0.18,0.0,0.18
Chennai,13.0827,80.2707,2000-08-04,2000-08-12 03:00:00,192,192,195,0.0,0.18,0.0,0.0,0.9,0.9,0.0,0.0,0.18,0.0,0.18
Chennai,13.0827,80.2707,2000-08-04,2000-08-12 09:00:00,198,198,201,0.0,0.38,0.0,0.0,1.8,1.8,0.0004768371582031,-0.0004768371582031,0.3795231628417969,0.0004768371582031,0.3795231628417969
Chennai,13.0827,80.2707,2000-08-04,2000-08-12 15:00:00,204,204,207,0.0,0.0,0.0,0.0,0.0,0.0,0.0,0.0,0.0,0.0,0.0
Chennai,13.0827,80.2707,2000-08-04,2000-08-12 21:00:00,210,210,213,1.11,0.852,0.75,0.0,2.4,2.4,0.00762939453125,1.10237060546875,0.84437060546875,1.10237060546875,0.84437060546875
Chennai,13.0827,80.2707,2000-08-04,2000-08-13 03:00:00,216,216,219,0.9,0.3,0.0,0.0,0.9,0.9,0.0,0.9,0.3,0.9,0.3
Chennai,13.0827,80.2707,2000-08-04,2000-08-13 09:00:00,222,222,225,0.0,0.0,0.0,0.0,0.0,0.0,0.0619888305664062,-0.0619888305664062,-0.0619888305664062,0.0619888305664062,0.0619888305664062
Chennai,13.0827,80.2707,2000-08-04,2000-08-13 15:00:00,228,228,231,0.0,0.122,0.0,0.0,0.6000000000000001,0.6000000000000001,0.0,0.0,0.122,0.0,0.122
Chennai,13.0827,80.2707,2000-08-04,2000-08-13 21:00:00,234,234,237,0.01,0.486,0.62,0.01,1.0,0.99,7.595539093017578,-7.585539093017578,-7.109539093017578,7.585539093017578,7.109539093017578
Chennai,13.0827,80.2707,2000-08-22,2000-08-22 03:00:00,0,0,3,0.0,0.0,0.0,0.0,0.0,0.0,1.2521743774414062,-1.2521743774414062,-1.2521743774414062,1.2521743774414062,1.2521743774414062
Chennai,13.0827,80.2707,2000-08-22,2000-08-22 09:00:00,6,6,9,0.9,0.34,0.2,0.0,0.9,0.9,0.4925727844238281,0.4074272155761719,-0.1525727844238281,0.4074272155761719,0.1525727844238281
Chennai,13.0827,80.2707,2000-08-22,2000-08-22 15:00:00,12,12,15,1.3,0.42,0.2,0.0,1.3,1.3,0.4305839538574219,0.8694160461425782,-0.01058395385742189,0.8694160461425782,0.01058395385742189
Chennai,13.0827,80.2707,2000-08-22,2000-08-22 21:00:00,18,18,21,0.01,1.036,0.1,0.0,4.9,4.9,0.0762939453125,-0.0662939453125,0.9597060546875,0.0662939453125,0.9597060546875
Chennai,13.0827,80.2707,2000-08-22,2000-08-23 03:00:00,24,24,27,0.0,0.596,0.0,0.0,2.5,2.5,0.0042915344238281,-0.0042915344238281,0.5917084655761718,0.0042915344238281,0.5917084655761718
Chennai,13.0827,80.2707,2000-08-22,2000-08-23 09:00:00,30,30,33,0.0,0.018,0.0,0.0,0.09,0.09,0.0853538513183593,-0.0853538513183593,-0.0673538513183593,0.0853538513183593,0.0673538513183593
Chennai,13.0827,80.2707,2000-08-22,2000-08-23 15:00:00,36,36,39,0.0,0.0,0.0,0.0,0.0,0.0,0.0,0.0,0.0,0.0,0.0
Chennai,13.0827,80.2707,2000-08-22,2000-08-23 21:00:00,42,42,45,1.43,0.548,0.51,0.0,1.43,1.43,0.0042915344238281,1.4257084655761718,0.5437084655761719,1.4257084655761718,0.5437084655761719
Chennai,13.0827,80.2707,2000-08-22,2000-08-24 03:00:00,48,48,51,0.02,0.16,0.02,0.0,0.6000000000000001,0.6000000000000001,0.7524490356445312,-0.7324490356445312,-0.5924490356445312,0.7324490356445312,0.5924490356445312
Chennai,13.0827,80.2707,2000-08-22,2000-08-24 09:00:00,54,54,57,0.0,0.004,0.0,0.0,0.02,0.02,0.0958442687988281,-0.0958442687988281,-0.0918442687988281,0.0958442687988281,0.0918442687988281
Chennai,13.0827,80.2707,2000-08-22,2000-08-24 15:00:00,60,60,63,0.08,0.736,0.08,0.0,3.0,3.0,1.7175674438476562,-1.6375674438476562,-0.9815674438476563,1.6375674438476562,0.9815674438476563
Chennai,13.0827,80.2707,2000-08-22,2000-08-24 21:00:00,66,66,69,0.02,0.51,0.33,0.0,1.2000000000000002,1.2000000000000002,0.0,0.02,0.51,0.02,0.51
Chennai,13.0827,80.2707,2000-08-22,2000-08-25 03:00:00,72,72,75,0.0,0.0,0.0,0.0,0.0,0.0,0.0,0.0,0.0,0.0,0.0
Chennai,13.0827,80.2707,2000-08-22,2000-08-25 09:00:00,78,78,81,0.0,0.1,0.0,0.0,0.4,0.4,0.0,0.0,0.1,0.0,0.1
Chennai,13.0827,80.2707,2000-08-22,2000-08-25 15:00:00,84,84,87,1.3,0.52,0.5,0.0,1.3,1.3,0.6132125854492188,0.6867874145507813,-0.09321258544921873,0.6867874145507813,0.09321258544921873
Chennai,13.0827,80.2707,2000-08-22,2000-08-25 21:00:00,90,90,93,0.0,0.0,0.0,0.0,0.0,0.0,0.0009536743164062,-0.0009536743164062,-0.0009536743164062,0.0009536743164062,0.0009536743164062
Chennai,13.0827,80.2707,2000-08-22,2000-08-26 03:00:00,96,96,99,0.0,0.08,0.0,0.0,0.4,0.4,0.1187324523925781,-0.1187324523925781,-0.038732452392578096,0.1187324523925781,0.038732452392578096
Chennai,13.0827,80.2707,2000-08-22,2000-08-26 09:00:00,102,102,105,0.0,0.0199999999999999,0.0,0.0,0.09,0.09,0.0,0.0,0.0199999999999999,0.0,0.0199999999999999
Chennai,13.0827,80.2707,2000-08-22,2000-08-26 15:00:00,108,108,111,2.19,1.7920000000000005,1.23,0.54,4.0,3.46,0.0019073486328125,2.1880926513671874,1.790092651367188,2.1880926513671874,1.790092651367188
Chennai,13.0827,80.2707,2000-08-22,2000-08-26 21:00:00,114,114,117,0.0,0.514,0.2,0.0,1.98,1.98,0.0,0.0,0.514,0.0,0.514
Chennai,13.0827,80.2707,2000-08-22,2000-08-27 03:00:00,120,120,123,0.0,0.08,0.0,0.0,0.4,0.4,0.0,0.0,0.08,0.0,0.08
Chennai,13.0827,80.2707,2000-08-22,2000-08-27 09:00:00,126,126,129,0.0,0.24,0.0,0.0,1.2,1.2,0.0,0.0,0.24,0.0,0.24
Chennai,13.0827,80.2707,2000-08-22,2000-08-27 15:00:00,132,132,135,0.44,0.9200000000000002,0.44,0.0,3.2,3.2,0.0,0.44,0.9200000000000002,0.44,0.9200000000000002
Chennai,13.0827,80.2707,2000-08-22,2000-08-27 21:00:00,138,138,141,1.47,0.818,0.11,0.0,2.51,2.51,0.0,1.47,0.818,1.47,0.818
Chennai,13.0827,80.2707,2000-08-22,2000-08-28 03:00:00,144,144,147,0.0,0.0,0.0,0.0,0.0,0.0,0.0,0.0,0.0,0.0,0.0
Chennai,13.0827,80.2707,2000-08-22,2000-08-28 09:00:00,150,150,153,0.0,0.0,0.0,0.0,0.0,0.0,0.0333786010742187,-0.0333786010742187,-0.0333786010742187,0.0333786010742187,0.0333786010742187
Chennai,13.0827,80.2707,2000-08-22,2000-08-28 15:00:00,156,156,159,0.8,0.8380000000000001,0.8,0.5,1.49,0.99,2.3040771484375,-1.5040771484375,-1.4660771484375,1.5040771484375,1.4660771484375
Chennai,13.0827,80.2707,2000-08-22,2000-08-28 21:00:00,162,162,165,0.0,1.0420000000000005,0.01,0.0,5.1000000000000005,5.1000000000000005,0.0,0.0,1.0420000000000005,0.0,1.0420000000000005
Chennai,13.0827,80.2707,2000-08-22,2000-08-29 03:00:00,168,168,171,0.0,0.0,0.0,0.0,0.0,0.0,0.0,0.0,0.0,0.0,0.0
Chennai,13.0827,80.2707,2000-08-22,2000-08-29 09:00:00,174,174,177,0.7000000000000001,0.42,0.3,0.0,1.0,1.0,0.0772476196289062,0.6227523803710939,0.3427523803710938,0.6227523803710939,0.3427523803710938
Chennai,13.0827,80.2707,2000-08-22,2000-08-29 15:00:00,180,180,183,0.0,1.2,0.43,0.0,4.2700000000000005,4.2700000000000005,0.8306503295898438,-0.8306503295898438,0.3693496704101562,0.8306503295898438,0.3693496704101562
Chennai,13.0827,80.2707,2000-08-22,2000-08-29 21:00:00,186,186,189,0.7000000000000001,0.36,0.3,0.0,0.8,0.8,0.0,0.7000000000000001,0.36,0.7000000000000001,0.36
Chennai,13.0827,80.2707,2000-08-22,2000-08-30 03:00:00,192,192,195,0.0,0.02,0.0,0.0,0.1,0.1,0.0,0.0,0.02,0.0,0.02
Chennai,13.0827,80.2707,2000-08-22,2000-08-30 09:00:00,198,198,201,0.0,0.06,0.0,0.0,0.3,0.3,0.0,0.0,0.06,0.0,0.06
Chennai,13.0827,80.2707,2000-08-22,2000-08-30 15:00:00,204,204,207,0.0,0.76,0.1,0.0,2.0,2.0,0.0123977661132812,-0.0123977661132812,0.7476022338867188,0.0123977661132812,0.7476022338867188
Chennai,13.0827,80.2707,2000-08-22,2000-08-30 21:00:00,210,210,213,0.0,0.28,0.0,0.0,1.3,1.3,0.003814697265625,-0.003814697265625,0.276185302734375,0.003814697265625,0.276185302734375
Chennai,13.0827,80.2707,2000-08-22,2000-08-31 03:00:00,216,216,219,0.0,0.22,0.0,0.0,0.7000000000000001,0.7000000000000001,0.0,0.0,0.22,0.0,0.22
Chennai,13.0827,80.2707,2000-08-22,2000-08-31 09:00:00,222,222,225,0.0,1.732,0.05,0.0,8.11,8.11,0.0033378601074218,-0.0033378601074218,1.728662139892578,0.0033378601074218,1.728662139892578
Chennai,13.0827,80.2707,2000-08-22,2000-08-31 15:00:00,228,228,231,1.5,1.516,0.1,0.0,5.9,5.9,0.0,1.5,1.516,1.5,1.516
Chennai,13.0827,80.2707,2000-08-22,2000-08-31 21:00:00,234,234,237,0.0,0.68,0.0,0.0,3.3000000000000003,3.3000000000000003,0.0,0.0,0.68,0.0,0.68
Chennai,13.0827,80.2707,2000-09-09,2000-09-09 03:00:00,0,0,3,0.8,0.8,0.8,0.8,0.8,0.0,0.0,0.8,0.8,0.8,0.8
Chennai,13.0827,80.2707,2000-09-09,2000-09-09 09:00:00,6,6,9,0.0,0.16,0.0,0.0,0.8,0.8,0.0004768371582031,-0.0004768371582031,0.1595231628417969,0.0004768371582031,0.1595231628417969
Chennai,13.0827,80.2707,2000-09-09,2000-09-09 15:00:00,12,12,15,0.37,0.154,0.0,0.0,0.4,0.4,0.0,0.37,0.154,0.37,0.154
Chennai,13.0827,80.2707,2000-09-09,2000-09-09 21:00:00,18,18,21,0.01,0.882,0.0,0.0,4.4,4.4,0.0166893005371093,-0.0066893005371092985,0.8653106994628907,0.0066893005371092985,0.8653106994628907
Chennai,13.0827,80.2707,2000-09-09,2000-09-10 03:00:00,24,24,27,0.0,0.4,0.0,0.0,2.0,2.0,0.0,0.0,0.4,0.0,0.4
Chennai,13.0827,80.2707,2000-09-09,2000-09-10 09:00:00,30,30,33,0.0,0.0,0.0,0.0,0.0,0.0,0.0,0.0,0.0,0.0,0.0
Chennai,13.0827,80.2707,2000-09-09,2000-09-10 15:00:00,36,36,39,0.0,0.04,0.0,0.0,0.1,0.1,0.1177787780761718,-0.1177787780761718,-0.07777877807617181,0.1177787780761718,0.07777877807617181
Chennai,13.0827,80.2707,2000-09-09,2000-09-10 21:00:00,42,42,45,1.0,2.56,1.0,0.0,9.0,9.0,0.0014305114746093,0.9985694885253907,2.5585694885253907,0.9985694885253907,2.5585694885253907
Chennai,13.0827,80.2707,2000-09-09,2000-09-11 03:00:00,48,48,51,0.0,0.16,0.0,0.0,0.7000000000000001,0.7000000000000001,0.0,0.0,0.16,0.0,0.16
Chennai,13.0827,80.2707,2000-09-09,2000-09-11 09:00:00,54,54,57,0.0,0.0,0.0,0.0,0.0,0.0,0.0,0.0,0.0,0.0,0.0
Chennai,13.0827,80.2707,2000-09-09,2000-09-11 15:00:00,60,60,63,0.0,0.27,0.1,0.0,1.0,1.0,0.4639625549316406,-0.4639625549316406,-0.1939625549316406,0.4639625549316406,0.1939625549316406
Chennai,13.0827,80.2707,2000-09-09,2000-09-11 21:00:00,66,66,69,0.18,1.336,0.2,0.1,5.0,4.9,0.0095367431640625,0.1704632568359375,1.3264632568359376,0.1704632568359375,1.3264632568359376
Chennai,13.0827,80.2707,2000-09-09,2000-09-12 03:00:00,72,72,75,0.0,0.408,0.0,0.0,1.9,1.9,0.0,0.0,0.408,0.0,0.408
Chennai,13.0827,80.2707,2000-09-09,2000-09-12 09:00:00,78,78,81,0.25,0.05,0.0,0.0,0.25,0.25,0.0224113464355468,0.2275886535644532,0.027588653564453204,0.2275886535644532,0.027588653564453204
Chennai,13.0827,80.2707,2000-09-09,2000-09-12 15:00:00,84,84,87,1.25,0.43,0.2,0.1,1.25,1.15,0.0448226928710937,1.2051773071289062,0.3851773071289063,1.2051773071289062,0.3851773071289063
Chennai,13.0827,80.2707,2000-09-09,2000-09-12 21:00:00,90,90,93,1.84,2.444,1.84,0.01,7.800000000000001,7.790000000000001,0.0,1.84,2.444,1.84,2.444
Chennai,13.0827,80.2707,2000-09-09,2000-09-13 03:00:00,96,96,99,0.0,0.114,0.0,0.0,0.5700000000000001,0.5700000000000001,0.0,0.0,0.114,0.0,0.114
Chennai,13.0827,80.2707,2000-09-09,2000-09-13 09:00:00,102,102,105,0.0,0.22,0.0,0.0,0.6000000000000001,0.6000000000000001,0.0085830688476562,-0.0085830688476562,0.2114169311523438,0.0085830688476562,0.2114169311523438
Chennai,13.0827,80.2707,2000-09-09,2000-09-13 15:00:00,108,108,111,0.5,0.1,0.0,0.0,0.5,0.5,0.0,0.5,0.1,0.5,0.1
Chennai,13.0827,80.2707,2000-09-09,2000-09-13 21:00:00,114,114,117,0.5,0.8959999999999999,0.5,0.0,3.28,3.28,0.0066757202148437,0.4933242797851563,0.8893242797851562,0.4933242797851563,0.8893242797851562
Chennai,13.0827,80.2707,2000-09-09,2000-09-14 03:00:00,120,120,123,1.1,0.782,0.6000000000000001,0.0,2.2,2.2,0.0066757202148437,1.0933242797851563,0.7753242797851563,1.0933242797851563,0.7753242797851563
Chennai,13.0827,80.2707,2000-09-09,2000-09-14 09:00:00,126,126,129,0.0,0.1,0.0,0.0,0.5,0.5,0.0014305114746093,-0.0014305114746093,0.0985694885253907,0.0014305114746093,0.0985694885253907
Chennai,13.0827,80.2707,2000-09-09,2000-09-14 15:00:00,132,132,135,1.5,0.48,0.3,0.0,1.5,1.5,0.0,1.5,0.48,1.5,0.48
Chennai,13.0827,80.2707,2000-09-09,2000-09-14 21:00:00,138,138,141,0.65,1.848,1.39,0.4,3.8,3.4,0.0,0.65,1.848,0.65,1.848
Chennai,13.0827,80.2707,2000-09-09,2000-09-15 03:00:00,144,144,147,0.05,0.13,0.0,0.0,0.6000000000000001,0.6000000000000001,0.0,0.05,0.13,0.05,0.13
Chennai,13.0827,80.2707,2000-09-09,2000-09-15 09:00:00,150,150,153,0.0,0.002,0.0,0.0,0.01,0.01,0.0171661376953125,-0.0171661376953125,-0.0151661376953125,0.0171661376953125,0.0151661376953125
Chennai,13.0827,80.2707,2000-09-09,2000-09-15 15:00:00,156,156,159,0.41,0.362,0.0,0.0,1.4,1.4,0.0,0.41,0.362,0.41,0.362
Chennai,13.0827,80.2707,2000-09-09,2000-09-15 21:00:00,162,162,165,0.5,0.4800000000000001,0.5,0.0,1.1,1.1,0.7829666137695312,-0.28296661376953125,-0.30296661376953116,0.28296661376953125,0.30296661376953116
Chennai,13.0827,80.2707,2000-09-09,2000-09-16 03:00:00,168,168,171,0.0,0.0,0.0,0.0,0.0,0.0,0.0,0.0,0.0,0.0,0.0
Chennai,13.0827,80.2707,2000-09-09,2000-09-16 09:00:00,174,174,177,0.0,0.02,0.0,0.0,0.1,0.1,0.2450942993164062,-0.2450942993164062,-0.2250942993164062,0.2450942993164062,0.2250942993164062
Chennai,13.0827,80.2707,2000-09-09,2000-09-16 15:00:00,180,180,183,0.05,0.192,0.05,0.0,0.51,0.51,0.1816749572753906,-0.13167495727539058,0.010325042724609407,0.13167495727539058,0.010325042724609407
Chennai,13.0827,80.2707,2000-09-09,2000-09-16 21:00:00,186,186,189,2.3000000000000003,1.6200000000000003,0.5,0.0,5.300000000000001,5.300000000000001,6.508827209472656,-4.2088272094726555,-4.888827209472656,4.2088272094726555,4.888827209472656
Chennai,13.0827,80.2707,2000-09-09,2000-09-17 03:00:00,192,192,195,0.09,0.998,0.09,0.0,4.6000000000000005,4.6000000000000005,0.00762939453125,0.08237060546875,0.99037060546875,0.08237060546875,0.99037060546875
Chennai,13.0827,80.2707,2000-09-09,2000-09-17 09:00:00,198,198,201,0.0,0.18,0.0,0.0,0.9,0.9,0.06103515625,-0.06103515625,0.11896484375,0.06103515625,0.11896484375
Chennai,13.0827,80.2707,2000-09-09,2000-09-17 15:00:00,204,204,207,0.5,0.6,0.3,0.0,2.2,2.2,0.0,0.5,0.6,0.5,0.6
Chennai,13.0827,80.2707,2000-09-09,2000-09-17 21:00:00,210,210,213,1.53,0.466,0.0,0.0,1.53,1.53,0.7758140563964844,0.7541859436035157,-0.30981405639648435,0.7541859436035157,0.30981405639648435
Chennai,13.0827,80.2707,2000-09-09,2000-09-18 03:00:00,216,216,219,0.0,0.86,0.0,0.0,3.9,3.9,0.0,0.0,0.86,0.0,0.86
Chennai,13.0827,80.2707,2000-09-09,2000-09-18 09:00:00,222,222,225,0.35,0.0699999999999999,0.0,0.0,0.35,0.35,0.9822845458984376,-0.6322845458984376,-0.9122845458984377,0.6322845458984376,0.9122845458984377
Chennai,13.0827,80.2707,2000-09-09,2000-09-18 15:00:00,228,228,231,1.17,1.244,1.17,0.0,2.6,2.6,3.1943321228027344,-2.0243321228027344,-1.9503321228027344,2.0243321228027344,1.9503321228027344
Chennai,13.0827,80.2707,2000-09-09,2000-09-18 21:00:00,234,234,237,2.44,1.114,0.8,0.0,2.44,2.44,0.1397132873535156,2.3002867126464843,0.9742867126464845,2.3002867126464843,0.9742867126464845
Chennai,13.0827,80.2707,2000-09-27,2000-09-27 03:00:00,0,0,3,0.0,0.0,0.0,0.0,0.0,0.0,0.6422996520996094,-0.6422996520996094,-0.6422996520996094,0.6422996520996094,0.6422996520996094
Chennai,13.0827,80.2707,2000-09-27,2000-09-27 09:00:00,6,6,9,0.0,0.04,0.0,0.0,0.2,0.2,0.0958442687988281,-0.0958442687988281,-0.055844268798828096,0.0958442687988281,0.055844268798828096
Chennai,13.0827,80.2707,2000-09-27,2000-09-27 15:00:00,12,12,15,0.0,0.0,0.0,0.0,0.0,0.0,0.0624656677246093,-0.0624656677246093,-0.0624656677246093,0.0624656677246093,0.0624656677246093
Chennai,13.0827,80.2707,2000-09-27,2000-09-27 21:00:00,18,18,21,0.24,0.788,0.24,0.0,3.1,3.1,1.590251922607422,-1.350251922607422,-0.8022519226074221,1.350251922607422,0.8022519226074221
Chennai,13.0827,80.2707,2000-09-27,2000-09-28 03:00:00,24,24,27,0.4,0.544,0.06,0.0,2.24,2.24,0.0162124633789062,0.3837875366210938,0.5277875366210938,0.3837875366210938,0.5277875366210938
Chennai,13.0827,80.2707,2000-09-27,2000-09-28 09:00:00,30,30,33,0.01,0.002,0.0,0.0,0.01,0.01,0.0066757202148437,0.0033242797851563005,-0.0046757202148437,0.0033242797851563005,0.0046757202148437
Chennai,13.0827,80.2707,2000-09-27,2000-09-28 15:00:00,36,36,39,0.0,0.0,0.0,0.0,0.0,0.0,0.0028610229492187,-0.0028610229492187,-0.0028610229492187,0.0028610229492187,0.0028610229492187
Chennai,13.0827,80.2707,2000-09-27,2000-09-28 21:00:00,42,42,45,3.4000000000000004,1.63,1.2000000000000002,0.4,3.4000000000000004,3.0000000000000004,1.2140274047851562,2.185972595214844,0.41597259521484364,2.185972595214844,0.41597259521484364
Chennai,13.0827,80.2707,2000-09-27,2000-09-29 03:00:00,48,48,51,0.02,0.044,0.0,0.0,0.2,0.2,0.0457763671875,-0.0257763671875,-0.0017763671875000026,0.0257763671875,0.0017763671875000026
Chennai,13.0827,80.2707,2000-09-27,2000-09-29 09:00:00,54,54,57,0.0,0.028,0.0,0.0,0.1,0.1,0.0557899475097656,-0.0557899475097656,-0.027789947509765597,0.0557899475097656,0.027789947509765597
Chennai,13.0827,80.2707,2000-09-27,2000-09-29 15:00:00,60,60,63,2.16,0.8320000000000001,0.5,0.0,2.16,2.16,3.3512115478515625,-1.1912115478515624,-2.5192115478515626,1.1912115478515624,2.5192115478515626
Chennai,13.0827,80.2707,2000-09-27,2000-09-29 21:00:00,66,66,69,4.67,4.502000000000001,4.67,1.5,6.24,4.74,0.0,4.67,4.502000000000001,4.67,4.502000000000001
Chennai,13.0827,80.2707,2000-09-27,2000-09-30 03:00:00,72,72,75,1.03,1.8080000000000005,1.03,0.0,4.91,4.91,0.0,1.03,1.8080000000000005,1.03,1.8080000000000005
Chennai,13.0827,80.2707,2000-09-27,2000-09-30 09:00:00,78,78,81,1.01,0.202,0.0,0.0,1.01,1.01,8.583545684814453,-7.573545684814453,-8.381545684814453,7.573545684814453,8.381545684814453
Chennai,13.0827,80.2707,2000-09-27,2000-09-30 15:00:00,84,84,87,0.0,0.458,0.0,0.0,1.99,1.99,8.62264633178711,-8.62264633178711,-8.16464633178711,8.62264633178711,8.16464633178711
Chennai,13.0827,80.2707,2000-09-27,2000-09-30 21:00:00,90,90,93,8.75,3.03,2.9000000000000004,0.0,8.75,8.75,0.0033378601074218,8.746662139892578,3.026662139892578,8.746662139892578,3.026662139892578
Chennai,13.0827,80.2707,2000-09-27,2000-10-01 03:00:00,96,96,99,2.4,3.576,2.4,0.0,11.1,11.1,0.0805854797363281,2.319414520263672,3.495414520263672,2.319414520263672,3.495414520263672
Chennai,13.0827,80.2707,2000-09-27,2000-10-01 09:00:00,102,102,105,0.0,1.08,0.0,0.0,4.6000000000000005,4.6000000000000005,0.4591941833496094,-0.4591941833496094,0.6208058166503907,0.4591941833496094,0.6208058166503907
Chennai,13.0827,80.2707,2000-09-27,2000-10-01 15:00:00,108,108,111,0.0,0.13,0.0,0.0,0.37,0.37,0.0934600830078125,-0.0934600830078125,0.036539916992187504,0.0934600830078125,0.036539916992187504
Chennai,13.0827,80.2707,2000-09-27,2000-10-01 21:00:00,114,114,117,0.32,3.216,2.11,0.0,7.35,7.35,0.1540184020996093,0.16598159790039071,3.061981597900391,0.16598159790039071,3.061981597900391
Chennai,13.0827,80.2707,2000-09-27,2000-10-02 03:00:00,120,120,123,2.4000000000000004,2.248,2.4000000000000004,0.0,4.3,4.3,0.0,2.4000000000000004,2.248,2.4000000000000004,2.248
Chennai,13.0827,80.2707,2000-09-27,2000-10-02 09:00:00,126,126,129,1.0,0.56,0.1,0.0,1.6,1.6,0.1506805419921875,0.8493194580078125,0.40931945800781255,0.8493194580078125,0.40931945800781255
Chennai,13.0827,80.2707,2000-09-27,2000-10-02 15:00:00,132,132,135,0.54,0.786,0.5,0.0,2.7,2.7,4.4460296630859375,-3.9060296630859375,-3.6600296630859375,3.9060296630859375,3.6600296630859375
Chennai,13.0827,80.2707,2000-09-27,2000-10-02 21:00:00,138,138,141,3.95,1.6200000000000003,0.94,0.0,3.95,3.95,0.00762939453125,3.94237060546875,1.6123706054687503,3.94237060546875,1.6123706054687503
Chennai,13.0827,80.2707,2000-09-27,2000-10-03 03:00:00,144,144,147,3.87,1.2600000000000002,0.23,0.0,3.87,3.87,0.3976821899414062,3.472317810058594,0.862317810058594,3.472317810058594,0.862317810058594
Chennai,13.0827,80.2707,2000-09-27,2000-10-03 09:00:00,150,150,153,2.39,2.018,0.36,0.0,7.2,7.2,0.2951622009277344,2.0948377990722657,1.7228377990722654,2.0948377990722657,1.7228377990722654
Chennai,13.0827,80.2707,2000-09-27,2000-10-03 15:00:00,156,156,159,17.6,3.95,0.0,0.0,17.6,17.6,0.0715255737304687,17.528474426269533,3.8784744262695314,17.528474426269533,3.8784744262695314
Chennai,13.0827,80.2707,2000-09-27,2000-10-03 21:00:00,162,162,165,0.87,0.494,0.5,0.0,1.1,1.1,0.3256797790527344,0.5443202209472656,0.16832022094726562,0.5443202209472656,0.16832022094726562
Chennai,13.0827,80.2707,2000-09-27,2000-10-04 03:00:00,168,168,171,0.0,0.0,0.0,0.0,0.0,0.0,0.1678466796875,-0.1678466796875,-0.1678466796875,0.1678466796875,0.1678466796875
Chennai,13.0827,80.2707,2000-09-27,2000-10-04 09:00:00,174,174,177,0.02,0.48,0.01,0.0,2.37,2.37,0.1974105834960937,-0.1774105834960937,0.2825894165039063,0.1774105834960937,0.2825894165039063
Chennai,13.0827,80.2707,2000-09-27,2000-10-04 15:00:00,180,180,183,0.0,0.8400000000000001,0.0,0.0,4.0,4.0,0.0066757202148437,-0.0066757202148437,0.8333242797851563,0.0066757202148437,0.8333242797851563
Chennai,13.0827,80.2707,2000-09-27,2000-10-04 21:00:00,186,186,189,6.8500000000000005,1.7040000000000002,0.7000000000000001,0.0,6.8500000000000005,6.8500000000000005,4.477024078369141,2.37297592163086,-2.7730240783691404,2.37297592163086,2.7730240783691404
Chennai,13.0827,80.2707,2000-09-27,2000-10-05 03:00:00,192,192,195,0.0,0.402,0.01,0.0,1.8,1.8,2.151012420654297,-2.151012420654297,-1.7490124206542967,2.151012420654297,1.7490124206542967
Chennai,13.0827,80.2707,2000-09-27,2000-10-05 09:00:00,198,198,201,0.0,0.02,0.0,0.0,0.1,0.1,1.35040283203125,-1.35040283203125,-1.33040283203125,1.35040283203125,1.33040283203125
Chennai,13.0827,80.2707,2000-09-27,2000-10-05 15:00:00,204,204,207,0.0,0.0,0.0,0.0,0.0,0.0,0.0014305114746093,-0.0014305114746093,-0.0014305114746093,0.0014305114746093,0.0014305114746093
Chennai,13.0827,80.2707,2000-09-27,2000-10-05 21:00:00,210,210,213,1.55,0.33,0.0,0.0,1.55,1.55,6.613254547119141,-5.063254547119141,-6.2832545471191406,5.063254547119141,6.2832545471191406
Chennai,13.0827,80.2707,2000-09-27,2000-10-06 03:00:00,216,216,219,0.02,1.128,0.02,0.0,4.72,4.72,0.0147819519042968,0.0052180480957032,1.113218048095703,0.0052180480957032,1.113218048095703
Chennai,13.0827,80.2707,2000-09-27,2000-10-06 09:00:00,222,222,225,3.51,0.702,0.0,0.0,3.51,3.51,0.2291202545166015,3.2808797454833982,0.47287974548339845,3.2808797454833982,0.47287974548339845
Chennai,13.0827,80.2707,2000-09-27,2000-10-06 15:00:00,228,228,231,0.5,0.12,0.0,0.0,0.5,0.5,2.0270347595214844,-1.5270347595214844,-1.9070347595214843,1.5270347595214844,1.9070347595214843
Chennai,13.0827,80.2707,2000-09-27,2000-10-06 21:00:00,234,234,237,2.63,0.546,0.0,0.0,2.63,2.63,0.7700920104980469,1.859907989501953,-0.22409201049804683,1.859907989501953,0.22409201049804683
Chennai,13.0827,80.2707,2000-10-15,2000-10-15 03:00:00,0,0,3,0.0,0.0,0.0,0.0,0.0,0.0,0.0,0.0,0.0,0.0,0.0
Chennai,13.0827,80.2707,2000-10-15,2000-10-15 09:00:00,6,6,9,0.0,0.0,0.0,0.0,0.0,0.0,0.0,0.0,0.0,0.0,0.0
Chennai,13.0827,80.2707,2000-10-15,2000-10-15 15:00:00,12,12,15,0.0,0.0,0.0,0.0,0.0,0.0,0.0,0.0,0.0,0.0,0.0
Chennai,13.0827,80.2707,2000-10-15,2000-10-15 21:00:00,18,18,21,0.0,0.0,0.0,0.0,0.0,0.0,0.0,0.0,0.0,0.0,0.0
Chennai,13.0827,80.2707,2000-10-15,2000-10-16 03:00:00,24,24,27,0.0,0.0,0.0,0.0,0.0,0.0,0.0019073486328125,-0.0019073486328125,-0.0019073486328125,0.0019073486328125,0.0019073486328125
Chennai,13.0827,80.2707,2000-10-15,2000-10-16 09:00:00,30,30,33,0.0,0.456,0.0,0.0,2.08,2.08,0.0128746032714843,-0.0128746032714843,0.4431253967285157,0.0128746032714843,0.4431253967285157
Chennai,13.0827,80.2707,2000-10-15,2000-10-16 15:00:00,36,36,39,0.08,0.102,0.0,0.0,0.43,0.43,0.0,0.08,0.102,0.08,0.102
Chennai,13.0827,80.2707,2000-10-15,2000-10-16 21:00:00,42,42,45,1.16,1.138,0.04,0.0,4.49,4.49,0.0295639038085937,1.1304360961914062,1.1084360961914062,1.1304360961914062,1.1084360961914062
Chennai,13.0827,80.2707,2000-10-15,2000-10-17 03:00:00,48,48,51,0.0,0.0,0.0,0.0,0.0,0.0,0.0224113464355468,-0.0224113464355468,-0.0224113464355468,0.0224113464355468,0.0224113464355468
Chennai,13.0827,80.2707,2000-10-15,2000-10-17 09:00:00,54,54,57,0.0,0.02,0.0,0.0,0.1,0.1,0.0,0.0,0.02,0.0,0.02
Chennai,13.0827,80.2707,2000-10-15,2000-10-17 15:00:00,60,60,63,0.0,0.174,0.0,0.0,0.63,0.63,0.0,0.0,0.174,0.0,0.174
Chennai,13.0827,80.2707,2000-10-15,2000-10-17 21:00:00,66,66,69,0.0,0.042,0.0,0.0,0.2,0.2,0.0,0.0,0.042,0.0,0.042
Chennai,13.0827,80.2707,2000-10-15,2000-10-18 03:00:00,72,72,75,0.0,0.08,0.0,0.0,0.2,0.2,0.0357627868652343,-0.0357627868652343,0.0442372131347657,0.0357627868652343,0.0442372131347657
Chennai,13.0827,80.2707,2000-10-15,2000-10-18 09:00:00,78,78,81,0.0,0.068,0.0,0.0,0.2,0.2,0.0,0.0,0.068,0.0,0.068
Chennai,13.0827,80.2707,2000-10-15,2000-10-18 15:00:00,84,84,87,0.0,0.062,0.0,0.0,0.21,0.21,0.1592636108398437,-0.1592636108398437,-0.0972636108398437,0.1592636108398437,0.0972636108398437
Chennai,13.0827,80.2707,2000-10-15,2000-10-18 21:00:00,90,90,93,0.0,1.986,0.0,0.0,9.8,9.8,2.734661102294922,-2.734661102294922,-0.7486611022949219,2.734661102294922,0.7486611022949219
Chennai,13.0827,80.2707,2000-10-15,2000-10-19 03:00:00,96,96,99,0.0,0.8,0.0,0.0,4.0,4.0,0.1173019409179687,-0.1173019409179687,0.6826980590820313,0.1173019409179687,0.6826980590820313
Chennai,13.0827,80.2707,2000-10-15,2000-10-19 09:00:00,102,102,105,0.0,0.04,0.0,0.0,0.2,0.2,0.2093315124511718,-0.2093315124511718,-0.16933151245117178,0.2093315124511718,0.16933151245117178
Chennai,13.0827,80.2707,2000-10-15,2000-10-19 15:00:00,108,108,111,0.0,0.76,0.0,0.0,3.8,3.8,2.209663391113281,-2.209663391113281,-1.4496633911132808,2.209663391113281,1.4496633911132808
Chennai,13.0827,80.2707,2000-10-15,2000-10-19 21:00:00,114,114,117,0.0,0.0,0.0,0.0,0.0,0.0,0.0028610229492187,-0.0028610229492187,-0.0028610229492187,0.0028610229492187,0.0028610229492187
Chennai,13.0827,80.2707,2000-10-15,2000-10-20 03:00:00,120,120,123,0.0,0.0,0.0,0.0,0.0,0.0,0.0162124633789062,-0.0162124633789062,-0.0162124633789062,0.0162124633789062,0.0162124633789062
Chennai,13.0827,80.2707,2000-10-15,2000-10-20 09:00:00,126,126,129,0.0,0.002,0.0,0.0,0.01,0.01,0.5393028259277344,-0.5393028259277344,-0.5373028259277344,0.5393028259277344,0.5373028259277344
Chennai,13.0827,80.2707,2000-10-15,2000-10-20 15:00:00,132,132,135,0.0,0.118,0.0,0.0,0.3,0.3,1.884937286376953,-1.884937286376953,-1.7669372863769528,1.884937286376953,1.7669372863769528
Chennai,13.0827,80.2707,2000-10-15,2000-10-20 21:00:00,138,138,141,0.0,1.12,0.2,0.0,3.3000000000000003,3.3000000000000003,0.2489089965820312,-0.2489089965820312,0.8710910034179689,0.2489089965820312,0.8710910034179689
Chennai,13.0827,80.2707,2000-10-15,2000-10-21 03:00:00,144,144,147,0.0,0.16,0.0,0.0,0.5,0.5,0.3962516784667969,-0.3962516784667969,-0.23625167846679687,0.3962516784667969,0.23625167846679687
Chennai,13.0827,80.2707,2000-10-15,2000-10-21 09:00:00,150,150,153,0.0,0.1339999999999999,0.0,0.0,0.37,0.37,0.2608299255371094,-0.2608299255371094,-0.12682992553710948,0.2608299255371094,0.12682992553710948
Chennai,13.0827,80.2707,2000-10-15,2000-10-21 15:00:00,156,156,159,0.2,1.42,0.2,0.0,3.8,3.8,0.2593994140625,-0.05939941406249999,1.1606005859375,0.05939941406249999,1.1606005859375
Chennai,13.0827,80.2707,2000-10-15,2000-10-21 21:00:00,162,162,165,0.1,0.02,0.0,0.0,0.1,0.1,2.643108367919922,-2.543108367919922,-2.623108367919922,2.543108367919922,2.623108367919922
Chennai,13.0827,80.2707,2000-10-15,2000-10-22 03:00:00,168,168,171,0.0,0.0,0.0,0.0,0.0,0.0,0.0166893005371093,-0.0166893005371093,-0.0166893005371093,0.0166893005371093,0.0166893005371093
Chennai,13.0827,80.2707,2000-10-15,2000-10-22 09:00:00,174,174,177,0.0,0.7,0.0,0.0,3.5,3.5,1.1396408081054688,-1.1396408081054688,-0.4396408081054688,1.1396408081054688,0.4396408081054688
Chennai,13.0827,80.2707,2000-10-15,2000-10-22 15:00:00,180,180,183,0.09,1.144,0.0,0.0,5.63,5.63,0.1440048217773437,-0.0540048217773437,0.9999951782226562,0.0540048217773437,0.9999951782226562
Chennai,13.0827,80.2707,2000-10-15,2000-10-22 21:00:00,186,186,189,0.03,1.306,0.0,0.0,6.5,6.5,0.0023841857910156,0.027615814208984398,1.3036158142089844,0.027615814208984398,1.3036158142089844
Chennai,13.0827,80.2707,2000-10-15,2000-10-23 03:00:00,192,192,195,0.0,0.0,0.0,0.0,0.0,0.0,0.0,0.0,0.0,0.0,0.0
Chennai,13.0827,80.2707,2000-10-15,2000-10-23 09:00:00,198,198,201,0.0,0.08,0.0,0.0,0.4,0.4,0.0143051147460937,-0.0143051147460937,0.06569488525390631,0.0143051147460937,0.06569488525390631
Chennai,13.0827,80.2707,2000-10-15,2000-10-23 15:00:00,204,204,207,0.0,0.18,0.0,0.0,0.9,0.9,0.0,0.0,0.18,0.0,0.18
Chennai,13.0827,80.2707,2000-10-15,2000-10-23 21:00:00,210,210,213,0.0,0.16,0.0,0.0,0.8,0.8,0.0014305114746093,-0.0014305114746093,0.1585694885253907,0.0014305114746093,0.1585694885253907
Chennai,13.0827,80.2707,2000-10-15,2000-10-24 03:00:00,216,216,219,0.0,0.0,0.0,0.0,0.0,0.0,0.05340576171875,-0.05340576171875,-0.05340576171875,0.05340576171875,0.05340576171875
Chennai,13.0827,80.2707,2000-10-15,2000-10-24 09:00:00,222,222,225,0.0,0.0,0.0,0.0,0.0,0.0,0.0,0.0,0.0,0.0,0.0
Chennai,13.0827,80.2707,2000-10-15,2000-10-24 15:00:00,228,228,231,0.0,0.0,0.0,0.0,0.0,0.0,0.0,0.0,0.0,0.0,0.0
Chennai,13.0827,80.2707,2000-10-15,2000-10-24 21:00:00,234,234,237,0.0,0.0,0.0,0.0,0.0,0.0,0.0,0.0,0.0,0.0,0.0
Chennai,13.0827,80.2707,2000-11-02,2000-11-02 03:00:00,0,0,3,5.1000000000000005,5.1000000000000005,5.1000000000000005,5.1000000000000005,5.1000000000000005,0.0,0.4191398620605469,4.680860137939454,4.680860137939454,4.680860137939454,4.680860137939454
Chennai,13.0827,80.2707,2000-11-02,2000-11-02 09:00:00,6,6,9,0.0,0.08,0.0,0.0,0.4,0.4,0.2074241638183593,-0.2074241638183593,-0.1274241638183593,0.2074241638183593,0.1274241638183593
Chennai,13.0827,80.2707,2000-11-02,2000-11-02 15:00:00,12,12,15,0.0,0.26,0.0,0.0,1.3,1.3,0.026702880859375,-0.026702880859375,0.233297119140625,0.026702880859375,0.233297119140625
Chennai,13.0827,80.2707,2000-11-02,2000-11-02 21:00:00,18,18,21,0.0,0.02,0.0,0.0,0.1,0.1,0.225067138671875,-0.225067138671875,-0.205067138671875,0.225067138671875,0.205067138671875
Chennai,13.0827,80.2707,2000-11-02,2000-11-03 03:00:00,24,24,27,0.0,0.576,0.0,0.0,2.48,2.48,0.0967979431152343,-0.0967979431152343,0.47920205688476564,0.0967979431152343,0.47920205688476564
Chennai,13.0827,80.2707,2000-11-02,2000-11-03 09:00:00,30,30,33,0.06,0.068,0.08,0.0,0.1,0.1,0.1902580261230468,-0.1302580261230468,-0.12225802612304679,0.1302580261230468,0.12225802612304679
Chennai,13.0827,80.2707,2000-11-02,2000-11-03 15:00:00,36,36,39,0.0,0.0,0.0,0.0,0.0,0.0,0.1482963562011718,-0.1482963562011718,-0.1482963562011718,0.1482963562011718,0.1482963562011718
Chennai,13.0827,80.2707,2000-11-02,2000-11-03 21:00:00,42,42,45,0.3,0.52,0.3,0.0,1.4,1.4,0.1082420349121093,0.19175796508789067,0.4117579650878907,0.19175796508789067,0.4117579650878907
Chennai,13.0827,80.2707,2000-11-02,2000-11-04 03:00:00,48,48,51,0.1,0.386,0.2,0.0,0.8300000000000001,0.8300000000000001,0.5517005920410156,-0.45170059204101565,-0.16570059204101562,0.45170059204101565,0.16570059204101562
Chennai,13.0827,80.2707,2000-11-02,2000-11-04 09:00:00,54,54,57,0.0,0.1,0.0,0.0,0.4,0.4,1.270771026611328,-1.270771026611328,-1.1707710266113278,1.270771026611328,1.1707710266113278
Chennai,13.0827,80.2707,2000-11-02,2000-11-04 15:00:00,60,60,63,0.8,0.402,0.5,0.0,0.8,0.8,0.1125335693359375,0.6874664306640625,0.2894664306640625,0.6874664306640625,0.2894664306640625
Chennai,13.0827,80.2707,2000-11-02,2000-11-04 21:00:00,66,66,69,1.5,0.6839999999999999,0.5,0.02,1.5,1.48,0.00762939453125,1.49237060546875,0.6763706054687499,1.49237060546875,0.6763706054687499
Chennai,13.0827,80.2707,2000-11-02,2000-11-05 03:00:00,72,72,75,0.0,0.16,0.1,0.0,0.6000000000000001,0.6000000000000001,0.1397132873535156,-0.1397132873535156,0.020286712646484406,0.1397132873535156,0.020286712646484406
Chennai,13.0827,80.2707,2000-11-02,2000-11-05 09:00:00,78,78,81,0.0,0.094,0.0,0.0,0.47,0.47,0.0486373901367187,-0.0486373901367187,0.0453626098632813,0.0486373901367187,0.0453626098632813
Chennai,13.0827,80.2707,2000-11-02,2000-11-05 15:00:00,84,84,87,0.13,0.206,0.0,0.0,0.9,0.9,0.0,0.13,0.206,0.13,0.206
Chennai,13.0827,80.2707,2000-11-02,2000-11-05 21:00:00,90,90,93,0.99,0.244,0.1,0.0,0.99,0.99,0.0004768371582031,0.9895231628417969,0.2435231628417969,0.9895231628417969,0.2435231628417969
Chennai,13.0827,80.2707,2000-11-02,2000-11-06 03:00:00,96,96,99,0.01,0.002,0.0,0.0,0.01,0.01,0.0443458557128906,-0.034345855712890595,-0.042345855712890595,0.034345855712890595,0.042345855712890595
Chennai,13.0827,80.2707,2000-11-02,2000-11-06 09:00:00,102,102,105,0.0,0.16,0.0,0.0,0.8,0.8,0.0090599060058593,-0.0090599060058593,0.1509400939941407,0.0090599060058593,0.1509400939941407
Chennai,13.0827,80.2707,2000-11-02,2000-11-06 15:00:00,108,108,111,0.0,0.16,0.0,0.0,0.8,0.8,0.0009536743164062,-0.0009536743164062,0.1590463256835938,0.0009536743164062,0.1590463256835938
Chennai,13.0827,80.2707,2000-11-02,2000-11-06 21:00:00,114,114,117,0.01,0.4019999999999999,0.0,0.0,2.0,2.0,0.0171661376953125,-0.0071661376953125,0.3848338623046874,0.0071661376953125,0.3848338623046874
Chennai,13.0827,80.2707,2000-11-02,2000-11-07 03:00:00,120,120,123,0.02,0.324,0.02,0.0,1.5,1.5,0.1430511474609375,-0.1230511474609375,0.1809488525390625,0.1230511474609375,0.1809488525390625
Chennai,13.0827,80.2707,2000-11-02,2000-11-07 09:00:00,126,126,129,0.0,0.0,0.0,0.0,0.0,0.0,0.0195503234863281,-0.0195503234863281,-0.0195503234863281,0.0195503234863281,0.0195503234863281
Chennai,13.0827,80.2707,2000-11-02,2000-11-07 15:00:00,132,132,135,0.0,0.12,0.0,0.0,0.6000000000000001,0.6000000000000001,0.0,0.0,0.12,0.0,0.12
Chennai,13.0827,80.2707,2000-11-02,2000-11-07 21:00:00,138,138,141,0.0,0.386,0.3,0.0,1.3,1.3,0.0233650207519531,-0.0233650207519531,0.3626349792480469,0.0233650207519531,0.3626349792480469
Chennai,13.0827,80.2707,2000-11-02,2000-11-08 03:00:00,144,144,147,0.03,1.466,0.5,0.03,6.2,6.17,0.1802444458007812,-0.1502444458007812,1.2857555541992187,0.1502444458007812,1.2857555541992187
Chennai,13.0827,80.2707,2000-11-02,2000-11-08 09:00:00,150,150,153,0.0,0.91,0.1,0.0,2.95,2.95,0.0004768371582031,-0.0004768371582031,0.9095231628417969,0.0004768371582031,0.9095231628417969
Chennai,13.0827,80.2707,2000-11-02,2000-11-08 15:00:00,156,156,159,0.09,0.158,0.1,0.0,0.5,0.5,0.0014305114746093,0.08856948852539069,0.1565694885253907,0.08856948852539069,0.1565694885253907
Chennai,13.0827,80.2707,2000-11-02,2000-11-08 21:00:00,162,162,165,0.03,0.5860000000000001,0.0,0.0,2.9000000000000004,2.9000000000000004,0.0653266906738281,-0.0353266906738281,0.520673309326172,0.0353266906738281,0.520673309326172
Chennai,13.0827,80.2707,2000-11-02,2000-11-09 03:00:00,168,168,171,0.0,1.6,0.6000000000000001,0.0,4.800000000000001,4.800000000000001,0.1745223999023437,-0.1745223999023437,1.4254776000976563,0.1745223999023437,1.4254776000976563
Chennai,13.0827,80.2707,2000-11-02,2000-11-09 09:00:00,174,174,177,0.0,1.6800000000000002,0.4,0.0,4.2,4.2,0.125885009765625,-0.125885009765625,1.5541149902343752,0.125885009765625,1.5541149902343752
Chennai,13.0827,80.2707,2000-11-02,2000-11-09 15:00:00,180,180,183,0.02,0.8640000000000001,0.8,0.0,2.3000000000000003,2.3000000000000003,0.1325607299804687,-0.11256072998046869,0.7314392700195314,0.11256072998046869,0.7314392700195314
Chennai,13.0827,80.2707,2000-11-02,2000-11-09 21:00:00,186,186,189,0.03,0.206,0.03,0.0,0.5,0.5,0.640869140625,-0.610869140625,-0.43486914062500004,0.610869140625,0.43486914062500004
Chennai,13.0827,80.2707,2000-11-02,2000-11-10 03:00:00,192,192,195,0.1,0.6000000000000001,0.1,0.0,2.8000000000000003,2.8000000000000003,0.0901222229003906,0.009877777099609408,0.5098777770996095,0.009877777099609408,0.5098777770996095
Chennai,13.0827,80.2707,2000-11-02,2000-11-10 09:00:00,198,198,201,0.0,0.24,0.0,0.0,0.7000000000000001,0.7000000000000001,0.0162124633789062,-0.0162124633789062,0.2237875366210938,0.0162124633789062,0.2237875366210938
Chennai,13.0827,80.2707,2000-11-02,2000-11-10 15:00:00,204,204,207,0.11,0.6559999999999999,0.11,0.0,2.77,2.77,0.0238418579101562,0.08615814208984379,0.6321581420898437,0.08615814208984379,0.6321581420898437
Chennai,13.0827,80.2707,2000-11-02,2000-11-10 21:00:00,210,210,213,0.47,0.434,0.47,0.0,1.0,1.0,0.1807212829589843,0.2892787170410157,0.2532787170410157,0.2892787170410157,0.2532787170410157
Chennai,13.0827,80.2707,2000-11-02,2000-11-11 03:00:00,216,216,219,0.6000000000000001,0.2,0.1,0.0,0.6000000000000001,0.6000000000000001,0.5450248718261719,0.054975128173828214,-0.34502487182617186,0.054975128173828214,0.34502487182617186
Chennai,13.0827,80.2707,2000-11-02,2000-11-11 09:00:00,222,222,225,0.74,0.148,0.0,0.0,0.74,0.74,1.0929107666015625,-0.3529107666015625,-0.9449107666015625,0.3529107666015625,0.9449107666015625
Chennai,13.0827,80.2707,2000-11-02,2000-11-11 15:00:00,228,228,231,0.04,0.052,0.02,0.0,0.2,0.2,0.3385543823242187,-0.2985543823242187,-0.2865543823242187,0.2985543823242187,0.2865543823242187
Chennai,13.0827,80.2707,2000-11-02,2000-11-11 21:00:00,234,234,237,0.3,0.32,0.0,0.0,1.3,1.3,0.1835823059082031,0.11641769409179689,0.1364176940917969,0.11641769409179689,0.1364176940917969
Chennai,13.0827,80.2707,2000-11-20,2000-11-20 03:00:00,0,0,3,0.0,0.0,0.0,0.0,0.0,0.0,0.0,0.0,0.0,0.0,0.0
Chennai,13.0827,80.2707,2000-11-20,2000-11-20 09:00:00,6,6,9,0.0,0.0,0.0,0.0,0.0,0.0,0.0004768371582031,-0.0004768371582031,-0.0004768371582031,0.0004768371582031,0.0004768371582031
Chennai,13.0827,80.2707,2000-11-20,2000-11-20 15:00:00,12,12,15,0.0,0.0,0.0,0.0,0.0,0.0,0.0667572021484375,-0.0667572021484375,-0.0667572021484375,0.0667572021484375,0.0667572021484375
Chennai,13.0827,80.2707,2000-11-20,2000-11-20 21:00:00,18,18,21,0.5,0.8,0.7000000000000001,0.5,1.2000000000000002,0.7000000000000002,1.007080078125,-0.507080078125,-0.20708007812499996,0.507080078125,0.20708007812499996
Chennai,13.0827,80.2707,2000-11-20,2000-11-21 03:00:00,24,24,27,1.2000000000000002,1.334,1.2000000000000002,0.9,2.2,1.3000000000000005,0.2870559692382812,0.9129440307617189,1.0469440307617188,0.9129440307617189,1.0469440307617188
Chennai,13.0827,80.2707,2000-11-20,2000-11-21 09:00:00,30,30,33,0.0,0.156,0.06,0.0,0.4,0.4,0.4172325134277344,-0.4172325134277344,-0.26123251342773435,0.4172325134277344,0.26123251342773435
Chennai,13.0827,80.2707,2000-11-20,2000-11-21 15:00:00,36,36,39,0.14,0.8940000000000001,0.4,0.14,2.2,2.06,0.0514984130859375,0.08850158691406251,0.8425015869140626,0.08850158691406251,0.8425015869140626
Chennai,13.0827,80.2707,2000-11-20,2000-11-21 21:00:00,42,42,45,0.5,0.98,0.5,0.3,2.2,1.9,0.2889633178710937,0.2110366821289063,0.6910366821289062,0.2110366821289063,0.6910366821289062
Chennai,13.0827,80.2707,2000-11-20,2000-11-22 03:00:00,48,48,51,0.9,1.148,0.9,0.4,2.63,2.23,0.9589195251464844,-0.05891952514648435,0.18908047485351553,0.05891952514648435,0.18908047485351553
Chennai,13.0827,80.2707,2000-11-20,2000-11-22 09:00:00,54,54,57,0.14,1.2739999999999998,0.14,0.02,3.8,3.78,1.109600067138672,-0.9696000671386721,0.1643999328613277,0.9696000671386721,0.1643999328613277
Chennai,13.0827,80.2707,2000-11-20,2000-11-22 15:00:00,60,60,63,0.2,0.8480000000000001,1.1,0.0,1.7000000000000002,1.7000000000000002,1.0838508605957031,-0.8838508605957032,-0.23585086059570304,0.8838508605957032,0.23585086059570304
Chennai,13.0827,80.2707,2000-11-20,2000-11-22 21:00:00,66,66,69,0.15,1.35,0.5,0.0,3.4000000000000004,3.4000000000000004,1.2516975402832031,-1.1016975402832032,0.09830245971679696,1.1016975402832032,0.09830245971679696
Chennai,13.0827,80.2707,2000-11-20,2000-11-23 03:00:00,72,72,75,0.6000000000000001,2.24,1.2000000000000002,0.0,5.300000000000001,5.300000000000001,0.3132820129394531,0.28671798706054696,1.926717987060547,0.28671798706054696,1.926717987060547
Chennai,13.0827,80.2707,2000-11-20,2000-11-23 09:00:00,78,78,81,4.24,3.828,4.24,0.04,9.1,9.06,0.8292198181152344,3.410780181884766,2.9987801818847655,3.410780181884766,2.9987801818847655
Chennai,13.0827,80.2707,2000-11-20,2000-11-23 15:00:00,84,84,87,1.68,4.862,1.68,0.02,18.4,18.38,0.1926422119140625,1.4873577880859374,4.669357788085938,1.4873577880859374,4.669357788085938
Chennai,13.0827,80.2707,2000-11-20,2000-11-23 21:00:00,90,90,93,5.7700000000000005,3.4940000000000007,3.6,0.1,6.800000000000001,6.700000000000001,0.6861686706542969,5.083831329345704,2.807831329345704,5.083831329345704,2.807831329345704
Chennai,13.0827,80.2707,2000-11-20,2000-11-24 03:00:00,96,96,99,2.5,3.3,3.3000000000000003,2.5,4.3,1.7999999999999998,0.0720024108886718,2.427997589111328,3.227997589111328,2.427997589111328,3.227997589111328
Chennai,13.0827,80.2707,2000-11-20,2000-11-24 09:00:00,102,102,105,5.49,1.942,1.5,0.04,5.49,5.45,0.0834465026855468,5.406553497314453,1.858553497314453,5.406553497314453,1.858553497314453
Chennai,13.0827,80.2707,2000-11-20,2000-11-24 15:00:00,108,108,111,4.0600000000000005,2.2960000000000003,1.7000000000000002,0.7000000000000001,4.0600000000000005,3.3600000000000003,0.0,4.0600000000000005,2.2960000000000003,4.0600000000000005,2.2960000000000003
Chennai,13.0827,80.2707,2000-11-20,2000-11-24 21:00:00,114,114,117,4.0,3.688,4.0,0.1,6.74,6.640000000000001,0.0,4.0,3.688,4.0,3.688
Chennai,13.0827,80.2707,2000-11-20,2000-11-25 03:00:00,120,120,123,5.3100000000000005,2.6580000000000004,2.23,0.1,5.3100000000000005,5.210000000000001,0.0472068786621093,5.262793121337891,2.610793121337891,5.262793121337891,2.610793121337891
Chennai,13.0827,80.2707,2000-11-20,2000-11-25 09:00:00,126,126,129,3.66,0.858,0.23,0.0,3.66,3.66,0.0,3.66,0.858,3.66,0.858
Chennai,13.0827,80.2707,2000-11-20,2000-11-25 15:00:00,132,132,135,1.93,0.4639999999999999,0.1,0.0,1.93,1.93,0.0,1.93,0.4639999999999999,1.93,0.4639999999999999
Chennai,13.0827,80.2707,2000-11-20,2000-11-25 21:00:00,138,138,141,3.2,0.656,0.01,0.0,3.2,3.2,0.0,3.2,0.656,3.2,0.656
Chennai,13.0827,80.2707,2000-11-20,2000-11-26 03:00:00,144,144,147,3.4000000000000004,0.7200000000000001,0.0,0.0,3.4000000000000004,3.4000000000000004,0.0,3.4000000000000004,0.7200000000000001,3.4000000000000004,0.7200000000000001
Chennai,13.0827,80.2707,2000-11-20,2000-11-26 09:00:00,150,150,153,7.0,1.54,0.0,0.0,7.0,7.0,0.0,7.0,1.54,7.0,1.54
Chennai,13.0827,80.2707,2000-11-20,2000-11-26 15:00:00,156,156,159,5.300000000000001,1.6200000000000003,0.0,0.0,5.300000000000001,5.300000000000001,0.0,5.300000000000001,1.6200000000000003,5.300000000000001,1.6200000000000003
Chennai,13.0827,80.2707,2000-11-20,2000-11-26 21:00:00,162,162,165,6.4,1.664,0.02,0.0,6.4,6.4,0.0,6.4,1.664,6.4,1.664
Chennai,13.0827,80.2707,2000-11-20,2000-11-27 03:00:00,168,168,171,0.0,1.842,0.0,0.0,9.2,9.2,0.0,0.0,1.842,0.0,1.842
Chennai,13.0827,80.2707,2000-11-20,2000-11-27 09:00:00,174,174,177,0.17,3.604000000000001,0.0,0.0,17.85,17.85,0.0,0.17,3.604000000000001,0.17,3.604000000000001
Chennai,13.0827,80.2707,2000-11-20,2000-11-27 15:00:00,180,180,183,1.86,12.5,0.1,0.0,60.54,60.54,0.0009536743164062,1.8590463256835938,12.499046325683594,1.8590463256835938,12.499046325683594
Chennai,13.0827,80.2707,2000-11-20,2000-11-27 21:00:00,186,186,189,0.28,3.74,0.2,0.0,18.2,18.2,0.0,0.28,3.74,0.28,3.74
Chennai,13.0827,80.2707,2000-11-20,2000-11-28 03:00:00,192,192,195,0.5,2.4400000000000004,0.5,0.0,10.8,10.8,0.0185966491699218,0.4814033508300782,2.4214033508300785,0.4814033508300782,2.4214033508300785
Chennai,13.0827,80.2707,2000-11-20,2000-11-28 09:00:00,198,198,201,0.15,3.01,0.15,0.0,14.1,14.1,3.8809776306152335,-3.7309776306152336,-0.8709776306152337,3.7309776306152336,0.8709776306152337
Chennai,13.0827,80.2707,2000-11-20,2000-11-28 15:00:00,204,204,207,0.48,1.7160000000000004,0.48,0.0,5.800000000000001,5.800000000000001,3.694534301757813,-3.214534301757813,-1.9785343017578125,3.214534301757813,1.9785343017578125
Chennai,13.0827,80.2707,2000-11-20,2000-11-28 21:00:00,210,210,213,0.54,1.1880000000000002,0.7000000000000001,0.0,3.0,3.0,5.621433258056641,-5.081433258056641,-4.43343325805664,5.081433258056641,4.43343325805664
Chennai,13.0827,80.2707,2000-11-20,2000-11-29 03:00:00,216,216,219,0.3,0.52,0.3,0.0,1.6,1.6,2.2382736206054688,-1.9382736206054687,-1.7182736206054687,1.9382736206054687,1.7182736206054687
Chennai,13.0827,80.2707,2000-11-20,2000-11-29 09:00:00,222,222,225,0.0,1.182,0.0,0.0,5.3100000000000005,5.3100000000000005,1.3666152954101562,-1.3666152954101562,-0.1846152954101563,1.3666152954101562,0.1846152954101563
Chennai,13.0827,80.2707,2000-11-20,2000-11-29 15:00:00,228,228,231,0.0,1.38,0.4,0.0,3.9,3.9,2.9001235961914062,-2.9001235961914062,-1.5201235961914064,2.9001235961914062,1.5201235961914064
Chennai,13.0827,80.2707,2000-11-20,2000-11-29 21:00:00,234,234,237,0.9,1.4600000000000002,0.9,0.0,3.5,3.5,5.3348541259765625,-4.434854125976562,-3.8748541259765625,4.434854125976562,3.8748541259765625
Chennai,13.0827,80.2707,2000-12-08,2000-12-08 03:00:00,0,0,3,0.0,0.0,0.0,0.0,0.0,0.0,0.0023841857910156,-0.0023841857910156,-0.0023841857910156,0.0023841857910156,0.0023841857910156
Chennai,13.0827,80.2707,2000-12-08,2000-12-08 09:00:00,6,6,9,0.01,0.002,0.0,0.0,0.01,0.01,0.0,0.01,0.002,0.01,0.002
Chennai,13.0827,80.2707,2000-12-08,2000-12-08 15:00:00,12,12,15,0.0,0.0,0.0,0.0,0.0,0.0,0.0,0.0,0.0,0.0,0.0
Chennai,13.0827,80.2707,2000-12-08,2000-12-08 21:00:00,18,18,21,0.0,0.0,0.0,0.0,0.0,0.0,0.0,0.0,0.0,0.0,0.0
Chennai,13.0827,80.2707,2000-12-08,2000-12-09 03:00:00,24,24,27,0.0,0.0,0.0,0.0,0.0,0.0,0.0,0.0,0.0,0.0,0.0
Chennai,13.0827,80.2707,2000-12-08,2000-12-09 09:00:00,30,30,33,0.0,0.0,0.0,0.0,0.0,0.0,0.0,0.0,0.0,0.0,0.0
Chennai,13.0827,80.2707,2000-12-08,2000-12-09 15:00:00,36,36,39,0.0,0.0,0.0,0.0,0.0,0.0,0.0,0.0,0.0,0.0,0.0
Chennai,13.0827,80.2707,2000-12-08,2000-12-09 21:00:00,42,42,45,0.0,0.0,0.0,0.0,0.0,0.0,0.0,0.0,0.0,0.0,0.0
Chennai,13.0827,80.2707,2000-12-08,2000-12-10 03:00:00,48,48,51,0.0,0.0,0.0,0.0,0.0,0.0,0.0009536743164062,-0.0009536743164062,-0.0009536743164062,0.0009536743164062,0.0009536743164062
Chennai,13.0827,80.2707,2000-12-08,2000-12-10 09:00:00,54,54,57,0.0,0.0,0.0,0.0,0.0,0.0,0.0,0.0,0.0,0.0,0.0
Chennai,13.0827,80.2707,2000-12-08,2000-12-10 15:00:00,60,60,63,0.0,0.0,0.0,0.0,0.0,0.0,0.0,0.0,0.0,0.0,0.0
Chennai,13.0827,80.2707,2000-12-08,2000-12-10 21:00:00,66,66,69,0.0,0.0,0.0,0.0,0.0,0.0,0.0,0.0,0.0,0.0,0.0
Chennai,13.0827,80.2707,2000-12-08,2000-12-11 03:00:00,72,72,75,0.0,0.0,0.0,0.0,0.0,0.0,0.0,0.0,0.0,0.0,0.0
Chennai,13.0827,80.2707,2000-12-08,2000-12-11 09:00:00,78,78,81,0.0,0.0,0.0,0.0,0.0,0.0,0.0,0.0,0.0,0.0,0.0
Chennai,13.0827,80.2707,2000-12-08,2000-12-11 15:00:00,84,84,87,0.0,0.0,0.0,0.0,0.0,0.0,0.0,0.0,0.0,0.0,0.0
Chennai,13.0827,80.2707,2000-12-08,2000-12-11 21:00:00,90,90,93,0.0,0.0,0.0,0.0,0.0,0.0,0.0,0.0,0.0,0.0,0.0
Chennai,13.0827,80.2707,2000-12-08,2000-12-12 03:00:00,96,96,99,0.0,0.0,0.0,0.0,0.0,0.0,0.0,0.0,0.0,0.0,0.0
Chennai,13.0827,80.2707,2000-12-08,2000-12-12 09:00:00,102,102,105,0.0,0.0,0.0,0.0,0.0,0.0,0.0,0.0,0.0,0.0,0.0
Chennai,13.0827,80.2707,2000-12-08,2000-12-12 15:00:00,108,108,111,0.0,0.0,0.0,0.0,0.0,0.0,0.0,0.0,0.0,0.0,0.0
Chennai,13.0827,80.2707,2000-12-08,2000-12-12 21:00:00,114,114,117,0.0,0.0,0.0,0.0,0.0,0.0,0.0,0.0,0.0,0.0,0.0
Chennai,13.0827,80.2707,2000-12-08,2000-12-13 03:00:00,120,120,123,0.0,0.0,0.0,0.0,0.0,0.0,0.0,0.0,0.0,0.0,0.0
Chennai,13.0827,80.2707,2000-12-08,2000-12-13 09:00:00,126,126,129,0.0,0.0,0.0,0.0,0.0,0.0,0.0,0.0,0.0,0.0,0.0
Chennai,13.0827,80.2707,2000-12-08,2000-12-13 15:00:00,132,132,135,0.0,0.0,0.0,0.0,0.0,0.0,0.0,0.0,0.0,0.0,0.0
Chennai,13.0827,80.2707,2000-12-08,2000-12-13 21:00:00,138,138,141,0.0,0.0,0.0,0.0,0.0,0.0,0.0,0.0,0.0,0.0,0.0
Chennai,13.0827,80.2707,2000-12-08,2000-12-14 03:00:00,144,144,147,0.0,0.0,0.0,0.0,0.0,0.0,0.0,0.0,0.0,0.0,0.0
Chennai,13.0827,80.2707,2000-12-08,2000-12-14 09:00:00,150,150,153,0.0,0.0,0.0,0.0,0.0,0.0,0.0,0.0,0.0,0.0,0.0
Chennai,13.0827,80.2707,2000-12-08,2000-12-14 15:00:00,156,156,159,0.0,0.0,0.0,0.0,0.0,0.0,0.0,0.0,0.0,0.0,0.0
Chennai,13.0827,80.2707,2000-12-08,2000-12-14 21:00:00,162,162,165,0.0,0.0,0.0,0.0,0.0,0.0,0.0,0.0,0.0,0.0,0.0
Chennai,13.0827,80.2707,2000-12-08,2000-12-15 03:00:00,168,168,171,0.0,0.0,0.0,0.0,0.0,0.0,0.0,0.0,0.0,0.0,0.0
Chennai,13.0827,80.2707,2000-12-08,2000-12-15 09:00:00,174,174,177,0.0,0.0,0.0,0.0,0.0,0.0,0.0,0.0,0.0,0.0,0.0
Chennai,13.0827,80.2707,2000-12-08,2000-12-15 15:00:00,180,180,183,0.0,0.0,0.0,0.0,0.0,0.0,0.0,0.0,0.0,0.0,0.0
Chennai,13.0827,80.2707,2000-12-08,2000-12-15 21:00:00,186,186,189,0.0,0.0,0.0,0.0,0.0,0.0,0.0,0.0,0.0,0.0,0.0
Chennai,13.0827,80.2707,2000-12-08,2000-12-16 03:00:00,192,192,195,0.0,0.0,0.0,0.0,0.0,0.0,0.0,0.0,0.0,0.0,0.0
Chennai,13.0827,80.2707,2000-12-08,2000-12-16 09:00:00,198,198,201,0.0,0.0,0.0,0.0,0.0,0.0,0.0,0.0,0.0,0.0,0.0
Chennai,13.0827,80.2707,2000-12-08,2000-12-16 15:00:00,204,204,207,0.0,0.0,0.0,0.0,0.0,0.0,0.0,0.0,0.0,0.0,0.0
Chennai,13.0827,80.2707,2000-12-08,2000-12-16 21:00:00,210,210,213,0.0,0.002,0.0,0.0,0.01,0.01,0.0,0.0,0.002,0.0,0.002
Chennai,13.0827,80.2707,2000-12-08,2000-12-17 03:00:00,216,216,219,0.0,0.0,0.0,0.0,0.0,0.0,0.0,0.0,0.0,0.0,0.0
Chennai,13.0827,80.2707,2000-12-08,2000-12-17 09:00:00,222,222,225,0.0,0.002,0.0,0.0,0.01,0.01,0.0,0.0,0.002,0.0,0.002
Chennai,13.0827,80.2707,2000-12-08,2000-12-17 15:00:00,228,228,231,0.0,0.0,0.0,0.0,0.0,0.0,0.0,0.0,0.0,0.0,0.0
Chennai,13.0827,80.2707,2000-12-08,2000-12-17 21:00:00,234,234,237,0.0,0.0,0.0,0.0,0.0,0.0,0.0,0.0,0.0,0.0,0.0
